source name	characteristics[organism]	characteristics[organism part]	characteristics[cell type]	characteristics[disease]	characteristics[age]	characteristics[sex]	characteristics[biological replicate]	characteristics[material type]	characteristics[sample type]	characteristics[enrichment process]	characteristics[crosslink distance]	characteristics[crosslinking reaction time]	characteristics[crosslinking temperature]	assay name	technology type	comment[data file]	comment[technical replicate]	comment[fraction identifier]	comment[label]	comment[instrument]	comment[proteomics data acquisition method]	comment[cleavage agent details]	comment[cleavage agent details]	comment[modification parameters]	comment[modification parameters]	comment[dissociation method]	comment[collision energy]	comment[precursor mass tolerance]	comment[fragment mass tolerance]	comment[fractionation method]	comment[chemical cross-linking coupled with ms]	comment[cross-linker]	comment[crosslink enrichment method]	comment[crosslinker concentration]	comment[quenching reagent]	comment[reduction reagent]	comment[alkylation reagent]	comment[sdrf version]	comment[sdrf template]	comment[sdrf template]	comment[sdrf template]
PXD014067-sample	homo sapiens	not applicable	not applicable	not applicable	not available	not applicable	1	synthetic	reference	not available	not available	not available	not available	BBM_051_P020_09_HEK_001	proteomic profiling by mass spectrometry	BBM_051_P020_09_HEK_001.raw	1	1	AC=MS:1002038;NT=label free sample	NT=Q Exactive HF;AC=MS:1002523	NT=Data-dependent acquisition;AC=PRIDE:0000449	NT=Trypsin;AC=MS:1001251	NT=Lys-C;AC=MS:1001309	NT=Carbamidomethyl;AC=UNIMOD:4;TA=C;MT=Fixed	NT=Oxidation;AC=UNIMOD:35;TA=M;MT=Variable	NT=HCD;AC=PRIDE:0000590	not available	not available	not available	not available	cross-linking mass spectrometry	NT=unknown crosslinker;AC=XLMOD:00000	not available	not available	not available	not available	not available	v1.1.0	NT=ms-proteomics;VV=v1.1.0	NT=crosslinking;VV=v1.0.0	NT=human;VV=v1.1.0
PXD014067-sample	homo sapiens	not applicable	not applicable	not applicable	not available	not applicable	1	synthetic	reference	not available	not available	not available	not available	BBM_051_P020_09_HEK_002	proteomic profiling by mass spectrometry	BBM_051_P020_09_HEK_002.raw	1	2	AC=MS:1002038;NT=label free sample	NT=Q Exactive HF;AC=MS:1002523	NT=Data-dependent acquisition;AC=PRIDE:0000449	NT=Trypsin;AC=MS:1001251	NT=Lys-C;AC=MS:1001309	NT=Carbamidomethyl;AC=UNIMOD:4;TA=C;MT=Fixed	NT=Oxidation;AC=UNIMOD:35;TA=M;MT=Variable	NT=HCD;AC=PRIDE:0000590	not available	not available	not available	not available	cross-linking mass spectrometry	NT=unknown crosslinker;AC=XLMOD:00000	not available	not available	not available	not available	not available	v1.1.0	NT=ms-proteomics;VV=v1.1.0	NT=crosslinking;VV=v1.0.0	NT=human;VV=v1.1.0
PXD014067-sample	homo sapiens	not applicable	not applicable	not applicable	not available	not applicable	1	synthetic	reference	not available	not available	not available	not available	BBM_051_P020_09_HEK_003	proteomic profiling by mass spectrometry	BBM_051_P020_09_HEK_003.raw	1	3	AC=MS:1002038;NT=label free sample	NT=Q Exactive HF;AC=MS:1002523	NT=Data-dependent acquisition;AC=PRIDE:0000449	NT=Trypsin;AC=MS:1001251	NT=Lys-C;AC=MS:1001309	NT=Carbamidomethyl;AC=UNIMOD:4;TA=C;MT=Fixed	NT=Oxidation;AC=UNIMOD:35;TA=M;MT=Variable	NT=HCD;AC=PRIDE:0000590	not available	not available	not available	not available	cross-linking mass spectrometry	NT=unknown crosslinker;AC=XLMOD:00000	not available	not available	not available	not available	not available	v1.1.0	NT=ms-proteomics;VV=v1.1.0	NT=crosslinking;VV=v1.0.0	NT=human;VV=v1.1.0
PXD014067-sample	homo sapiens	not applicable	not applicable	not applicable	not available	not applicable	1	synthetic	reference	not available	not available	not available	not available	BBM_051_P020_09_HEK_004	proteomic profiling by mass spectrometry	BBM_051_P020_09_HEK_004.raw	1	4	AC=MS:1002038;NT=label free sample	NT=Q Exactive HF;AC=MS:1002523	NT=Data-dependent acquisition;AC=PRIDE:0000449	NT=Trypsin;AC=MS:1001251	NT=Lys-C;AC=MS:1001309	NT=Carbamidomethyl;AC=UNIMOD:4;TA=C;MT=Fixed	NT=Oxidation;AC=UNIMOD:35;TA=M;MT=Variable	NT=HCD;AC=PRIDE:0000590	not available	not available	not available	not available	cross-linking mass spectrometry	NT=unknown crosslinker;AC=XLMOD:00000	not available	not available	not available	not available	not available	v1.1.0	NT=ms-proteomics;VV=v1.1.0	NT=crosslinking;VV=v1.0.0	NT=human;VV=v1.1.0
PXD014067-sample	homo sapiens	not applicable	not applicable	not applicable	not available	not applicable	1	synthetic	reference	not available	not available	not available	not available	BBM_051_P020_09_HEK_005	proteomic profiling by mass spectrometry	BBM_051_P020_09_HEK_005.raw	1	5	AC=MS:1002038;NT=label free sample	NT=Q Exactive HF;AC=MS:1002523	NT=Data-dependent acquisition;AC=PRIDE:0000449	NT=Trypsin;AC=MS:1001251	NT=Lys-C;AC=MS:1001309	NT=Carbamidomethyl;AC=UNIMOD:4;TA=C;MT=Fixed	NT=Oxidation;AC=UNIMOD:35;TA=M;MT=Variable	NT=HCD;AC=PRIDE:0000590	not available	not available	not available	not available	cross-linking mass spectrometry	NT=unknown crosslinker;AC=XLMOD:00000	not available	not available	not available	not available	not available	v1.1.0	NT=ms-proteomics;VV=v1.1.0	NT=crosslinking;VV=v1.0.0	NT=human;VV=v1.1.0
PXD014067-sample	homo sapiens	not applicable	not applicable	not applicable	not available	not applicable	1	synthetic	reference	not available	not available	not available	not available	BBM_051_P020_09_HEK_006	proteomic profiling by mass spectrometry	BBM_051_P020_09_HEK_006.raw	1	6	AC=MS:1002038;NT=label free sample	NT=Q Exactive HF;AC=MS:1002523	NT=Data-dependent acquisition;AC=PRIDE:0000449	NT=Trypsin;AC=MS:1001251	NT=Lys-C;AC=MS:1001309	NT=Carbamidomethyl;AC=UNIMOD:4;TA=C;MT=Fixed	NT=Oxidation;AC=UNIMOD:35;TA=M;MT=Variable	NT=HCD;AC=PRIDE:0000590	not available	not available	not available	not available	cross-linking mass spectrometry	NT=unknown crosslinker;AC=XLMOD:00000	not available	not available	not available	not available	not available	v1.1.0	NT=ms-proteomics;VV=v1.1.0	NT=crosslinking;VV=v1.0.0	NT=human;VV=v1.1.0
PXD014067-sample	homo sapiens	not applicable	not applicable	not applicable	not available	not applicable	1	synthetic	reference	not available	not available	not available	not available	BBM_066_P20_10_HEK19	proteomic profiling by mass spectrometry	BBM_066_P20_10_HEK19.raw	1	7	AC=MS:1002038;NT=label free sample	NT=Q Exactive HF;AC=MS:1002523	NT=Data-dependent acquisition;AC=PRIDE:0000449	NT=Trypsin;AC=MS:1001251	NT=Lys-C;AC=MS:1001309	NT=Carbamidomethyl;AC=UNIMOD:4;TA=C;MT=Fixed	NT=Oxidation;AC=UNIMOD:35;TA=M;MT=Variable	NT=HCD;AC=PRIDE:0000590	not available	not available	not available	not available	cross-linking mass spectrometry	NT=unknown crosslinker;AC=XLMOD:00000	not available	not available	not available	not available	not available	v1.1.0	NT=ms-proteomics;VV=v1.1.0	NT=crosslinking;VV=v1.0.0	NT=human;VV=v1.1.0
PXD014067-sample	homo sapiens	not applicable	not applicable	not applicable	not available	not applicable	1	synthetic	reference	not available	not available	not available	not available	BBM_066_P20_10_HEK20	proteomic profiling by mass spectrometry	BBM_066_P20_10_HEK20.raw	1	8	AC=MS:1002038;NT=label free sample	NT=Q Exactive HF;AC=MS:1002523	NT=Data-dependent acquisition;AC=PRIDE:0000449	NT=Trypsin;AC=MS:1001251	NT=Lys-C;AC=MS:1001309	NT=Carbamidomethyl;AC=UNIMOD:4;TA=C;MT=Fixed	NT=Oxidation;AC=UNIMOD:35;TA=M;MT=Variable	NT=HCD;AC=PRIDE:0000590	not available	not available	not available	not available	cross-linking mass spectrometry	NT=unknown crosslinker;AC=XLMOD:00000	not available	not available	not available	not available	not available	v1.1.0	NT=ms-proteomics;VV=v1.1.0	NT=crosslinking;VV=v1.0.0	NT=human;VV=v1.1.0
PXD014067-sample	homo sapiens	not applicable	not applicable	not applicable	not available	not applicable	1	synthetic	reference	not available	not available	not available	not available	BBM_066_P20_10_HEK21	proteomic profiling by mass spectrometry	BBM_066_P20_10_HEK21.raw	1	9	AC=MS:1002038;NT=label free sample	NT=Q Exactive HF;AC=MS:1002523	NT=Data-dependent acquisition;AC=PRIDE:0000449	NT=Trypsin;AC=MS:1001251	NT=Lys-C;AC=MS:1001309	NT=Carbamidomethyl;AC=UNIMOD:4;TA=C;MT=Fixed	NT=Oxidation;AC=UNIMOD:35;TA=M;MT=Variable	NT=HCD;AC=PRIDE:0000590	not available	not available	not available	not available	cross-linking mass spectrometry	NT=unknown crosslinker;AC=XLMOD:00000	not available	not available	not available	not available	not available	v1.1.0	NT=ms-proteomics;VV=v1.1.0	NT=crosslinking;VV=v1.0.0	NT=human;VV=v1.1.0
PXD014067-sample	homo sapiens	not applicable	not applicable	not applicable	not available	not applicable	1	synthetic	reference	not available	not available	not available	not available	BBM_066_P20_10_HEK22	proteomic profiling by mass spectrometry	BBM_066_P20_10_HEK22.raw	1	10	AC=MS:1002038;NT=label free sample	NT=Q Exactive HF;AC=MS:1002523	NT=Data-dependent acquisition;AC=PRIDE:0000449	NT=Trypsin;AC=MS:1001251	NT=Lys-C;AC=MS:1001309	NT=Carbamidomethyl;AC=UNIMOD:4;TA=C;MT=Fixed	NT=Oxidation;AC=UNIMOD:35;TA=M;MT=Variable	NT=HCD;AC=PRIDE:0000590	not available	not available	not available	not available	cross-linking mass spectrometry	NT=unknown crosslinker;AC=XLMOD:00000	not available	not available	not available	not available	not available	v1.1.0	NT=ms-proteomics;VV=v1.1.0	NT=crosslinking;VV=v1.0.0	NT=human;VV=v1.1.0
PXD014067-sample	homo sapiens	not applicable	not applicable	not applicable	not available	not applicable	1	synthetic	reference	not available	not available	not available	not available	BBM_066_P20_10_HEK23	proteomic profiling by mass spectrometry	BBM_066_P20_10_HEK23.raw	1	11	AC=MS:1002038;NT=label free sample	NT=Q Exactive HF;AC=MS:1002523	NT=Data-dependent acquisition;AC=PRIDE:0000449	NT=Trypsin;AC=MS:1001251	NT=Lys-C;AC=MS:1001309	NT=Carbamidomethyl;AC=UNIMOD:4;TA=C;MT=Fixed	NT=Oxidation;AC=UNIMOD:35;TA=M;MT=Variable	NT=HCD;AC=PRIDE:0000590	not available	not available	not available	not available	cross-linking mass spectrometry	NT=unknown crosslinker;AC=XLMOD:00000	not available	not available	not available	not available	not available	v1.1.0	NT=ms-proteomics;VV=v1.1.0	NT=crosslinking;VV=v1.0.0	NT=human;VV=v1.1.0
PXD014067-sample	homo sapiens	not applicable	not applicable	not applicable	not available	not applicable	1	synthetic	reference	not available	not available	not available	not available	BBM_066_P20_10_HEK24	proteomic profiling by mass spectrometry	BBM_066_P20_10_HEK24.raw	1	12	AC=MS:1002038;NT=label free sample	NT=Q Exactive HF;AC=MS:1002523	NT=Data-dependent acquisition;AC=PRIDE:0000449	NT=Trypsin;AC=MS:1001251	NT=Lys-C;AC=MS:1001309	NT=Carbamidomethyl;AC=UNIMOD:4;TA=C;MT=Fixed	NT=Oxidation;AC=UNIMOD:35;TA=M;MT=Variable	NT=HCD;AC=PRIDE:0000590	not available	not available	not available	not available	cross-linking mass spectrometry	NT=unknown crosslinker;AC=XLMOD:00000	not available	not available	not available	not available	not available	v1.1.0	NT=ms-proteomics;VV=v1.1.0	NT=crosslinking;VV=v1.0.0	NT=human;VV=v1.1.0
