source name	characteristics[organism]	characteristics[organism part]	characteristics[cell type]	characteristics[disease]	characteristics[developmental stage]	characteristics[age]	characteristics[sex]	characteristics[strain or breed]	characteristics[material type]	characteristics[biological replicate]	assay name	technology type	comment[proteomics data acquisition method]	comment[instrument]	comment[label]	comment[cleavage agent details]	comment[modification parameters]	comment[modification parameters]	comment[dissociation method]	comment[precursor mass tolerance]	comment[fragment mass tolerance]	comment[fractionation method]	comment[fraction identifier]	comment[technical replicate]	comment[data file]	comment[sdrf version]	comment[sdrf annotation tool]	comment[sdrf template]	comment[sdrf template]	factor value[organism part]
brain	Mus musculus	brain	not applicable	normal	adult	not available	not available	not available	tissue	1	run_1	proteomic profiling by mass spectrometry	NT=data-dependent acquisition;AC=PRIDE:0000627	NT=LTQ Orbitrap Velos;AC=MS:1001742	AC=MS:1002038;NT=label free sample	NT=Trypsin;AC=MS:1001251	NT=Carbamidomethyl;AC=UNIMOD:4;TA=C;MT=Fixed	NT=Oxidation;AC=UNIMOD:35;TA=M;MT=Variable	NT=collision-induced dissociation;AC=MS:1000133	not available	not available	gel electrophoresis-based separation	1	1	Brain_Protein_Expression_protein4_brain_f1_v02851.RAW	v1.1.0	manual curation	NT=ms-proteomics;VV=v1.1.0	NT=vertebrates;VV=v1.1.0	NT=brain;AC=UBERON:0000955
brain	Mus musculus	brain	not applicable	normal	adult	not available	not available	not available	tissue	1	run_2	proteomic profiling by mass spectrometry	NT=data-dependent acquisition;AC=PRIDE:0000627	NT=LTQ Orbitrap Velos;AC=MS:1001742	AC=MS:1002038;NT=label free sample	NT=Trypsin;AC=MS:1001251	NT=Carbamidomethyl;AC=UNIMOD:4;TA=C;MT=Fixed	NT=Oxidation;AC=UNIMOD:35;TA=M;MT=Variable	NT=collision-induced dissociation;AC=MS:1000133	not available	not available	gel electrophoresis-based separation	2	1	Brain_Protein_Expression_protein4_brain_f2_v02822.RAW	v1.1.0	manual curation	NT=ms-proteomics;VV=v1.1.0	NT=vertebrates;VV=v1.1.0	NT=brain;AC=UBERON:0000955
brain	Mus musculus	brain	not applicable	normal	adult	not available	not available	not available	tissue	1	run_3	proteomic profiling by mass spectrometry	NT=data-dependent acquisition;AC=PRIDE:0000627	NT=LTQ Orbitrap Velos;AC=MS:1001742	AC=MS:1002038;NT=label free sample	NT=Trypsin;AC=MS:1001251	NT=Carbamidomethyl;AC=UNIMOD:4;TA=C;MT=Fixed	NT=Oxidation;AC=UNIMOD:35;TA=M;MT=Variable	NT=collision-induced dissociation;AC=MS:1000133	not available	not available	gel electrophoresis-based separation	3	1	Brain_Protein_Expression_protein4_brain_f3_v02823.RAW	v1.1.0	manual curation	NT=ms-proteomics;VV=v1.1.0	NT=vertebrates;VV=v1.1.0	NT=brain;AC=UBERON:0000955
brain	Mus musculus	brain	not applicable	normal	adult	not available	not available	not available	tissue	1	run_4	proteomic profiling by mass spectrometry	NT=data-dependent acquisition;AC=PRIDE:0000627	NT=LTQ Orbitrap Velos;AC=MS:1001742	AC=MS:1002038;NT=label free sample	NT=Trypsin;AC=MS:1001251	NT=Carbamidomethyl;AC=UNIMOD:4;TA=C;MT=Fixed	NT=Oxidation;AC=UNIMOD:35;TA=M;MT=Variable	NT=collision-induced dissociation;AC=MS:1000133	not available	not available	gel electrophoresis-based separation	4	1	Brain_Protein_Expression_protein4_brain_f4_v02824.RAW	v1.1.0	manual curation	NT=ms-proteomics;VV=v1.1.0	NT=vertebrates;VV=v1.1.0	NT=brain;AC=UBERON:0000955
brain	Mus musculus	brain	not applicable	normal	adult	not available	not available	not available	tissue	1	run_5	proteomic profiling by mass spectrometry	NT=data-dependent acquisition;AC=PRIDE:0000627	NT=LTQ Orbitrap Velos;AC=MS:1001742	AC=MS:1002038;NT=label free sample	NT=Trypsin;AC=MS:1001251	NT=Carbamidomethyl;AC=UNIMOD:4;TA=C;MT=Fixed	NT=Oxidation;AC=UNIMOD:35;TA=M;MT=Variable	NT=collision-induced dissociation;AC=MS:1000133	not available	not available	gel electrophoresis-based separation	5	1	Brain_Protein_Expression_protein4_brain_f5_v02825.RAW	v1.1.0	manual curation	NT=ms-proteomics;VV=v1.1.0	NT=vertebrates;VV=v1.1.0	NT=brain;AC=UBERON:0000955
brain	Mus musculus	brain	not applicable	normal	adult	not available	not available	not available	tissue	1	run_6	proteomic profiling by mass spectrometry	NT=data-dependent acquisition;AC=PRIDE:0000627	NT=LTQ Orbitrap Velos;AC=MS:1001742	AC=MS:1002038;NT=label free sample	NT=Trypsin;AC=MS:1001251	NT=Carbamidomethyl;AC=UNIMOD:4;TA=C;MT=Fixed	NT=Oxidation;AC=UNIMOD:35;TA=M;MT=Variable	NT=collision-induced dissociation;AC=MS:1000133	not available	not available	gel electrophoresis-based separation	6	1	Brain_Protein_Expression_protein4_brain_f6_v02827.RAW	v1.1.0	manual curation	NT=ms-proteomics;VV=v1.1.0	NT=vertebrates;VV=v1.1.0	NT=brain;AC=UBERON:0000955
brain	Mus musculus	brain	not applicable	normal	adult	not available	not available	not available	tissue	1	run_7	proteomic profiling by mass spectrometry	NT=data-dependent acquisition;AC=PRIDE:0000627	NT=LTQ Orbitrap Velos;AC=MS:1001742	AC=MS:1002038;NT=label free sample	NT=Trypsin;AC=MS:1001251	NT=Carbamidomethyl;AC=UNIMOD:4;TA=C;MT=Fixed	NT=Oxidation;AC=UNIMOD:35;TA=M;MT=Variable	NT=collision-induced dissociation;AC=MS:1000133	not available	not available	gel electrophoresis-based separation	7	1	Brain_Protein_Expression_protein4_brain_f7_v02854.RAW	v1.1.0	manual curation	NT=ms-proteomics;VV=v1.1.0	NT=vertebrates;VV=v1.1.0	NT=brain;AC=UBERON:0000955
brain	Mus musculus	brain	not applicable	normal	adult	not available	not available	not available	tissue	1	run_8	proteomic profiling by mass spectrometry	NT=data-dependent acquisition;AC=PRIDE:0000627	NT=LTQ Orbitrap Velos;AC=MS:1001742	AC=MS:1002038;NT=label free sample	NT=Trypsin;AC=MS:1001251	NT=Carbamidomethyl;AC=UNIMOD:4;TA=C;MT=Fixed	NT=Oxidation;AC=UNIMOD:35;TA=M;MT=Variable	NT=collision-induced dissociation;AC=MS:1000133	not available	not available	gel electrophoresis-based separation	8	1	Brain_Protein_Expression_protein4_brain_f8_v02829.RAW	v1.1.0	manual curation	NT=ms-proteomics;VV=v1.1.0	NT=vertebrates;VV=v1.1.0	NT=brain;AC=UBERON:0000955
brain	Mus musculus	brain	not applicable	normal	adult	not available	not available	not available	tissue	1	run_9	proteomic profiling by mass spectrometry	NT=data-dependent acquisition;AC=PRIDE:0000627	NT=LTQ Orbitrap Velos;AC=MS:1001742	AC=MS:1002038;NT=label free sample	NT=Trypsin;AC=MS:1001251	NT=Carbamidomethyl;AC=UNIMOD:4;TA=C;MT=Fixed	NT=Oxidation;AC=UNIMOD:35;TA=M;MT=Variable	NT=collision-induced dissociation;AC=MS:1000133	not available	not available	gel electrophoresis-based separation	9	1	Brain_Protein_Expression_protein4_brain_f9_v02830.RAW	v1.1.0	manual curation	NT=ms-proteomics;VV=v1.1.0	NT=vertebrates;VV=v1.1.0	NT=brain;AC=UBERON:0000955
brain	Mus musculus	brain	not applicable	normal	adult	not available	not available	not available	tissue	1	run_10	proteomic profiling by mass spectrometry	NT=data-dependent acquisition;AC=PRIDE:0000627	NT=LTQ Orbitrap Velos;AC=MS:1001742	AC=MS:1002038;NT=label free sample	NT=Trypsin;AC=MS:1001251	NT=Carbamidomethyl;AC=UNIMOD:4;TA=C;MT=Fixed	NT=Oxidation;AC=UNIMOD:35;TA=M;MT=Variable	NT=collision-induced dissociation;AC=MS:1000133	not available	not available	gel electrophoresis-based separation	10	1	Brain_Protein_Expression_protein4_brain_f10_v02832.RAW	v1.1.0	manual curation	NT=ms-proteomics;VV=v1.1.0	NT=vertebrates;VV=v1.1.0	NT=brain;AC=UBERON:0000955
brain	Mus musculus	brain	not applicable	normal	adult	not available	not available	not available	tissue	1	run_11	proteomic profiling by mass spectrometry	NT=data-dependent acquisition;AC=PRIDE:0000627	NT=LTQ Orbitrap Velos;AC=MS:1001742	AC=MS:1002038;NT=label free sample	NT=Trypsin;AC=MS:1001251	NT=Carbamidomethyl;AC=UNIMOD:4;TA=C;MT=Fixed	NT=Oxidation;AC=UNIMOD:35;TA=M;MT=Variable	NT=collision-induced dissociation;AC=MS:1000133	not available	not available	gel electrophoresis-based separation	11	1	Brain_Protein_Expression_protein4_brain_f11_v02853.RAW	v1.1.0	manual curation	NT=ms-proteomics;VV=v1.1.0	NT=vertebrates;VV=v1.1.0	NT=brain;AC=UBERON:0000955
brain	Mus musculus	brain	not applicable	normal	adult	not available	not available	not available	tissue	1	run_12	proteomic profiling by mass spectrometry	NT=data-dependent acquisition;AC=PRIDE:0000627	NT=LTQ Orbitrap Velos;AC=MS:1001742	AC=MS:1002038;NT=label free sample	NT=Trypsin;AC=MS:1001251	NT=Carbamidomethyl;AC=UNIMOD:4;TA=C;MT=Fixed	NT=Oxidation;AC=UNIMOD:35;TA=M;MT=Variable	NT=collision-induced dissociation;AC=MS:1000133	not available	not available	gel electrophoresis-based separation	12	1	Brain_Protein_Expression_protein4_brain_f12_v02834.RAW	v1.1.0	manual curation	NT=ms-proteomics;VV=v1.1.0	NT=vertebrates;VV=v1.1.0	NT=brain;AC=UBERON:0000955
brown_adipose_tissue	Mus musculus	brown adipose tissue	not applicable	normal	adult	not available	not available	not available	tissue	1	run_13	proteomic profiling by mass spectrometry	NT=data-dependent acquisition;AC=PRIDE:0000627	NT=LTQ Orbitrap Velos;AC=MS:1001742	AC=MS:1002038;NT=label free sample	NT=Trypsin;AC=MS:1001251	NT=Carbamidomethyl;AC=UNIMOD:4;TA=C;MT=Fixed	NT=Oxidation;AC=UNIMOD:35;TA=M;MT=Variable	NT=collision-induced dissociation;AC=MS:1000133	not available	not available	gel electrophoresis-based separation	2	1	BrownFat_Protein_Expression_protein4_brownfat_f2_v02932.RAW	v1.1.0	manual curation	NT=ms-proteomics;VV=v1.1.0	NT=vertebrates;VV=v1.1.0	NT=brown adipose tissue;AC=UBERON:0001348
brown_adipose_tissue	Mus musculus	brown adipose tissue	not applicable	normal	adult	not available	not available	not available	tissue	1	run_14	proteomic profiling by mass spectrometry	NT=data-dependent acquisition;AC=PRIDE:0000627	NT=LTQ Orbitrap Velos;AC=MS:1001742	AC=MS:1002038;NT=label free sample	NT=Trypsin;AC=MS:1001251	NT=Carbamidomethyl;AC=UNIMOD:4;TA=C;MT=Fixed	NT=Oxidation;AC=UNIMOD:35;TA=M;MT=Variable	NT=collision-induced dissociation;AC=MS:1000133	not available	not available	gel electrophoresis-based separation	3	1	BrownFat_Protein_Expression_protein4_brownfat_f3_v02933.RAW	v1.1.0	manual curation	NT=ms-proteomics;VV=v1.1.0	NT=vertebrates;VV=v1.1.0	NT=brown adipose tissue;AC=UBERON:0001348
brown_adipose_tissue	Mus musculus	brown adipose tissue	not applicable	normal	adult	not available	not available	not available	tissue	1	run_15	proteomic profiling by mass spectrometry	NT=data-dependent acquisition;AC=PRIDE:0000627	NT=LTQ Orbitrap Velos;AC=MS:1001742	AC=MS:1002038;NT=label free sample	NT=Trypsin;AC=MS:1001251	NT=Carbamidomethyl;AC=UNIMOD:4;TA=C;MT=Fixed	NT=Oxidation;AC=UNIMOD:35;TA=M;MT=Variable	NT=collision-induced dissociation;AC=MS:1000133	not available	not available	gel electrophoresis-based separation	4	1	BrownFat_Protein_Expression_protein4_brownfat_f4_v02934.RAW	v1.1.0	manual curation	NT=ms-proteomics;VV=v1.1.0	NT=vertebrates;VV=v1.1.0	NT=brown adipose tissue;AC=UBERON:0001348
brown_adipose_tissue	Mus musculus	brown adipose tissue	not applicable	normal	adult	not available	not available	not available	tissue	1	run_16	proteomic profiling by mass spectrometry	NT=data-dependent acquisition;AC=PRIDE:0000627	NT=LTQ Orbitrap Velos;AC=MS:1001742	AC=MS:1002038;NT=label free sample	NT=Trypsin;AC=MS:1001251	NT=Carbamidomethyl;AC=UNIMOD:4;TA=C;MT=Fixed	NT=Oxidation;AC=UNIMOD:35;TA=M;MT=Variable	NT=collision-induced dissociation;AC=MS:1000133	not available	not available	gel electrophoresis-based separation	5	1	BrownFat_Protein_Expression_protein4_brownfat_f5_v02935.RAW	v1.1.0	manual curation	NT=ms-proteomics;VV=v1.1.0	NT=vertebrates;VV=v1.1.0	NT=brown adipose tissue;AC=UBERON:0001348
brown_adipose_tissue	Mus musculus	brown adipose tissue	not applicable	normal	adult	not available	not available	not available	tissue	1	run_17	proteomic profiling by mass spectrometry	NT=data-dependent acquisition;AC=PRIDE:0000627	NT=LTQ Orbitrap Velos;AC=MS:1001742	AC=MS:1002038;NT=label free sample	NT=Trypsin;AC=MS:1001251	NT=Carbamidomethyl;AC=UNIMOD:4;TA=C;MT=Fixed	NT=Oxidation;AC=UNIMOD:35;TA=M;MT=Variable	NT=collision-induced dissociation;AC=MS:1000133	not available	not available	gel electrophoresis-based separation	6	1	BrownFat_Protein_Expression_protein4_brownfat_f6_v02937.RAW	v1.1.0	manual curation	NT=ms-proteomics;VV=v1.1.0	NT=vertebrates;VV=v1.1.0	NT=brown adipose tissue;AC=UBERON:0001348
brown_adipose_tissue	Mus musculus	brown adipose tissue	not applicable	normal	adult	not available	not available	not available	tissue	1	run_18	proteomic profiling by mass spectrometry	NT=data-dependent acquisition;AC=PRIDE:0000627	NT=LTQ Orbitrap Velos;AC=MS:1001742	AC=MS:1002038;NT=label free sample	NT=Trypsin;AC=MS:1001251	NT=Carbamidomethyl;AC=UNIMOD:4;TA=C;MT=Fixed	NT=Oxidation;AC=UNIMOD:35;TA=M;MT=Variable	NT=collision-induced dissociation;AC=MS:1000133	not available	not available	gel electrophoresis-based separation	7	1	BrownFat_Protein_Expression_protein4_brownfat_f7_v02938.RAW	v1.1.0	manual curation	NT=ms-proteomics;VV=v1.1.0	NT=vertebrates;VV=v1.1.0	NT=brown adipose tissue;AC=UBERON:0001348
brown_adipose_tissue	Mus musculus	brown adipose tissue	not applicable	normal	adult	not available	not available	not available	tissue	1	run_19	proteomic profiling by mass spectrometry	NT=data-dependent acquisition;AC=PRIDE:0000627	NT=LTQ Orbitrap Velos;AC=MS:1001742	AC=MS:1002038;NT=label free sample	NT=Trypsin;AC=MS:1001251	NT=Carbamidomethyl;AC=UNIMOD:4;TA=C;MT=Fixed	NT=Oxidation;AC=UNIMOD:35;TA=M;MT=Variable	NT=collision-induced dissociation;AC=MS:1000133	not available	not available	gel electrophoresis-based separation	8	1	BrownFat_Protein_Expression_protein4_brownfat_f8_v02952.RAW	v1.1.0	manual curation	NT=ms-proteomics;VV=v1.1.0	NT=vertebrates;VV=v1.1.0	NT=brown adipose tissue;AC=UBERON:0001348
brown_adipose_tissue	Mus musculus	brown adipose tissue	not applicable	normal	adult	not available	not available	not available	tissue	1	run_20	proteomic profiling by mass spectrometry	NT=data-dependent acquisition;AC=PRIDE:0000627	NT=LTQ Orbitrap Velos;AC=MS:1001742	AC=MS:1002038;NT=label free sample	NT=Trypsin;AC=MS:1001251	NT=Carbamidomethyl;AC=UNIMOD:4;TA=C;MT=Fixed	NT=Oxidation;AC=UNIMOD:35;TA=M;MT=Variable	NT=collision-induced dissociation;AC=MS:1000133	not available	not available	gel electrophoresis-based separation	9	1	BrownFat_Protein_Expression_protein4_brownfat_f9_v02947.RAW	v1.1.0	manual curation	NT=ms-proteomics;VV=v1.1.0	NT=vertebrates;VV=v1.1.0	NT=brown adipose tissue;AC=UBERON:0001348
brown_adipose_tissue	Mus musculus	brown adipose tissue	not applicable	normal	adult	not available	not available	not available	tissue	1	run_21	proteomic profiling by mass spectrometry	NT=data-dependent acquisition;AC=PRIDE:0000627	NT=LTQ Orbitrap Velos;AC=MS:1001742	AC=MS:1002038;NT=label free sample	NT=Trypsin;AC=MS:1001251	NT=Carbamidomethyl;AC=UNIMOD:4;TA=C;MT=Fixed	NT=Oxidation;AC=UNIMOD:35;TA=M;MT=Variable	NT=collision-induced dissociation;AC=MS:1000133	not available	not available	gel electrophoresis-based separation	10	1	BrownFat_Protein_Expression_protein4_brownfat_f10_v02948.RAW	v1.1.0	manual curation	NT=ms-proteomics;VV=v1.1.0	NT=vertebrates;VV=v1.1.0	NT=brown adipose tissue;AC=UBERON:0001348
brown_adipose_tissue	Mus musculus	brown adipose tissue	not applicable	normal	adult	not available	not available	not available	tissue	1	run_22	proteomic profiling by mass spectrometry	NT=data-dependent acquisition;AC=PRIDE:0000627	NT=LTQ Orbitrap Velos;AC=MS:1001742	AC=MS:1002038;NT=label free sample	NT=Trypsin;AC=MS:1001251	NT=Carbamidomethyl;AC=UNIMOD:4;TA=C;MT=Fixed	NT=Oxidation;AC=UNIMOD:35;TA=M;MT=Variable	NT=collision-induced dissociation;AC=MS:1000133	not available	not available	gel electrophoresis-based separation	11	1	BrownFat_Protein_Expression_protein4_brownfat_f11_v02950.RAW	v1.1.0	manual curation	NT=ms-proteomics;VV=v1.1.0	NT=vertebrates;VV=v1.1.0	NT=brown adipose tissue;AC=UBERON:0001348
brown_adipose_tissue	Mus musculus	brown adipose tissue	not applicable	normal	adult	not available	not available	not available	tissue	1	run_23	proteomic profiling by mass spectrometry	NT=data-dependent acquisition;AC=PRIDE:0000627	NT=LTQ Orbitrap Velos;AC=MS:1001742	AC=MS:1002038;NT=label free sample	NT=Trypsin;AC=MS:1001251	NT=Carbamidomethyl;AC=UNIMOD:4;TA=C;MT=Fixed	NT=Oxidation;AC=UNIMOD:35;TA=M;MT=Variable	NT=collision-induced dissociation;AC=MS:1000133	not available	not available	gel electrophoresis-based separation	12	1	BrownFat_Protein_Expression_protein4_brownfat_f12_v02951.RAW	v1.1.0	manual curation	NT=ms-proteomics;VV=v1.1.0	NT=vertebrates;VV=v1.1.0	NT=brown adipose tissue;AC=UBERON:0001348
heart	Mus musculus	heart	not applicable	normal	adult	not available	not available	not available	tissue	1	run_24	proteomic profiling by mass spectrometry	NT=data-dependent acquisition;AC=PRIDE:0000627	NT=LTQ Orbitrap Velos;AC=MS:1001742	AC=MS:1002038;NT=label free sample	NT=Trypsin;AC=MS:1001251	NT=Carbamidomethyl;AC=UNIMOD:4;TA=C;MT=Fixed	NT=Oxidation;AC=UNIMOD:35;TA=M;MT=Variable	NT=collision-induced dissociation;AC=MS:1000133	not available	not available	gel electrophoresis-based separation	1	1	Heart_Protein_Expression_protein4_heart_f1_v02900.RAW	v1.1.0	manual curation	NT=ms-proteomics;VV=v1.1.0	NT=vertebrates;VV=v1.1.0	NT=heart;AC=UBERON:0000948
heart	Mus musculus	heart	not applicable	normal	adult	not available	not available	not available	tissue	1	run_25	proteomic profiling by mass spectrometry	NT=data-dependent acquisition;AC=PRIDE:0000627	NT=LTQ Orbitrap Velos;AC=MS:1001742	AC=MS:1002038;NT=label free sample	NT=Trypsin;AC=MS:1001251	NT=Carbamidomethyl;AC=UNIMOD:4;TA=C;MT=Fixed	NT=Oxidation;AC=UNIMOD:35;TA=M;MT=Variable	NT=collision-induced dissociation;AC=MS:1000133	not available	not available	gel electrophoresis-based separation	2	1	Heart_Protein_Expression_protein4_heart_f2_v02901.RAW	v1.1.0	manual curation	NT=ms-proteomics;VV=v1.1.0	NT=vertebrates;VV=v1.1.0	NT=heart;AC=UBERON:0000948
heart	Mus musculus	heart	not applicable	normal	adult	not available	not available	not available	tissue	1	run_26	proteomic profiling by mass spectrometry	NT=data-dependent acquisition;AC=PRIDE:0000627	NT=LTQ Orbitrap Velos;AC=MS:1001742	AC=MS:1002038;NT=label free sample	NT=Trypsin;AC=MS:1001251	NT=Carbamidomethyl;AC=UNIMOD:4;TA=C;MT=Fixed	NT=Oxidation;AC=UNIMOD:35;TA=M;MT=Variable	NT=collision-induced dissociation;AC=MS:1000133	not available	not available	gel electrophoresis-based separation	3	1	Heart_Protein_Expression_protein4_heart_f3_v02902.RAW	v1.1.0	manual curation	NT=ms-proteomics;VV=v1.1.0	NT=vertebrates;VV=v1.1.0	NT=heart;AC=UBERON:0000948
heart	Mus musculus	heart	not applicable	normal	adult	not available	not available	not available	tissue	1	run_27	proteomic profiling by mass spectrometry	NT=data-dependent acquisition;AC=PRIDE:0000627	NT=LTQ Orbitrap Velos;AC=MS:1001742	AC=MS:1002038;NT=label free sample	NT=Trypsin;AC=MS:1001251	NT=Carbamidomethyl;AC=UNIMOD:4;TA=C;MT=Fixed	NT=Oxidation;AC=UNIMOD:35;TA=M;MT=Variable	NT=collision-induced dissociation;AC=MS:1000133	not available	not available	gel electrophoresis-based separation	4	1	Heart_Protein_Expression_protein4_heart_f4_v02903.RAW	v1.1.0	manual curation	NT=ms-proteomics;VV=v1.1.0	NT=vertebrates;VV=v1.1.0	NT=heart;AC=UBERON:0000948
heart	Mus musculus	heart	not applicable	normal	adult	not available	not available	not available	tissue	1	run_28	proteomic profiling by mass spectrometry	NT=data-dependent acquisition;AC=PRIDE:0000627	NT=LTQ Orbitrap Velos;AC=MS:1001742	AC=MS:1002038;NT=label free sample	NT=Trypsin;AC=MS:1001251	NT=Carbamidomethyl;AC=UNIMOD:4;TA=C;MT=Fixed	NT=Oxidation;AC=UNIMOD:35;TA=M;MT=Variable	NT=collision-induced dissociation;AC=MS:1000133	not available	not available	gel electrophoresis-based separation	5	1	Heart_Protein_Expression_protein4_heart_f5_v02904.RAW	v1.1.0	manual curation	NT=ms-proteomics;VV=v1.1.0	NT=vertebrates;VV=v1.1.0	NT=heart;AC=UBERON:0000948
heart	Mus musculus	heart	not applicable	normal	adult	not available	not available	not available	tissue	1	run_29	proteomic profiling by mass spectrometry	NT=data-dependent acquisition;AC=PRIDE:0000627	NT=LTQ Orbitrap Velos;AC=MS:1001742	AC=MS:1002038;NT=label free sample	NT=Trypsin;AC=MS:1001251	NT=Carbamidomethyl;AC=UNIMOD:4;TA=C;MT=Fixed	NT=Oxidation;AC=UNIMOD:35;TA=M;MT=Variable	NT=collision-induced dissociation;AC=MS:1000133	not available	not available	gel electrophoresis-based separation	6	1	Heart_Protein_Expression_protein4_heart_f6_v02906.RAW	v1.1.0	manual curation	NT=ms-proteomics;VV=v1.1.0	NT=vertebrates;VV=v1.1.0	NT=heart;AC=UBERON:0000948
heart	Mus musculus	heart	not applicable	normal	adult	not available	not available	not available	tissue	1	run_30	proteomic profiling by mass spectrometry	NT=data-dependent acquisition;AC=PRIDE:0000627	NT=LTQ Orbitrap Velos;AC=MS:1001742	AC=MS:1002038;NT=label free sample	NT=Trypsin;AC=MS:1001251	NT=Carbamidomethyl;AC=UNIMOD:4;TA=C;MT=Fixed	NT=Oxidation;AC=UNIMOD:35;TA=M;MT=Variable	NT=collision-induced dissociation;AC=MS:1000133	not available	not available	gel electrophoresis-based separation	7	1	Heart_Protein_Expression_protein4_heart_f7_v02907.RAW	v1.1.0	manual curation	NT=ms-proteomics;VV=v1.1.0	NT=vertebrates;VV=v1.1.0	NT=heart;AC=UBERON:0000948
heart	Mus musculus	heart	not applicable	normal	adult	not available	not available	not available	tissue	1	run_31	proteomic profiling by mass spectrometry	NT=data-dependent acquisition;AC=PRIDE:0000627	NT=LTQ Orbitrap Velos;AC=MS:1001742	AC=MS:1002038;NT=label free sample	NT=Trypsin;AC=MS:1001251	NT=Carbamidomethyl;AC=UNIMOD:4;TA=C;MT=Fixed	NT=Oxidation;AC=UNIMOD:35;TA=M;MT=Variable	NT=collision-induced dissociation;AC=MS:1000133	not available	not available	gel electrophoresis-based separation	8	1	Heart_Protein_Expression_protein4_heart_f8_v02908.RAW	v1.1.0	manual curation	NT=ms-proteomics;VV=v1.1.0	NT=vertebrates;VV=v1.1.0	NT=heart;AC=UBERON:0000948
heart	Mus musculus	heart	not applicable	normal	adult	not available	not available	not available	tissue	1	run_32	proteomic profiling by mass spectrometry	NT=data-dependent acquisition;AC=PRIDE:0000627	NT=LTQ Orbitrap Velos;AC=MS:1001742	AC=MS:1002038;NT=label free sample	NT=Trypsin;AC=MS:1001251	NT=Carbamidomethyl;AC=UNIMOD:4;TA=C;MT=Fixed	NT=Oxidation;AC=UNIMOD:35;TA=M;MT=Variable	NT=collision-induced dissociation;AC=MS:1000133	not available	not available	gel electrophoresis-based separation	9	1	Heart_Protein_Expression_protein4_heart_f9_v02909.RAW	v1.1.0	manual curation	NT=ms-proteomics;VV=v1.1.0	NT=vertebrates;VV=v1.1.0	NT=heart;AC=UBERON:0000948
heart	Mus musculus	heart	not applicable	normal	adult	not available	not available	not available	tissue	1	run_33	proteomic profiling by mass spectrometry	NT=data-dependent acquisition;AC=PRIDE:0000627	NT=LTQ Orbitrap Velos;AC=MS:1001742	AC=MS:1002038;NT=label free sample	NT=Trypsin;AC=MS:1001251	NT=Carbamidomethyl;AC=UNIMOD:4;TA=C;MT=Fixed	NT=Oxidation;AC=UNIMOD:35;TA=M;MT=Variable	NT=collision-induced dissociation;AC=MS:1000133	not available	not available	gel electrophoresis-based separation	10	1	Heart_Protein_Expression_protein4_heart_f10_v02911.RAW	v1.1.0	manual curation	NT=ms-proteomics;VV=v1.1.0	NT=vertebrates;VV=v1.1.0	NT=heart;AC=UBERON:0000948
heart	Mus musculus	heart	not applicable	normal	adult	not available	not available	not available	tissue	1	run_34	proteomic profiling by mass spectrometry	NT=data-dependent acquisition;AC=PRIDE:0000627	NT=LTQ Orbitrap Velos;AC=MS:1001742	AC=MS:1002038;NT=label free sample	NT=Trypsin;AC=MS:1001251	NT=Carbamidomethyl;AC=UNIMOD:4;TA=C;MT=Fixed	NT=Oxidation;AC=UNIMOD:35;TA=M;MT=Variable	NT=collision-induced dissociation;AC=MS:1000133	not available	not available	gel electrophoresis-based separation	11	1	Heart_Protein_Expression_protein4_heart_f11_v02912.RAW	v1.1.0	manual curation	NT=ms-proteomics;VV=v1.1.0	NT=vertebrates;VV=v1.1.0	NT=heart;AC=UBERON:0000948
heart	Mus musculus	heart	not applicable	normal	adult	not available	not available	not available	tissue	1	run_35	proteomic profiling by mass spectrometry	NT=data-dependent acquisition;AC=PRIDE:0000627	NT=LTQ Orbitrap Velos;AC=MS:1001742	AC=MS:1002038;NT=label free sample	NT=Trypsin;AC=MS:1001251	NT=Carbamidomethyl;AC=UNIMOD:4;TA=C;MT=Fixed	NT=Oxidation;AC=UNIMOD:35;TA=M;MT=Variable	NT=collision-induced dissociation;AC=MS:1000133	not available	not available	gel electrophoresis-based separation	12	1	Heart_Protein_Expression_protein4_heart_f12_v02913.RAW	v1.1.0	manual curation	NT=ms-proteomics;VV=v1.1.0	NT=vertebrates;VV=v1.1.0	NT=heart;AC=UBERON:0000948
kidney	Mus musculus	kidney	not applicable	normal	adult	not available	not available	not available	tissue	1	run_36	proteomic profiling by mass spectrometry	NT=data-dependent acquisition;AC=PRIDE:0000627	NT=LTQ Orbitrap Velos;AC=MS:1001742	AC=MS:1002038;NT=label free sample	NT=Trypsin;AC=MS:1001251	NT=Carbamidomethyl;AC=UNIMOD:4;TA=C;MT=Fixed	NT=Oxidation;AC=UNIMOD:35;TA=M;MT=Variable	NT=collision-induced dissociation;AC=MS:1000133	not available	not available	gel electrophoresis-based separation	1	1	Kidney_Protein_Expression_protein4_kidney_f1_v02880.RAW	v1.1.0	manual curation	NT=ms-proteomics;VV=v1.1.0	NT=vertebrates;VV=v1.1.0	NT=kidney;AC=UBERON:0002113
kidney	Mus musculus	kidney	not applicable	normal	adult	not available	not available	not available	tissue	1	run_37	proteomic profiling by mass spectrometry	NT=data-dependent acquisition;AC=PRIDE:0000627	NT=LTQ Orbitrap Velos;AC=MS:1001742	AC=MS:1002038;NT=label free sample	NT=Trypsin;AC=MS:1001251	NT=Carbamidomethyl;AC=UNIMOD:4;TA=C;MT=Fixed	NT=Oxidation;AC=UNIMOD:35;TA=M;MT=Variable	NT=collision-induced dissociation;AC=MS:1000133	not available	not available	gel electrophoresis-based separation	2	1	Kidney_Protein_Expression_protein4_kidney_f2_v02881.RAW	v1.1.0	manual curation	NT=ms-proteomics;VV=v1.1.0	NT=vertebrates;VV=v1.1.0	NT=kidney;AC=UBERON:0002113
kidney	Mus musculus	kidney	not applicable	normal	adult	not available	not available	not available	tissue	1	run_38	proteomic profiling by mass spectrometry	NT=data-dependent acquisition;AC=PRIDE:0000627	NT=LTQ Orbitrap Velos;AC=MS:1001742	AC=MS:1002038;NT=label free sample	NT=Trypsin;AC=MS:1001251	NT=Carbamidomethyl;AC=UNIMOD:4;TA=C;MT=Fixed	NT=Oxidation;AC=UNIMOD:35;TA=M;MT=Variable	NT=collision-induced dissociation;AC=MS:1000133	not available	not available	gel electrophoresis-based separation	3	1	Kidney_Protein_Expression_protein4_kidney_f3_v02882.RAW	v1.1.0	manual curation	NT=ms-proteomics;VV=v1.1.0	NT=vertebrates;VV=v1.1.0	NT=kidney;AC=UBERON:0002113
kidney	Mus musculus	kidney	not applicable	normal	adult	not available	not available	not available	tissue	1	run_39	proteomic profiling by mass spectrometry	NT=data-dependent acquisition;AC=PRIDE:0000627	NT=LTQ Orbitrap Velos;AC=MS:1001742	AC=MS:1002038;NT=label free sample	NT=Trypsin;AC=MS:1001251	NT=Carbamidomethyl;AC=UNIMOD:4;TA=C;MT=Fixed	NT=Oxidation;AC=UNIMOD:35;TA=M;MT=Variable	NT=collision-induced dissociation;AC=MS:1000133	not available	not available	gel electrophoresis-based separation	4	1	Kidney_Protein_Expression_protein4_kidney_f4_v02883.RAW	v1.1.0	manual curation	NT=ms-proteomics;VV=v1.1.0	NT=vertebrates;VV=v1.1.0	NT=kidney;AC=UBERON:0002113
kidney	Mus musculus	kidney	not applicable	normal	adult	not available	not available	not available	tissue	1	run_40	proteomic profiling by mass spectrometry	NT=data-dependent acquisition;AC=PRIDE:0000627	NT=LTQ Orbitrap Velos;AC=MS:1001742	AC=MS:1002038;NT=label free sample	NT=Trypsin;AC=MS:1001251	NT=Carbamidomethyl;AC=UNIMOD:4;TA=C;MT=Fixed	NT=Oxidation;AC=UNIMOD:35;TA=M;MT=Variable	NT=collision-induced dissociation;AC=MS:1000133	not available	not available	gel electrophoresis-based separation	5	1	Kidney_Protein_Expression_protein4_kidney_f5_v02884.RAW	v1.1.0	manual curation	NT=ms-proteomics;VV=v1.1.0	NT=vertebrates;VV=v1.1.0	NT=kidney;AC=UBERON:0002113
kidney	Mus musculus	kidney	not applicable	normal	adult	not available	not available	not available	tissue	1	run_41	proteomic profiling by mass spectrometry	NT=data-dependent acquisition;AC=PRIDE:0000627	NT=LTQ Orbitrap Velos;AC=MS:1001742	AC=MS:1002038;NT=label free sample	NT=Trypsin;AC=MS:1001251	NT=Carbamidomethyl;AC=UNIMOD:4;TA=C;MT=Fixed	NT=Oxidation;AC=UNIMOD:35;TA=M;MT=Variable	NT=collision-induced dissociation;AC=MS:1000133	not available	not available	gel electrophoresis-based separation	6	1	Kidney_Protein_Expression_protein4_kidney_f6_v02886.RAW	v1.1.0	manual curation	NT=ms-proteomics;VV=v1.1.0	NT=vertebrates;VV=v1.1.0	NT=kidney;AC=UBERON:0002113
kidney	Mus musculus	kidney	not applicable	normal	adult	not available	not available	not available	tissue	1	run_42	proteomic profiling by mass spectrometry	NT=data-dependent acquisition;AC=PRIDE:0000627	NT=LTQ Orbitrap Velos;AC=MS:1001742	AC=MS:1002038;NT=label free sample	NT=Trypsin;AC=MS:1001251	NT=Carbamidomethyl;AC=UNIMOD:4;TA=C;MT=Fixed	NT=Oxidation;AC=UNIMOD:35;TA=M;MT=Variable	NT=collision-induced dissociation;AC=MS:1000133	not available	not available	gel electrophoresis-based separation	7	1	Kidney_Protein_Expression_protein4_kidney_f7_v02887.RAW	v1.1.0	manual curation	NT=ms-proteomics;VV=v1.1.0	NT=vertebrates;VV=v1.1.0	NT=kidney;AC=UBERON:0002113
kidney	Mus musculus	kidney	not applicable	normal	adult	not available	not available	not available	tissue	1	run_43	proteomic profiling by mass spectrometry	NT=data-dependent acquisition;AC=PRIDE:0000627	NT=LTQ Orbitrap Velos;AC=MS:1001742	AC=MS:1002038;NT=label free sample	NT=Trypsin;AC=MS:1001251	NT=Carbamidomethyl;AC=UNIMOD:4;TA=C;MT=Fixed	NT=Oxidation;AC=UNIMOD:35;TA=M;MT=Variable	NT=collision-induced dissociation;AC=MS:1000133	not available	not available	gel electrophoresis-based separation	8	1	Kidney_Protein_Expression_protein4_kidney_f8_v02888.RAW	v1.1.0	manual curation	NT=ms-proteomics;VV=v1.1.0	NT=vertebrates;VV=v1.1.0	NT=kidney;AC=UBERON:0002113
kidney	Mus musculus	kidney	not applicable	normal	adult	not available	not available	not available	tissue	1	run_44	proteomic profiling by mass spectrometry	NT=data-dependent acquisition;AC=PRIDE:0000627	NT=LTQ Orbitrap Velos;AC=MS:1001742	AC=MS:1002038;NT=label free sample	NT=Trypsin;AC=MS:1001251	NT=Carbamidomethyl;AC=UNIMOD:4;TA=C;MT=Fixed	NT=Oxidation;AC=UNIMOD:35;TA=M;MT=Variable	NT=collision-induced dissociation;AC=MS:1000133	not available	not available	gel electrophoresis-based separation	9	1	Kidney_Protein_Expression_protein4_kidney_f9_v02889.RAW	v1.1.0	manual curation	NT=ms-proteomics;VV=v1.1.0	NT=vertebrates;VV=v1.1.0	NT=kidney;AC=UBERON:0002113
kidney	Mus musculus	kidney	not applicable	normal	adult	not available	not available	not available	tissue	1	run_45	proteomic profiling by mass spectrometry	NT=data-dependent acquisition;AC=PRIDE:0000627	NT=LTQ Orbitrap Velos;AC=MS:1001742	AC=MS:1002038;NT=label free sample	NT=Trypsin;AC=MS:1001251	NT=Carbamidomethyl;AC=UNIMOD:4;TA=C;MT=Fixed	NT=Oxidation;AC=UNIMOD:35;TA=M;MT=Variable	NT=collision-induced dissociation;AC=MS:1000133	not available	not available	gel electrophoresis-based separation	10	1	Kidney_Protein_Expression_protein4_kidney_f10_v02891.RAW	v1.1.0	manual curation	NT=ms-proteomics;VV=v1.1.0	NT=vertebrates;VV=v1.1.0	NT=kidney;AC=UBERON:0002113
kidney	Mus musculus	kidney	not applicable	normal	adult	not available	not available	not available	tissue	1	run_46	proteomic profiling by mass spectrometry	NT=data-dependent acquisition;AC=PRIDE:0000627	NT=LTQ Orbitrap Velos;AC=MS:1001742	AC=MS:1002038;NT=label free sample	NT=Trypsin;AC=MS:1001251	NT=Carbamidomethyl;AC=UNIMOD:4;TA=C;MT=Fixed	NT=Oxidation;AC=UNIMOD:35;TA=M;MT=Variable	NT=collision-induced dissociation;AC=MS:1000133	not available	not available	gel electrophoresis-based separation	11	1	Kidney_Protein_Expression_protein4_kidney_f11_v02892.RAW	v1.1.0	manual curation	NT=ms-proteomics;VV=v1.1.0	NT=vertebrates;VV=v1.1.0	NT=kidney;AC=UBERON:0002113
kidney	Mus musculus	kidney	not applicable	normal	adult	not available	not available	not available	tissue	1	run_47	proteomic profiling by mass spectrometry	NT=data-dependent acquisition;AC=PRIDE:0000627	NT=LTQ Orbitrap Velos;AC=MS:1001742	AC=MS:1002038;NT=label free sample	NT=Trypsin;AC=MS:1001251	NT=Carbamidomethyl;AC=UNIMOD:4;TA=C;MT=Fixed	NT=Oxidation;AC=UNIMOD:35;TA=M;MT=Variable	NT=collision-induced dissociation;AC=MS:1000133	not available	not available	gel electrophoresis-based separation	12	1	Kidney_Protein_Expression_protein4_kidney_f12_v02893.RAW	v1.1.0	manual curation	NT=ms-proteomics;VV=v1.1.0	NT=vertebrates;VV=v1.1.0	NT=kidney;AC=UBERON:0002113
pancreas	Mus musculus	pancreas	not applicable	normal	adult	not available	not available	not available	tissue	1	run_48	proteomic profiling by mass spectrometry	NT=data-dependent acquisition;AC=PRIDE:0000627	NT=LTQ Orbitrap Velos;AC=MS:1001742	AC=MS:1002038;NT=label free sample	NT=Trypsin;AC=MS:1001251	NT=Carbamidomethyl;AC=UNIMOD:4;TA=C;MT=Fixed	NT=Oxidation;AC=UNIMOD:35;TA=M;MT=Variable	NT=collision-induced dissociation;AC=MS:1000133	not available	not available	gel electrophoresis-based separation	1	1	Pancreas_Protein_Expression_protein4_pancreas_f1_v02798.RAW	v1.1.0	manual curation	NT=ms-proteomics;VV=v1.1.0	NT=vertebrates;VV=v1.1.0	NT=pancreas;AC=UBERON:0001264
pancreas	Mus musculus	pancreas	not applicable	normal	adult	not available	not available	not available	tissue	1	run_49	proteomic profiling by mass spectrometry	NT=data-dependent acquisition;AC=PRIDE:0000627	NT=LTQ Orbitrap Velos;AC=MS:1001742	AC=MS:1002038;NT=label free sample	NT=Trypsin;AC=MS:1001251	NT=Carbamidomethyl;AC=UNIMOD:4;TA=C;MT=Fixed	NT=Oxidation;AC=UNIMOD:35;TA=M;MT=Variable	NT=collision-induced dissociation;AC=MS:1000133	not available	not available	gel electrophoresis-based separation	2	1	Pancreas_Protein_Expression_protein4_pancreas_f2_v02765.RAW	v1.1.0	manual curation	NT=ms-proteomics;VV=v1.1.0	NT=vertebrates;VV=v1.1.0	NT=pancreas;AC=UBERON:0001264
pancreas	Mus musculus	pancreas	not applicable	normal	adult	not available	not available	not available	tissue	1	run_50	proteomic profiling by mass spectrometry	NT=data-dependent acquisition;AC=PRIDE:0000627	NT=LTQ Orbitrap Velos;AC=MS:1001742	AC=MS:1002038;NT=label free sample	NT=Trypsin;AC=MS:1001251	NT=Carbamidomethyl;AC=UNIMOD:4;TA=C;MT=Fixed	NT=Oxidation;AC=UNIMOD:35;TA=M;MT=Variable	NT=collision-induced dissociation;AC=MS:1000133	not available	not available	gel electrophoresis-based separation	3	1	Pancreas_Protein_Expression_protein4_pancreas_f3_v02766.RAW	v1.1.0	manual curation	NT=ms-proteomics;VV=v1.1.0	NT=vertebrates;VV=v1.1.0	NT=pancreas;AC=UBERON:0001264
pancreas	Mus musculus	pancreas	not applicable	normal	adult	not available	not available	not available	tissue	1	run_51	proteomic profiling by mass spectrometry	NT=data-dependent acquisition;AC=PRIDE:0000627	NT=LTQ Orbitrap Velos;AC=MS:1001742	AC=MS:1002038;NT=label free sample	NT=Trypsin;AC=MS:1001251	NT=Carbamidomethyl;AC=UNIMOD:4;TA=C;MT=Fixed	NT=Oxidation;AC=UNIMOD:35;TA=M;MT=Variable	NT=collision-induced dissociation;AC=MS:1000133	not available	not available	gel electrophoresis-based separation	4	1	Pancreas_Protein_Expression_protein4_pancreas_f4_v02767.RAW	v1.1.0	manual curation	NT=ms-proteomics;VV=v1.1.0	NT=vertebrates;VV=v1.1.0	NT=pancreas;AC=UBERON:0001264
pancreas	Mus musculus	pancreas	not applicable	normal	adult	not available	not available	not available	tissue	1	run_52	proteomic profiling by mass spectrometry	NT=data-dependent acquisition;AC=PRIDE:0000627	NT=LTQ Orbitrap Velos;AC=MS:1001742	AC=MS:1002038;NT=label free sample	NT=Trypsin;AC=MS:1001251	NT=Carbamidomethyl;AC=UNIMOD:4;TA=C;MT=Fixed	NT=Oxidation;AC=UNIMOD:35;TA=M;MT=Variable	NT=collision-induced dissociation;AC=MS:1000133	not available	not available	gel electrophoresis-based separation	5	1	Pancreas_Protein_Expression_protein4_pancreas_f5_v02768.RAW	v1.1.0	manual curation	NT=ms-proteomics;VV=v1.1.0	NT=vertebrates;VV=v1.1.0	NT=pancreas;AC=UBERON:0001264
pancreas	Mus musculus	pancreas	not applicable	normal	adult	not available	not available	not available	tissue	1	run_53	proteomic profiling by mass spectrometry	NT=data-dependent acquisition;AC=PRIDE:0000627	NT=LTQ Orbitrap Velos;AC=MS:1001742	AC=MS:1002038;NT=label free sample	NT=Trypsin;AC=MS:1001251	NT=Carbamidomethyl;AC=UNIMOD:4;TA=C;MT=Fixed	NT=Oxidation;AC=UNIMOD:35;TA=M;MT=Variable	NT=collision-induced dissociation;AC=MS:1000133	not available	not available	gel electrophoresis-based separation	6	1	Pancreas_Protein_Expression_protein4_pancreas_f6_v02799.RAW	v1.1.0	manual curation	NT=ms-proteomics;VV=v1.1.0	NT=vertebrates;VV=v1.1.0	NT=pancreas;AC=UBERON:0001264
pancreas	Mus musculus	pancreas	not applicable	normal	adult	not available	not available	not available	tissue	1	run_54	proteomic profiling by mass spectrometry	NT=data-dependent acquisition;AC=PRIDE:0000627	NT=LTQ Orbitrap Velos;AC=MS:1001742	AC=MS:1002038;NT=label free sample	NT=Trypsin;AC=MS:1001251	NT=Carbamidomethyl;AC=UNIMOD:4;TA=C;MT=Fixed	NT=Oxidation;AC=UNIMOD:35;TA=M;MT=Variable	NT=collision-induced dissociation;AC=MS:1000133	not available	not available	gel electrophoresis-based separation	7	1	Pancreas_Protein_Expression_protein4_pancreas_f7_v02800.RAW	v1.1.0	manual curation	NT=ms-proteomics;VV=v1.1.0	NT=vertebrates;VV=v1.1.0	NT=pancreas;AC=UBERON:0001264
pancreas	Mus musculus	pancreas	not applicable	normal	adult	not available	not available	not available	tissue	1	run_55	proteomic profiling by mass spectrometry	NT=data-dependent acquisition;AC=PRIDE:0000627	NT=LTQ Orbitrap Velos;AC=MS:1001742	AC=MS:1002038;NT=label free sample	NT=Trypsin;AC=MS:1001251	NT=Carbamidomethyl;AC=UNIMOD:4;TA=C;MT=Fixed	NT=Oxidation;AC=UNIMOD:35;TA=M;MT=Variable	NT=collision-induced dissociation;AC=MS:1000133	not available	not available	gel electrophoresis-based separation	8	1	Pancreas_Protein_Expression_protein4_pancreas_f8_v02801.RAW	v1.1.0	manual curation	NT=ms-proteomics;VV=v1.1.0	NT=vertebrates;VV=v1.1.0	NT=pancreas;AC=UBERON:0001264
pancreas	Mus musculus	pancreas	not applicable	normal	adult	not available	not available	not available	tissue	1	run_56	proteomic profiling by mass spectrometry	NT=data-dependent acquisition;AC=PRIDE:0000627	NT=LTQ Orbitrap Velos;AC=MS:1001742	AC=MS:1002038;NT=label free sample	NT=Trypsin;AC=MS:1001251	NT=Carbamidomethyl;AC=UNIMOD:4;TA=C;MT=Fixed	NT=Oxidation;AC=UNIMOD:35;TA=M;MT=Variable	NT=collision-induced dissociation;AC=MS:1000133	not available	not available	gel electrophoresis-based separation	9	1	Pancreas_Protein_Expression_protein4_pancreas_f9_v02793.RAW	v1.1.0	manual curation	NT=ms-proteomics;VV=v1.1.0	NT=vertebrates;VV=v1.1.0	NT=pancreas;AC=UBERON:0001264
pancreas	Mus musculus	pancreas	not applicable	normal	adult	not available	not available	not available	tissue	1	run_57	proteomic profiling by mass spectrometry	NT=data-dependent acquisition;AC=PRIDE:0000627	NT=LTQ Orbitrap Velos;AC=MS:1001742	AC=MS:1002038;NT=label free sample	NT=Trypsin;AC=MS:1001251	NT=Carbamidomethyl;AC=UNIMOD:4;TA=C;MT=Fixed	NT=Oxidation;AC=UNIMOD:35;TA=M;MT=Variable	NT=collision-induced dissociation;AC=MS:1000133	not available	not available	gel electrophoresis-based separation	11	1	Pancreas_Protein_Expression_protein4_pancreas_f11_v02796.RAW	v1.1.0	manual curation	NT=ms-proteomics;VV=v1.1.0	NT=vertebrates;VV=v1.1.0	NT=pancreas;AC=UBERON:0001264
pancreas	Mus musculus	pancreas	not applicable	normal	adult	not available	not available	not available	tissue	1	run_58	proteomic profiling by mass spectrometry	NT=data-dependent acquisition;AC=PRIDE:0000627	NT=LTQ Orbitrap Velos;AC=MS:1001742	AC=MS:1002038;NT=label free sample	NT=Trypsin;AC=MS:1001251	NT=Carbamidomethyl;AC=UNIMOD:4;TA=C;MT=Fixed	NT=Oxidation;AC=UNIMOD:35;TA=M;MT=Variable	NT=collision-induced dissociation;AC=MS:1000133	not available	not available	gel electrophoresis-based separation	12	1	Pancreas_Protein_Expression_protein4_pancreas_f12_v02797.RAW	v1.1.0	manual curation	NT=ms-proteomics;VV=v1.1.0	NT=vertebrates;VV=v1.1.0	NT=pancreas;AC=UBERON:0001264
spleen	Mus musculus	spleen	not applicable	normal	adult	not available	not available	not available	tissue	1	run_59	proteomic profiling by mass spectrometry	NT=data-dependent acquisition;AC=PRIDE:0000627	NT=LTQ Orbitrap Velos;AC=MS:1001742	AC=MS:1002038;NT=label free sample	NT=Trypsin;AC=MS:1001251	NT=Carbamidomethyl;AC=UNIMOD:4;TA=C;MT=Fixed	NT=Oxidation;AC=UNIMOD:35;TA=M;MT=Variable	NT=collision-induced dissociation;AC=MS:1000133	not available	not available	gel electrophoresis-based separation	1	1	Spleen_Protein_Expression_protein4a_spleen_f1_v02959.RAW	v1.1.0	manual curation	NT=ms-proteomics;VV=v1.1.0	NT=vertebrates;VV=v1.1.0	NT=spleen;AC=UBERON:0002106
spleen	Mus musculus	spleen	not applicable	normal	adult	not available	not available	not available	tissue	1	run_60	proteomic profiling by mass spectrometry	NT=data-dependent acquisition;AC=PRIDE:0000627	NT=LTQ Orbitrap Velos;AC=MS:1001742	AC=MS:1002038;NT=label free sample	NT=Trypsin;AC=MS:1001251	NT=Carbamidomethyl;AC=UNIMOD:4;TA=C;MT=Fixed	NT=Oxidation;AC=UNIMOD:35;TA=M;MT=Variable	NT=collision-induced dissociation;AC=MS:1000133	not available	not available	gel electrophoresis-based separation	2	1	Spleen_Protein_Expression_protein4a_spleen_f2_v02960.RAW	v1.1.0	manual curation	NT=ms-proteomics;VV=v1.1.0	NT=vertebrates;VV=v1.1.0	NT=spleen;AC=UBERON:0002106
spleen	Mus musculus	spleen	not applicable	normal	adult	not available	not available	not available	tissue	1	run_61	proteomic profiling by mass spectrometry	NT=data-dependent acquisition;AC=PRIDE:0000627	NT=LTQ Orbitrap Velos;AC=MS:1001742	AC=MS:1002038;NT=label free sample	NT=Trypsin;AC=MS:1001251	NT=Carbamidomethyl;AC=UNIMOD:4;TA=C;MT=Fixed	NT=Oxidation;AC=UNIMOD:35;TA=M;MT=Variable	NT=collision-induced dissociation;AC=MS:1000133	not available	not available	gel electrophoresis-based separation	3	1	Spleen_Protein_Expression_protein4a_spleen_f3_v02966.RAW	v1.1.0	manual curation	NT=ms-proteomics;VV=v1.1.0	NT=vertebrates;VV=v1.1.0	NT=spleen;AC=UBERON:0002106
spleen	Mus musculus	spleen	not applicable	normal	adult	not available	not available	not available	tissue	1	run_62	proteomic profiling by mass spectrometry	NT=data-dependent acquisition;AC=PRIDE:0000627	NT=LTQ Orbitrap Velos;AC=MS:1001742	AC=MS:1002038;NT=label free sample	NT=Trypsin;AC=MS:1001251	NT=Carbamidomethyl;AC=UNIMOD:4;TA=C;MT=Fixed	NT=Oxidation;AC=UNIMOD:35;TA=M;MT=Variable	NT=collision-induced dissociation;AC=MS:1000133	not available	not available	gel electrophoresis-based separation	4	1	Spleen_Protein_Expression_protein4a_spleen_f4_v02967.RAW	v1.1.0	manual curation	NT=ms-proteomics;VV=v1.1.0	NT=vertebrates;VV=v1.1.0	NT=spleen;AC=UBERON:0002106
spleen	Mus musculus	spleen	not applicable	normal	adult	not available	not available	not available	tissue	1	run_63	proteomic profiling by mass spectrometry	NT=data-dependent acquisition;AC=PRIDE:0000627	NT=LTQ Orbitrap Velos;AC=MS:1001742	AC=MS:1002038;NT=label free sample	NT=Trypsin;AC=MS:1001251	NT=Carbamidomethyl;AC=UNIMOD:4;TA=C;MT=Fixed	NT=Oxidation;AC=UNIMOD:35;TA=M;MT=Variable	NT=collision-induced dissociation;AC=MS:1000133	not available	not available	gel electrophoresis-based separation	5	1	Spleen_Protein_Expression_protein4a_spleen_f5_v02968.RAW	v1.1.0	manual curation	NT=ms-proteomics;VV=v1.1.0	NT=vertebrates;VV=v1.1.0	NT=spleen;AC=UBERON:0002106
spleen	Mus musculus	spleen	not applicable	normal	adult	not available	not available	not available	tissue	1	run_64	proteomic profiling by mass spectrometry	NT=data-dependent acquisition;AC=PRIDE:0000627	NT=LTQ Orbitrap Velos;AC=MS:1001742	AC=MS:1002038;NT=label free sample	NT=Trypsin;AC=MS:1001251	NT=Carbamidomethyl;AC=UNIMOD:4;TA=C;MT=Fixed	NT=Oxidation;AC=UNIMOD:35;TA=M;MT=Variable	NT=collision-induced dissociation;AC=MS:1000133	not available	not available	gel electrophoresis-based separation	6	1	Spleen_Protein_Expression_protein4a_spleen_f6_v02970.RAW	v1.1.0	manual curation	NT=ms-proteomics;VV=v1.1.0	NT=vertebrates;VV=v1.1.0	NT=spleen;AC=UBERON:0002106
spleen	Mus musculus	spleen	not applicable	normal	adult	not available	not available	not available	tissue	1	run_65	proteomic profiling by mass spectrometry	NT=data-dependent acquisition;AC=PRIDE:0000627	NT=LTQ Orbitrap Velos;AC=MS:1001742	AC=MS:1002038;NT=label free sample	NT=Trypsin;AC=MS:1001251	NT=Carbamidomethyl;AC=UNIMOD:4;TA=C;MT=Fixed	NT=Oxidation;AC=UNIMOD:35;TA=M;MT=Variable	NT=collision-induced dissociation;AC=MS:1000133	not available	not available	gel electrophoresis-based separation	7	1	Spleen_Protein_Expression_protein4a_spleen_f7_v02971.RAW	v1.1.0	manual curation	NT=ms-proteomics;VV=v1.1.0	NT=vertebrates;VV=v1.1.0	NT=spleen;AC=UBERON:0002106
spleen	Mus musculus	spleen	not applicable	normal	adult	not available	not available	not available	tissue	1	run_66	proteomic profiling by mass spectrometry	NT=data-dependent acquisition;AC=PRIDE:0000627	NT=LTQ Orbitrap Velos;AC=MS:1001742	AC=MS:1002038;NT=label free sample	NT=Trypsin;AC=MS:1001251	NT=Carbamidomethyl;AC=UNIMOD:4;TA=C;MT=Fixed	NT=Oxidation;AC=UNIMOD:35;TA=M;MT=Variable	NT=collision-induced dissociation;AC=MS:1000133	not available	not available	gel electrophoresis-based separation	8	1	Spleen_Protein_Expression_protein4a_spleen_f8_v02972.RAW	v1.1.0	manual curation	NT=ms-proteomics;VV=v1.1.0	NT=vertebrates;VV=v1.1.0	NT=spleen;AC=UBERON:0002106
spleen	Mus musculus	spleen	not applicable	normal	adult	not available	not available	not available	tissue	1	run_67	proteomic profiling by mass spectrometry	NT=data-dependent acquisition;AC=PRIDE:0000627	NT=LTQ Orbitrap Velos;AC=MS:1001742	AC=MS:1002038;NT=label free sample	NT=Trypsin;AC=MS:1001251	NT=Carbamidomethyl;AC=UNIMOD:4;TA=C;MT=Fixed	NT=Oxidation;AC=UNIMOD:35;TA=M;MT=Variable	NT=collision-induced dissociation;AC=MS:1000133	not available	not available	gel electrophoresis-based separation	9	1	Spleen_Protein_Expression_protein4a_spleen_f9_v02973.RAW	v1.1.0	manual curation	NT=ms-proteomics;VV=v1.1.0	NT=vertebrates;VV=v1.1.0	NT=spleen;AC=UBERON:0002106
spleen	Mus musculus	spleen	not applicable	normal	adult	not available	not available	not available	tissue	1	run_68	proteomic profiling by mass spectrometry	NT=data-dependent acquisition;AC=PRIDE:0000627	NT=LTQ Orbitrap Velos;AC=MS:1001742	AC=MS:1002038;NT=label free sample	NT=Trypsin;AC=MS:1001251	NT=Carbamidomethyl;AC=UNIMOD:4;TA=C;MT=Fixed	NT=Oxidation;AC=UNIMOD:35;TA=M;MT=Variable	NT=collision-induced dissociation;AC=MS:1000133	not available	not available	gel electrophoresis-based separation	10	1	Spleen_Protein_Expression_protein4a_spleen_f10_v02975.RAW	v1.1.0	manual curation	NT=ms-proteomics;VV=v1.1.0	NT=vertebrates;VV=v1.1.0	NT=spleen;AC=UBERON:0002106
spleen	Mus musculus	spleen	not applicable	normal	adult	not available	not available	not available	tissue	1	run_69	proteomic profiling by mass spectrometry	NT=data-dependent acquisition;AC=PRIDE:0000627	NT=LTQ Orbitrap Velos;AC=MS:1001742	AC=MS:1002038;NT=label free sample	NT=Trypsin;AC=MS:1001251	NT=Carbamidomethyl;AC=UNIMOD:4;TA=C;MT=Fixed	NT=Oxidation;AC=UNIMOD:35;TA=M;MT=Variable	NT=collision-induced dissociation;AC=MS:1000133	not available	not available	gel electrophoresis-based separation	11	1	Spleen_Protein_Expression_protein4a_spleen_f11_v02976.RAW	v1.1.0	manual curation	NT=ms-proteomics;VV=v1.1.0	NT=vertebrates;VV=v1.1.0	NT=spleen;AC=UBERON:0002106
spleen	Mus musculus	spleen	not applicable	normal	adult	not available	not available	not available	tissue	1	run_70	proteomic profiling by mass spectrometry	NT=data-dependent acquisition;AC=PRIDE:0000627	NT=LTQ Orbitrap Velos;AC=MS:1001742	AC=MS:1002038;NT=label free sample	NT=Trypsin;AC=MS:1001251	NT=Carbamidomethyl;AC=UNIMOD:4;TA=C;MT=Fixed	NT=Oxidation;AC=UNIMOD:35;TA=M;MT=Variable	NT=collision-induced dissociation;AC=MS:1000133	not available	not available	gel electrophoresis-based separation	11	2	Spleen_Protein_Expression_protein4a_spleenv2_f11_v02999.RAW	v1.1.0	manual curation	NT=ms-proteomics;VV=v1.1.0	NT=vertebrates;VV=v1.1.0	NT=spleen;AC=UBERON:0002106
spleen	Mus musculus	spleen	not applicable	normal	adult	not available	not available	not available	tissue	1	run_71	proteomic profiling by mass spectrometry	NT=data-dependent acquisition;AC=PRIDE:0000627	NT=LTQ Orbitrap Velos;AC=MS:1001742	AC=MS:1002038;NT=label free sample	NT=Trypsin;AC=MS:1001251	NT=Carbamidomethyl;AC=UNIMOD:4;TA=C;MT=Fixed	NT=Oxidation;AC=UNIMOD:35;TA=M;MT=Variable	NT=collision-induced dissociation;AC=MS:1000133	not available	not available	gel electrophoresis-based separation	12	1	Spleen_Protein_Expression_protein4a_spleen_f12_v02977.RAW	v1.1.0	manual curation	NT=ms-proteomics;VV=v1.1.0	NT=vertebrates;VV=v1.1.0	NT=spleen;AC=UBERON:0002106
liver	Mus musculus	liver	not applicable	normal	adult	not available	not available	not available	tissue	1	run_72	proteomic profiling by mass spectrometry	NT=data-dependent acquisition;AC=PRIDE:0000627	NT=LTQ Orbitrap Velos;AC=MS:1001742	AC=MS:1002038;NT=label free sample	NT=Trypsin;AC=MS:1001251	NT=Carbamidomethyl;AC=UNIMOD:4;TA=C;MT=Fixed	NT=Oxidation;AC=UNIMOD:35;TA=M;MT=Variable	NT=collision-induced dissociation;AC=MS:1000133	not available	not available	gel electrophoresis-based separation	1	1	liver_Protein_Expression_protein4_liver_f1_02858.RAW	v1.1.0	manual curation	NT=ms-proteomics;VV=v1.1.0	NT=vertebrates;VV=v1.1.0	NT=liver;AC=UBERON:0002107
liver	Mus musculus	liver	not applicable	normal	adult	not available	not available	not available	tissue	1	run_73	proteomic profiling by mass spectrometry	NT=data-dependent acquisition;AC=PRIDE:0000627	NT=LTQ Orbitrap Velos;AC=MS:1001742	AC=MS:1002038;NT=label free sample	NT=Trypsin;AC=MS:1001251	NT=Carbamidomethyl;AC=UNIMOD:4;TA=C;MT=Fixed	NT=Oxidation;AC=UNIMOD:35;TA=M;MT=Variable	NT=collision-induced dissociation;AC=MS:1000133	not available	not available	gel electrophoresis-based separation	2	1	liver_Protein_Expression_protein_liver_f2_v02859.RAW	v1.1.0	manual curation	NT=ms-proteomics;VV=v1.1.0	NT=vertebrates;VV=v1.1.0	NT=liver;AC=UBERON:0002107
liver	Mus musculus	liver	not applicable	normal	adult	not available	not available	not available	tissue	1	run_74	proteomic profiling by mass spectrometry	NT=data-dependent acquisition;AC=PRIDE:0000627	NT=LTQ Orbitrap Velos;AC=MS:1001742	AC=MS:1002038;NT=label free sample	NT=Trypsin;AC=MS:1001251	NT=Carbamidomethyl;AC=UNIMOD:4;TA=C;MT=Fixed	NT=Oxidation;AC=UNIMOD:35;TA=M;MT=Variable	NT=collision-induced dissociation;AC=MS:1000133	not available	not available	gel electrophoresis-based separation	3	1	liver_Protein_Expression_protein_liver_f3_v02860.RAW	v1.1.0	manual curation	NT=ms-proteomics;VV=v1.1.0	NT=vertebrates;VV=v1.1.0	NT=liver;AC=UBERON:0002107
liver	Mus musculus	liver	not applicable	normal	adult	not available	not available	not available	tissue	1	run_75	proteomic profiling by mass spectrometry	NT=data-dependent acquisition;AC=PRIDE:0000627	NT=LTQ Orbitrap Velos;AC=MS:1001742	AC=MS:1002038;NT=label free sample	NT=Trypsin;AC=MS:1001251	NT=Carbamidomethyl;AC=UNIMOD:4;TA=C;MT=Fixed	NT=Oxidation;AC=UNIMOD:35;TA=M;MT=Variable	NT=collision-induced dissociation;AC=MS:1000133	not available	not available	gel electrophoresis-based separation	4	1	liver_Protein_Expression_protein_liver_f4_v02861.RAW	v1.1.0	manual curation	NT=ms-proteomics;VV=v1.1.0	NT=vertebrates;VV=v1.1.0	NT=liver;AC=UBERON:0002107
liver	Mus musculus	liver	not applicable	normal	adult	not available	not available	not available	tissue	1	run_76	proteomic profiling by mass spectrometry	NT=data-dependent acquisition;AC=PRIDE:0000627	NT=LTQ Orbitrap Velos;AC=MS:1001742	AC=MS:1002038;NT=label free sample	NT=Trypsin;AC=MS:1001251	NT=Carbamidomethyl;AC=UNIMOD:4;TA=C;MT=Fixed	NT=Oxidation;AC=UNIMOD:35;TA=M;MT=Variable	NT=collision-induced dissociation;AC=MS:1000133	not available	not available	gel electrophoresis-based separation	5	1	liver_Protein_Expression_protein_liver_f5_v02862.RAW	v1.1.0	manual curation	NT=ms-proteomics;VV=v1.1.0	NT=vertebrates;VV=v1.1.0	NT=liver;AC=UBERON:0002107
liver	Mus musculus	liver	not applicable	normal	adult	not available	not available	not available	tissue	1	run_77	proteomic profiling by mass spectrometry	NT=data-dependent acquisition;AC=PRIDE:0000627	NT=LTQ Orbitrap Velos;AC=MS:1001742	AC=MS:1002038;NT=label free sample	NT=Trypsin;AC=MS:1001251	NT=Carbamidomethyl;AC=UNIMOD:4;TA=C;MT=Fixed	NT=Oxidation;AC=UNIMOD:35;TA=M;MT=Variable	NT=collision-induced dissociation;AC=MS:1000133	not available	not available	gel electrophoresis-based separation	6	1	liver_Protein_Expression_protein4_liver_f6_v02864.RAW	v1.1.0	manual curation	NT=ms-proteomics;VV=v1.1.0	NT=vertebrates;VV=v1.1.0	NT=liver;AC=UBERON:0002107
liver	Mus musculus	liver	not applicable	normal	adult	not available	not available	not available	tissue	1	run_78	proteomic profiling by mass spectrometry	NT=data-dependent acquisition;AC=PRIDE:0000627	NT=LTQ Orbitrap Velos;AC=MS:1001742	AC=MS:1002038;NT=label free sample	NT=Trypsin;AC=MS:1001251	NT=Carbamidomethyl;AC=UNIMOD:4;TA=C;MT=Fixed	NT=Oxidation;AC=UNIMOD:35;TA=M;MT=Variable	NT=collision-induced dissociation;AC=MS:1000133	not available	not available	gel electrophoresis-based separation	7	1	liver_Protein_Expression_protein4_liver_f7_v02865.RAW	v1.1.0	manual curation	NT=ms-proteomics;VV=v1.1.0	NT=vertebrates;VV=v1.1.0	NT=liver;AC=UBERON:0002107
liver	Mus musculus	liver	not applicable	normal	adult	not available	not available	not available	tissue	1	run_79	proteomic profiling by mass spectrometry	NT=data-dependent acquisition;AC=PRIDE:0000627	NT=LTQ Orbitrap Velos;AC=MS:1001742	AC=MS:1002038;NT=label free sample	NT=Trypsin;AC=MS:1001251	NT=Carbamidomethyl;AC=UNIMOD:4;TA=C;MT=Fixed	NT=Oxidation;AC=UNIMOD:35;TA=M;MT=Variable	NT=collision-induced dissociation;AC=MS:1000133	not available	not available	gel electrophoresis-based separation	8	1	liver_Protein_Expression_protein4_liver_f8_v02866.RAW	v1.1.0	manual curation	NT=ms-proteomics;VV=v1.1.0	NT=vertebrates;VV=v1.1.0	NT=liver;AC=UBERON:0002107
liver	Mus musculus	liver	not applicable	normal	adult	not available	not available	not available	tissue	1	run_80	proteomic profiling by mass spectrometry	NT=data-dependent acquisition;AC=PRIDE:0000627	NT=LTQ Orbitrap Velos;AC=MS:1001742	AC=MS:1002038;NT=label free sample	NT=Trypsin;AC=MS:1001251	NT=Carbamidomethyl;AC=UNIMOD:4;TA=C;MT=Fixed	NT=Oxidation;AC=UNIMOD:35;TA=M;MT=Variable	NT=collision-induced dissociation;AC=MS:1000133	not available	not available	gel electrophoresis-based separation	9	1	liver_Protein_Expression_protein4_liver_f9_v02867.RAW	v1.1.0	manual curation	NT=ms-proteomics;VV=v1.1.0	NT=vertebrates;VV=v1.1.0	NT=liver;AC=UBERON:0002107
liver	Mus musculus	liver	not applicable	normal	adult	not available	not available	not available	tissue	1	run_81	proteomic profiling by mass spectrometry	NT=data-dependent acquisition;AC=PRIDE:0000627	NT=LTQ Orbitrap Velos;AC=MS:1001742	AC=MS:1002038;NT=label free sample	NT=Trypsin;AC=MS:1001251	NT=Carbamidomethyl;AC=UNIMOD:4;TA=C;MT=Fixed	NT=Oxidation;AC=UNIMOD:35;TA=M;MT=Variable	NT=collision-induced dissociation;AC=MS:1000133	not available	not available	gel electrophoresis-based separation	10	1	liver_Protein_Expression_protein4_liver_f10_v02869.RAW	v1.1.0	manual curation	NT=ms-proteomics;VV=v1.1.0	NT=vertebrates;VV=v1.1.0	NT=liver;AC=UBERON:0002107
liver	Mus musculus	liver	not applicable	normal	adult	not available	not available	not available	tissue	1	run_82	proteomic profiling by mass spectrometry	NT=data-dependent acquisition;AC=PRIDE:0000627	NT=LTQ Orbitrap Velos;AC=MS:1001742	AC=MS:1002038;NT=label free sample	NT=Trypsin;AC=MS:1001251	NT=Carbamidomethyl;AC=UNIMOD:4;TA=C;MT=Fixed	NT=Oxidation;AC=UNIMOD:35;TA=M;MT=Variable	NT=collision-induced dissociation;AC=MS:1000133	not available	not available	gel electrophoresis-based separation	11	1	liver_Protein_Expression_protein4_liver_f11_v02870.RAW	v1.1.0	manual curation	NT=ms-proteomics;VV=v1.1.0	NT=vertebrates;VV=v1.1.0	NT=liver;AC=UBERON:0002107
liver	Mus musculus	liver	not applicable	normal	adult	not available	not available	not available	tissue	1	run_83	proteomic profiling by mass spectrometry	NT=data-dependent acquisition;AC=PRIDE:0000627	NT=LTQ Orbitrap Velos;AC=MS:1001742	AC=MS:1002038;NT=label free sample	NT=Trypsin;AC=MS:1001251	NT=Carbamidomethyl;AC=UNIMOD:4;TA=C;MT=Fixed	NT=Oxidation;AC=UNIMOD:35;TA=M;MT=Variable	NT=collision-induced dissociation;AC=MS:1000133	not available	not available	gel electrophoresis-based separation	12	1	liver_Protein_Expression_protein4_liver_f12_v02871.RAW	v1.1.0	manual curation	NT=ms-proteomics;VV=v1.1.0	NT=vertebrates;VV=v1.1.0	NT=liver;AC=UBERON:0002107
lung	Mus musculus	lung	not applicable	normal	adult	not available	not available	not available	tissue	1	run_84	proteomic profiling by mass spectrometry	NT=data-dependent acquisition;AC=PRIDE:0000627	NT=LTQ Orbitrap Velos;AC=MS:1001742	AC=MS:1002038;NT=label free sample	NT=Trypsin;AC=MS:1001251	NT=Carbamidomethyl;AC=UNIMOD:4;TA=C;MT=Fixed	NT=Oxidation;AC=UNIMOD:35;TA=M;MT=Variable	NT=collision-induced dissociation;AC=MS:1000133	not available	not available	gel electrophoresis-based separation	1	1	lung_Protein_Expression_protein4_lung_f1_v02805.RAW	v1.1.0	manual curation	NT=ms-proteomics;VV=v1.1.0	NT=vertebrates;VV=v1.1.0	NT=lung;AC=UBERON:0002048
lung	Mus musculus	lung	not applicable	normal	adult	not available	not available	not available	tissue	1	run_85	proteomic profiling by mass spectrometry	NT=data-dependent acquisition;AC=PRIDE:0000627	NT=LTQ Orbitrap Velos;AC=MS:1001742	AC=MS:1002038;NT=label free sample	NT=Trypsin;AC=MS:1001251	NT=Carbamidomethyl;AC=UNIMOD:4;TA=C;MT=Fixed	NT=Oxidation;AC=UNIMOD:35;TA=M;MT=Variable	NT=collision-induced dissociation;AC=MS:1000133	not available	not available	gel electrophoresis-based separation	2	1	lung_Protein_Expression_protein4_lung_f2_v02806.RAW	v1.1.0	manual curation	NT=ms-proteomics;VV=v1.1.0	NT=vertebrates;VV=v1.1.0	NT=lung;AC=UBERON:0002048
lung	Mus musculus	lung	not applicable	normal	adult	not available	not available	not available	tissue	1	run_86	proteomic profiling by mass spectrometry	NT=data-dependent acquisition;AC=PRIDE:0000627	NT=LTQ Orbitrap Velos;AC=MS:1001742	AC=MS:1002038;NT=label free sample	NT=Trypsin;AC=MS:1001251	NT=Carbamidomethyl;AC=UNIMOD:4;TA=C;MT=Fixed	NT=Oxidation;AC=UNIMOD:35;TA=M;MT=Variable	NT=collision-induced dissociation;AC=MS:1000133	not available	not available	gel electrophoresis-based separation	3	1	lung_Protein_Expression_protein4_lung_f3_v02807.RAW	v1.1.0	manual curation	NT=ms-proteomics;VV=v1.1.0	NT=vertebrates;VV=v1.1.0	NT=lung;AC=UBERON:0002048
lung	Mus musculus	lung	not applicable	normal	adult	not available	not available	not available	tissue	1	run_87	proteomic profiling by mass spectrometry	NT=data-dependent acquisition;AC=PRIDE:0000627	NT=LTQ Orbitrap Velos;AC=MS:1001742	AC=MS:1002038;NT=label free sample	NT=Trypsin;AC=MS:1001251	NT=Carbamidomethyl;AC=UNIMOD:4;TA=C;MT=Fixed	NT=Oxidation;AC=UNIMOD:35;TA=M;MT=Variable	NT=collision-induced dissociation;AC=MS:1000133	not available	not available	gel electrophoresis-based separation	4	1	lung_Protein_Expression_protein4_lung_f4_v02808.RAW	v1.1.0	manual curation	NT=ms-proteomics;VV=v1.1.0	NT=vertebrates;VV=v1.1.0	NT=lung;AC=UBERON:0002048
lung	Mus musculus	lung	not applicable	normal	adult	not available	not available	not available	tissue	1	run_88	proteomic profiling by mass spectrometry	NT=data-dependent acquisition;AC=PRIDE:0000627	NT=LTQ Orbitrap Velos;AC=MS:1001742	AC=MS:1002038;NT=label free sample	NT=Trypsin;AC=MS:1001251	NT=Carbamidomethyl;AC=UNIMOD:4;TA=C;MT=Fixed	NT=Oxidation;AC=UNIMOD:35;TA=M;MT=Variable	NT=collision-induced dissociation;AC=MS:1000133	not available	not available	gel electrophoresis-based separation	5	1	lung_Protein_Expression_protein4_lung_f5_v02809.RAW	v1.1.0	manual curation	NT=ms-proteomics;VV=v1.1.0	NT=vertebrates;VV=v1.1.0	NT=lung;AC=UBERON:0002048
lung	Mus musculus	lung	not applicable	normal	adult	not available	not available	not available	tissue	1	run_89	proteomic profiling by mass spectrometry	NT=data-dependent acquisition;AC=PRIDE:0000627	NT=LTQ Orbitrap Velos;AC=MS:1001742	AC=MS:1002038;NT=label free sample	NT=Trypsin;AC=MS:1001251	NT=Carbamidomethyl;AC=UNIMOD:4;TA=C;MT=Fixed	NT=Oxidation;AC=UNIMOD:35;TA=M;MT=Variable	NT=collision-induced dissociation;AC=MS:1000133	not available	not available	gel electrophoresis-based separation	6	1	lung_Protein_Expression_protein4_lung_f6_v02811.RAW	v1.1.0	manual curation	NT=ms-proteomics;VV=v1.1.0	NT=vertebrates;VV=v1.1.0	NT=lung;AC=UBERON:0002048
lung	Mus musculus	lung	not applicable	normal	adult	not available	not available	not available	tissue	1	run_90	proteomic profiling by mass spectrometry	NT=data-dependent acquisition;AC=PRIDE:0000627	NT=LTQ Orbitrap Velos;AC=MS:1001742	AC=MS:1002038;NT=label free sample	NT=Trypsin;AC=MS:1001251	NT=Carbamidomethyl;AC=UNIMOD:4;TA=C;MT=Fixed	NT=Oxidation;AC=UNIMOD:35;TA=M;MT=Variable	NT=collision-induced dissociation;AC=MS:1000133	not available	not available	gel electrophoresis-based separation	7	1	lung_Protein_Expression_protein4_lung_f7_v02812.RAW	v1.1.0	manual curation	NT=ms-proteomics;VV=v1.1.0	NT=vertebrates;VV=v1.1.0	NT=lung;AC=UBERON:0002048
lung	Mus musculus	lung	not applicable	normal	adult	not available	not available	not available	tissue	1	run_91	proteomic profiling by mass spectrometry	NT=data-dependent acquisition;AC=PRIDE:0000627	NT=LTQ Orbitrap Velos;AC=MS:1001742	AC=MS:1002038;NT=label free sample	NT=Trypsin;AC=MS:1001251	NT=Carbamidomethyl;AC=UNIMOD:4;TA=C;MT=Fixed	NT=Oxidation;AC=UNIMOD:35;TA=M;MT=Variable	NT=collision-induced dissociation;AC=MS:1000133	not available	not available	gel electrophoresis-based separation	8	1	lung_Protein_Expression_protein4_lung_f8_v02813.RAW	v1.1.0	manual curation	NT=ms-proteomics;VV=v1.1.0	NT=vertebrates;VV=v1.1.0	NT=lung;AC=UBERON:0002048
lung	Mus musculus	lung	not applicable	normal	adult	not available	not available	not available	tissue	1	run_92	proteomic profiling by mass spectrometry	NT=data-dependent acquisition;AC=PRIDE:0000627	NT=LTQ Orbitrap Velos;AC=MS:1001742	AC=MS:1002038;NT=label free sample	NT=Trypsin;AC=MS:1001251	NT=Carbamidomethyl;AC=UNIMOD:4;TA=C;MT=Fixed	NT=Oxidation;AC=UNIMOD:35;TA=M;MT=Variable	NT=collision-induced dissociation;AC=MS:1000133	not available	not available	gel electrophoresis-based separation	9	1	lung_Protein_Expression_protein4_lung_f9_v02814.RAW	v1.1.0	manual curation	NT=ms-proteomics;VV=v1.1.0	NT=vertebrates;VV=v1.1.0	NT=lung;AC=UBERON:0002048
lung	Mus musculus	lung	not applicable	normal	adult	not available	not available	not available	tissue	1	run_93	proteomic profiling by mass spectrometry	NT=data-dependent acquisition;AC=PRIDE:0000627	NT=LTQ Orbitrap Velos;AC=MS:1001742	AC=MS:1002038;NT=label free sample	NT=Trypsin;AC=MS:1001251	NT=Carbamidomethyl;AC=UNIMOD:4;TA=C;MT=Fixed	NT=Oxidation;AC=UNIMOD:35;TA=M;MT=Variable	NT=collision-induced dissociation;AC=MS:1000133	not available	not available	gel electrophoresis-based separation	10	1	lung_Protein_Expression_protein4_lung_f10_v02816.RAW	v1.1.0	manual curation	NT=ms-proteomics;VV=v1.1.0	NT=vertebrates;VV=v1.1.0	NT=lung;AC=UBERON:0002048
lung	Mus musculus	lung	not applicable	normal	adult	not available	not available	not available	tissue	1	run_94	proteomic profiling by mass spectrometry	NT=data-dependent acquisition;AC=PRIDE:0000627	NT=LTQ Orbitrap Velos;AC=MS:1001742	AC=MS:1002038;NT=label free sample	NT=Trypsin;AC=MS:1001251	NT=Carbamidomethyl;AC=UNIMOD:4;TA=C;MT=Fixed	NT=Oxidation;AC=UNIMOD:35;TA=M;MT=Variable	NT=collision-induced dissociation;AC=MS:1000133	not available	not available	gel electrophoresis-based separation	11	1	lung_Protein_Expression_protein4_lung_f11_v02817.RAW	v1.1.0	manual curation	NT=ms-proteomics;VV=v1.1.0	NT=vertebrates;VV=v1.1.0	NT=lung;AC=UBERON:0002048
lung	Mus musculus	lung	not applicable	normal	adult	not available	not available	not available	tissue	1	run_95	proteomic profiling by mass spectrometry	NT=data-dependent acquisition;AC=PRIDE:0000627	NT=LTQ Orbitrap Velos;AC=MS:1001742	AC=MS:1002038;NT=label free sample	NT=Trypsin;AC=MS:1001251	NT=Carbamidomethyl;AC=UNIMOD:4;TA=C;MT=Fixed	NT=Oxidation;AC=UNIMOD:35;TA=M;MT=Variable	NT=collision-induced dissociation;AC=MS:1000133	not available	not available	gel electrophoresis-based separation	12	1	lung_Protein_Expression_protein4_lung_f12_v02818.RAW	v1.1.0	manual curation	NT=ms-proteomics;VV=v1.1.0	NT=vertebrates;VV=v1.1.0	NT=lung;AC=UBERON:0002048
testis	Mus musculus	testis	not applicable	normal	adult	not available	not available	not available	tissue	1	run_96	proteomic profiling by mass spectrometry	NT=data-dependent acquisition;AC=PRIDE:0000627	NT=LTQ Orbitrap Velos;AC=MS:1001742	AC=MS:1002038;NT=label free sample	NT=Trypsin;AC=MS:1001251	NT=Carbamidomethyl;AC=UNIMOD:4;TA=C;MT=Fixed	NT=Oxidation;AC=UNIMOD:35;TA=M;MT=Variable	NT=collision-induced dissociation;AC=MS:1000133	not available	not available	gel electrophoresis-based separation	1	1	testis_Protein_Expression_protein4a_testis_f1_v02984.RAW	v1.1.0	manual curation	NT=ms-proteomics;VV=v1.1.0	NT=vertebrates;VV=v1.1.0	NT=testis;AC=UBERON:0000473
testis	Mus musculus	testis	not applicable	normal	adult	not available	not available	not available	tissue	1	run_97	proteomic profiling by mass spectrometry	NT=data-dependent acquisition;AC=PRIDE:0000627	NT=LTQ Orbitrap Velos;AC=MS:1001742	AC=MS:1002038;NT=label free sample	NT=Trypsin;AC=MS:1001251	NT=Carbamidomethyl;AC=UNIMOD:4;TA=C;MT=Fixed	NT=Oxidation;AC=UNIMOD:35;TA=M;MT=Variable	NT=collision-induced dissociation;AC=MS:1000133	not available	not available	gel electrophoresis-based separation	2	1	testis_Protein_Expression_protein4a_testis_f2_v02985.RAW	v1.1.0	manual curation	NT=ms-proteomics;VV=v1.1.0	NT=vertebrates;VV=v1.1.0	NT=testis;AC=UBERON:0000473
testis	Mus musculus	testis	not applicable	normal	adult	not available	not available	not available	tissue	1	run_98	proteomic profiling by mass spectrometry	NT=data-dependent acquisition;AC=PRIDE:0000627	NT=LTQ Orbitrap Velos;AC=MS:1001742	AC=MS:1002038;NT=label free sample	NT=Trypsin;AC=MS:1001251	NT=Carbamidomethyl;AC=UNIMOD:4;TA=C;MT=Fixed	NT=Oxidation;AC=UNIMOD:35;TA=M;MT=Variable	NT=collision-induced dissociation;AC=MS:1000133	not available	not available	gel electrophoresis-based separation	3	1	testis_Protein_Expression_protein4a_testis_f3_v02986.RAW	v1.1.0	manual curation	NT=ms-proteomics;VV=v1.1.0	NT=vertebrates;VV=v1.1.0	NT=testis;AC=UBERON:0000473
testis	Mus musculus	testis	not applicable	normal	adult	not available	not available	not available	tissue	1	run_99	proteomic profiling by mass spectrometry	NT=data-dependent acquisition;AC=PRIDE:0000627	NT=LTQ Orbitrap Velos;AC=MS:1001742	AC=MS:1002038;NT=label free sample	NT=Trypsin;AC=MS:1001251	NT=Carbamidomethyl;AC=UNIMOD:4;TA=C;MT=Fixed	NT=Oxidation;AC=UNIMOD:35;TA=M;MT=Variable	NT=collision-induced dissociation;AC=MS:1000133	not available	not available	gel electrophoresis-based separation	4	1	testis_Protein_Expression_protein4a_testis_f4_v02987.RAW	v1.1.0	manual curation	NT=ms-proteomics;VV=v1.1.0	NT=vertebrates;VV=v1.1.0	NT=testis;AC=UBERON:0000473
testis	Mus musculus	testis	not applicable	normal	adult	not available	not available	not available	tissue	1	run_100	proteomic profiling by mass spectrometry	NT=data-dependent acquisition;AC=PRIDE:0000627	NT=LTQ Orbitrap Velos;AC=MS:1001742	AC=MS:1002038;NT=label free sample	NT=Trypsin;AC=MS:1001251	NT=Carbamidomethyl;AC=UNIMOD:4;TA=C;MT=Fixed	NT=Oxidation;AC=UNIMOD:35;TA=M;MT=Variable	NT=collision-induced dissociation;AC=MS:1000133	not available	not available	gel electrophoresis-based separation	5	1	testis_Protein_Expression_protein4a_testis_f5_v02988.RAW	v1.1.0	manual curation	NT=ms-proteomics;VV=v1.1.0	NT=vertebrates;VV=v1.1.0	NT=testis;AC=UBERON:0000473
testis	Mus musculus	testis	not applicable	normal	adult	not available	not available	not available	tissue	1	run_101	proteomic profiling by mass spectrometry	NT=data-dependent acquisition;AC=PRIDE:0000627	NT=LTQ Orbitrap Velos;AC=MS:1001742	AC=MS:1002038;NT=label free sample	NT=Trypsin;AC=MS:1001251	NT=Carbamidomethyl;AC=UNIMOD:4;TA=C;MT=Fixed	NT=Oxidation;AC=UNIMOD:35;TA=M;MT=Variable	NT=collision-induced dissociation;AC=MS:1000133	not available	not available	gel electrophoresis-based separation	6	1	testis_Protein_Expression_protein4a_testis_f6_v02990.RAW	v1.1.0	manual curation	NT=ms-proteomics;VV=v1.1.0	NT=vertebrates;VV=v1.1.0	NT=testis;AC=UBERON:0000473
testis	Mus musculus	testis	not applicable	normal	adult	not available	not available	not available	tissue	1	run_102	proteomic profiling by mass spectrometry	NT=data-dependent acquisition;AC=PRIDE:0000627	NT=LTQ Orbitrap Velos;AC=MS:1001742	AC=MS:1002038;NT=label free sample	NT=Trypsin;AC=MS:1001251	NT=Carbamidomethyl;AC=UNIMOD:4;TA=C;MT=Fixed	NT=Oxidation;AC=UNIMOD:35;TA=M;MT=Variable	NT=collision-induced dissociation;AC=MS:1000133	not available	not available	gel electrophoresis-based separation	7	1	testis_Protein_Expression_protein4a_testis_f7_v02991.RAW	v1.1.0	manual curation	NT=ms-proteomics;VV=v1.1.0	NT=vertebrates;VV=v1.1.0	NT=testis;AC=UBERON:0000473
testis	Mus musculus	testis	not applicable	normal	adult	not available	not available	not available	tissue	1	run_103	proteomic profiling by mass spectrometry	NT=data-dependent acquisition;AC=PRIDE:0000627	NT=LTQ Orbitrap Velos;AC=MS:1001742	AC=MS:1002038;NT=label free sample	NT=Trypsin;AC=MS:1001251	NT=Carbamidomethyl;AC=UNIMOD:4;TA=C;MT=Fixed	NT=Oxidation;AC=UNIMOD:35;TA=M;MT=Variable	NT=collision-induced dissociation;AC=MS:1000133	not available	not available	gel electrophoresis-based separation	8	1	testis_Protein_Expression_protein4a_testis_f8_v02992.RAW	v1.1.0	manual curation	NT=ms-proteomics;VV=v1.1.0	NT=vertebrates;VV=v1.1.0	NT=testis;AC=UBERON:0000473
testis	Mus musculus	testis	not applicable	normal	adult	not available	not available	not available	tissue	1	run_104	proteomic profiling by mass spectrometry	NT=data-dependent acquisition;AC=PRIDE:0000627	NT=LTQ Orbitrap Velos;AC=MS:1001742	AC=MS:1002038;NT=label free sample	NT=Trypsin;AC=MS:1001251	NT=Carbamidomethyl;AC=UNIMOD:4;TA=C;MT=Fixed	NT=Oxidation;AC=UNIMOD:35;TA=M;MT=Variable	NT=collision-induced dissociation;AC=MS:1000133	not available	not available	gel electrophoresis-based separation	9	1	testis_Protein_Expression_protein4a_testis_f9_v02993.RAW	v1.1.0	manual curation	NT=ms-proteomics;VV=v1.1.0	NT=vertebrates;VV=v1.1.0	NT=testis;AC=UBERON:0000473
testis	Mus musculus	testis	not applicable	normal	adult	not available	not available	not available	tissue	1	run_105	proteomic profiling by mass spectrometry	NT=data-dependent acquisition;AC=PRIDE:0000627	NT=LTQ Orbitrap Velos;AC=MS:1001742	AC=MS:1002038;NT=label free sample	NT=Trypsin;AC=MS:1001251	NT=Carbamidomethyl;AC=UNIMOD:4;TA=C;MT=Fixed	NT=Oxidation;AC=UNIMOD:35;TA=M;MT=Variable	NT=collision-induced dissociation;AC=MS:1000133	not available	not available	gel electrophoresis-based separation	10	1	testis_Protein_Expression_protein4a_testis_f10_v02995.RAW	v1.1.0	manual curation	NT=ms-proteomics;VV=v1.1.0	NT=vertebrates;VV=v1.1.0	NT=testis;AC=UBERON:0000473
testis	Mus musculus	testis	not applicable	normal	adult	not available	not available	not available	tissue	1	run_106	proteomic profiling by mass spectrometry	NT=data-dependent acquisition;AC=PRIDE:0000627	NT=LTQ Orbitrap Velos;AC=MS:1001742	AC=MS:1002038;NT=label free sample	NT=Trypsin;AC=MS:1001251	NT=Carbamidomethyl;AC=UNIMOD:4;TA=C;MT=Fixed	NT=Oxidation;AC=UNIMOD:35;TA=M;MT=Variable	NT=collision-induced dissociation;AC=MS:1000133	not available	not available	gel electrophoresis-based separation	11	1	testis_Protein_Expression_protein4a_testis_f11_v02996.RAW	v1.1.0	manual curation	NT=ms-proteomics;VV=v1.1.0	NT=vertebrates;VV=v1.1.0	NT=testis;AC=UBERON:0000473
testis	Mus musculus	testis	not applicable	normal	adult	not available	not available	not available	tissue	1	run_107	proteomic profiling by mass spectrometry	NT=data-dependent acquisition;AC=PRIDE:0000627	NT=LTQ Orbitrap Velos;AC=MS:1001742	AC=MS:1002038;NT=label free sample	NT=Trypsin;AC=MS:1001251	NT=Carbamidomethyl;AC=UNIMOD:4;TA=C;MT=Fixed	NT=Oxidation;AC=UNIMOD:35;TA=M;MT=Variable	NT=collision-induced dissociation;AC=MS:1000133	not available	not available	gel electrophoresis-based separation	12	1	testis_Protein_Expression_protein4a_testis_f12_v02997.RAW	v1.1.0	manual curation	NT=ms-proteomics;VV=v1.1.0	NT=vertebrates;VV=v1.1.0	NT=testis;AC=UBERON:0000473
