source name	characteristics[organism]	characteristics[organism part]	characteristics[cell type]	characteristics[cell line]	characteristics[cellosaurus accession]	characteristics[cellosaurus name]	characteristics[developmental stage]	characteristics[disease]	characteristics[ancestry category]	characteristics[sex]	characteristics[age]	characteristics[material type]	characteristics[biological replicate]	characteristics[enrichment method]	characteristics[sample amount]	assay name	technology type	comment[fraction identifier]	comment[technical replicate]	comment[label]	comment[instrument]	comment[cleavage agent details]	comment[modification parameters]	comment[modification parameters]	comment[modification parameters]	comment[modification parameters]	comment[dissociation method]	comment[precursor mass tolerance]	comment[fragment mass tolerance]	comment[proteomics data acquisition method]	comment[data file]	comment[sdrf version]	comment[sdrf template]	comment[sdrf template]	comment[sdrf template]	factor value[enrichment method]	factor value[sample amount]
HeLa sample 1 Fe(III)-IMAC	Homo sapiens	uterine cervix	epithelial cell of cervix	HeLa	CVCL_0030	HeLa	adult	cervical adenocarcinoma	Black	female	31Y	cell line	1	Fe(III)-IMAC	200 ug	run 1	proteomic profiling by mass spectrometry	1	1	NT=label free sample;AC=MS:1002038	NT=Q Exactive;AC=MS:1001911	NT=Trypsin;AC=MS:1001251	NT=Carbamidomethyl;AC=UNIMOD:4;TA=C;MT=Fixed	NT=Oxidation;AC=UNIMOD:35;TA=M;MT=Variable	NT=Phospho;AC=UNIMOD:21;TA=S,T,Y;MT=Variable	NT=Acetyl;AC=UNIMOD:1;PP=Protein N-term;MT=Variable	NT=HCD;AC=MS:1000422	not available	not available	NT=Data-dependent acquisition;AC=PRIDE:0000627	OR10_20151203_HP_LMR_HeLa_FeIMAC_1.raw	v1.1.0	NT=ms-proteomics;VV=v1.1.0	NT=human;VV=v1.1.0	NT=cell-lines;VV=v1.1.0	Fe(III)-IMAC	200 ug
HeLa sample 2 Fe(III)-IMAC	Homo sapiens	uterine cervix	epithelial cell of cervix	HeLa	CVCL_0030	HeLa	adult	cervical adenocarcinoma	Black	female	31Y	cell line	2	Fe(III)-IMAC	200 ug	run 2	proteomic profiling by mass spectrometry	1	1	NT=label free sample;AC=MS:1002038	NT=Q Exactive;AC=MS:1001911	NT=Trypsin;AC=MS:1001251	NT=Carbamidomethyl;AC=UNIMOD:4;TA=C;MT=Fixed	NT=Oxidation;AC=UNIMOD:35;TA=M;MT=Variable	NT=Phospho;AC=UNIMOD:21;TA=S,T,Y;MT=Variable	NT=Acetyl;AC=UNIMOD:1;PP=Protein N-term;MT=Variable	NT=HCD;AC=MS:1000422	not available	not available	NT=Data-dependent acquisition;AC=PRIDE:0000627	OR10_20151203_HP_LMR_HeLa_FeIMAC_2.raw	v1.1.0	NT=ms-proteomics;VV=v1.1.0	NT=human;VV=v1.1.0	NT=cell-lines;VV=v1.1.0	Fe(III)-IMAC	200 ug
HeLa sample 3 Fe(III)-IMAC	Homo sapiens	uterine cervix	epithelial cell of cervix	HeLa	CVCL_0030	HeLa	adult	cervical adenocarcinoma	Black	female	31Y	cell line	3	Fe(III)-IMAC	200 ug	run 3	proteomic profiling by mass spectrometry	1	1	NT=label free sample;AC=MS:1002038	NT=Q Exactive;AC=MS:1001911	NT=Trypsin;AC=MS:1001251	NT=Carbamidomethyl;AC=UNIMOD:4;TA=C;MT=Fixed	NT=Oxidation;AC=UNIMOD:35;TA=M;MT=Variable	NT=Phospho;AC=UNIMOD:21;TA=S,T,Y;MT=Variable	NT=Acetyl;AC=UNIMOD:1;PP=Protein N-term;MT=Variable	NT=HCD;AC=MS:1000422	not available	not available	NT=Data-dependent acquisition;AC=PRIDE:0000627	OR10_20151203_HP_LMR_HeLa_FeIMAC_3.raw	v1.1.0	NT=ms-proteomics;VV=v1.1.0	NT=human;VV=v1.1.0	NT=cell-lines;VV=v1.1.0	Fe(III)-IMAC	200 ug
HeLa sample 4 Fe(III)-IMAC	Homo sapiens	uterine cervix	epithelial cell of cervix	HeLa	CVCL_0030	HeLa	adult	cervical adenocarcinoma	Black	female	31Y	cell line	4	Fe(III)-IMAC	200 ug	run 4	proteomic profiling by mass spectrometry	1	1	NT=label free sample;AC=MS:1002038	NT=Q Exactive;AC=MS:1001911	NT=Trypsin;AC=MS:1001251	NT=Carbamidomethyl;AC=UNIMOD:4;TA=C;MT=Fixed	NT=Oxidation;AC=UNIMOD:35;TA=M;MT=Variable	NT=Phospho;AC=UNIMOD:21;TA=S,T,Y;MT=Variable	NT=Acetyl;AC=UNIMOD:1;PP=Protein N-term;MT=Variable	NT=HCD;AC=MS:1000422	not available	not available	NT=Data-dependent acquisition;AC=PRIDE:0000627	OR10_20151203_HP_LMR_HeLa_FeIMAC_4.raw	v1.1.0	NT=ms-proteomics;VV=v1.1.0	NT=human;VV=v1.1.0	NT=cell-lines;VV=v1.1.0	Fe(III)-IMAC	200 ug
HeLa sample 1 Ti(IV)-IMAC	Homo sapiens	uterine cervix	epithelial cell of cervix	HeLa	CVCL_0030	HeLa	adult	cervical adenocarcinoma	Black	female	31Y	cell line	1	Ti(IV)-IMAC	200 ug	run 5	proteomic profiling by mass spectrometry	1	1	NT=label free sample;AC=MS:1002038	NT=Q Exactive;AC=MS:1001911	NT=Trypsin;AC=MS:1001251	NT=Carbamidomethyl;AC=UNIMOD:4;TA=C;MT=Fixed	NT=Oxidation;AC=UNIMOD:35;TA=M;MT=Variable	NT=Phospho;AC=UNIMOD:21;TA=S,T,Y;MT=Variable	NT=Acetyl;AC=UNIMOD:1;PP=Protein N-term;MT=Variable	NT=HCD;AC=MS:1000422	not available	not available	NT=Data-dependent acquisition;AC=PRIDE:0000627	OR10_20151203_HP_LMR_HeLa_TiIMAC_1.raw	v1.1.0	NT=ms-proteomics;VV=v1.1.0	NT=human;VV=v1.1.0	NT=cell-lines;VV=v1.1.0	Ti(IV)-IMAC	200 ug
HeLa sample 2 Ti(IV)-IMAC	Homo sapiens	uterine cervix	epithelial cell of cervix	HeLa	CVCL_0030	HeLa	adult	cervical adenocarcinoma	Black	female	31Y	cell line	2	Ti(IV)-IMAC	200 ug	run 6	proteomic profiling by mass spectrometry	1	1	NT=label free sample;AC=MS:1002038	NT=Q Exactive;AC=MS:1001911	NT=Trypsin;AC=MS:1001251	NT=Carbamidomethyl;AC=UNIMOD:4;TA=C;MT=Fixed	NT=Oxidation;AC=UNIMOD:35;TA=M;MT=Variable	NT=Phospho;AC=UNIMOD:21;TA=S,T,Y;MT=Variable	NT=Acetyl;AC=UNIMOD:1;PP=Protein N-term;MT=Variable	NT=HCD;AC=MS:1000422	not available	not available	NT=Data-dependent acquisition;AC=PRIDE:0000627	OR10_20151203_HP_LMR_HeLa_TiIMAC_2.raw	v1.1.0	NT=ms-proteomics;VV=v1.1.0	NT=human;VV=v1.1.0	NT=cell-lines;VV=v1.1.0	Ti(IV)-IMAC	200 ug
HeLa sample 3 Ti(IV)-IMAC	Homo sapiens	uterine cervix	epithelial cell of cervix	HeLa	CVCL_0030	HeLa	adult	cervical adenocarcinoma	Black	female	31Y	cell line	3	Ti(IV)-IMAC	200 ug	run 7	proteomic profiling by mass spectrometry	1	1	NT=label free sample;AC=MS:1002038	NT=Q Exactive;AC=MS:1001911	NT=Trypsin;AC=MS:1001251	NT=Carbamidomethyl;AC=UNIMOD:4;TA=C;MT=Fixed	NT=Oxidation;AC=UNIMOD:35;TA=M;MT=Variable	NT=Phospho;AC=UNIMOD:21;TA=S,T,Y;MT=Variable	NT=Acetyl;AC=UNIMOD:1;PP=Protein N-term;MT=Variable	NT=HCD;AC=MS:1000422	not available	not available	NT=Data-dependent acquisition;AC=PRIDE:0000627	OR10_20151203_HP_LMR_HeLa_TiIMAC_3.raw	v1.1.0	NT=ms-proteomics;VV=v1.1.0	NT=human;VV=v1.1.0	NT=cell-lines;VV=v1.1.0	Ti(IV)-IMAC	200 ug
HeLa sample 4 Ti(IV)-IMAC	Homo sapiens	uterine cervix	epithelial cell of cervix	HeLa	CVCL_0030	HeLa	adult	cervical adenocarcinoma	Black	female	31Y	cell line	4	Ti(IV)-IMAC	200 ug	run 8	proteomic profiling by mass spectrometry	1	1	NT=label free sample;AC=MS:1002038	NT=Q Exactive;AC=MS:1001911	NT=Trypsin;AC=MS:1001251	NT=Carbamidomethyl;AC=UNIMOD:4;TA=C;MT=Fixed	NT=Oxidation;AC=UNIMOD:35;TA=M;MT=Variable	NT=Phospho;AC=UNIMOD:21;TA=S,T,Y;MT=Variable	NT=Acetyl;AC=UNIMOD:1;PP=Protein N-term;MT=Variable	NT=HCD;AC=MS:1000422	not available	not available	NT=Data-dependent acquisition;AC=PRIDE:0000627	OR10_20151203_HP_LMR_HeLa_TiIMAC_4.raw	v1.1.0	NT=ms-proteomics;VV=v1.1.0	NT=human;VV=v1.1.0	NT=cell-lines;VV=v1.1.0	Ti(IV)-IMAC	200 ug
HeLa sample 1 TiO2	Homo sapiens	uterine cervix	epithelial cell of cervix	HeLa	CVCL_0030	HeLa	adult	cervical adenocarcinoma	Black	female	31Y	cell line	1	TiO2	200 ug	run 9	proteomic profiling by mass spectrometry	1	1	NT=label free sample;AC=MS:1002038	NT=Q Exactive;AC=MS:1001911	NT=Trypsin;AC=MS:1001251	NT=Carbamidomethyl;AC=UNIMOD:4;TA=C;MT=Fixed	NT=Oxidation;AC=UNIMOD:35;TA=M;MT=Variable	NT=Phospho;AC=UNIMOD:21;TA=S,T,Y;MT=Variable	NT=Acetyl;AC=UNIMOD:1;PP=Protein N-term;MT=Variable	NT=HCD;AC=MS:1000422	not available	not available	NT=Data-dependent acquisition;AC=PRIDE:0000627	OR10_20151203_HP_LMR_HeLa_TiO2_1.raw	v1.1.0	NT=ms-proteomics;VV=v1.1.0	NT=human;VV=v1.1.0	NT=cell-lines;VV=v1.1.0	TiO2	200 ug
HeLa sample 2 TiO2	Homo sapiens	uterine cervix	epithelial cell of cervix	HeLa	CVCL_0030	HeLa	adult	cervical adenocarcinoma	Black	female	31Y	cell line	2	TiO2	200 ug	run 10	proteomic profiling by mass spectrometry	1	1	NT=label free sample;AC=MS:1002038	NT=Q Exactive;AC=MS:1001911	NT=Trypsin;AC=MS:1001251	NT=Carbamidomethyl;AC=UNIMOD:4;TA=C;MT=Fixed	NT=Oxidation;AC=UNIMOD:35;TA=M;MT=Variable	NT=Phospho;AC=UNIMOD:21;TA=S,T,Y;MT=Variable	NT=Acetyl;AC=UNIMOD:1;PP=Protein N-term;MT=Variable	NT=HCD;AC=MS:1000422	not available	not available	NT=Data-dependent acquisition;AC=PRIDE:0000627	OR10_20151203_HP_LMR_HeLa_TiO2_2.raw	v1.1.0	NT=ms-proteomics;VV=v1.1.0	NT=human;VV=v1.1.0	NT=cell-lines;VV=v1.1.0	TiO2	200 ug
HeLa sample 3 TiO2	Homo sapiens	uterine cervix	epithelial cell of cervix	HeLa	CVCL_0030	HeLa	adult	cervical adenocarcinoma	Black	female	31Y	cell line	3	TiO2	200 ug	run 11	proteomic profiling by mass spectrometry	1	1	NT=label free sample;AC=MS:1002038	NT=Q Exactive;AC=MS:1001911	NT=Trypsin;AC=MS:1001251	NT=Carbamidomethyl;AC=UNIMOD:4;TA=C;MT=Fixed	NT=Oxidation;AC=UNIMOD:35;TA=M;MT=Variable	NT=Phospho;AC=UNIMOD:21;TA=S,T,Y;MT=Variable	NT=Acetyl;AC=UNIMOD:1;PP=Protein N-term;MT=Variable	NT=HCD;AC=MS:1000422	not available	not available	NT=Data-dependent acquisition;AC=PRIDE:0000627	OR10_20151203_HP_LMR_HeLa_TiO2_3.raw	v1.1.0	NT=ms-proteomics;VV=v1.1.0	NT=human;VV=v1.1.0	NT=cell-lines;VV=v1.1.0	TiO2	200 ug
HeLa sample 4 TiO2	Homo sapiens	uterine cervix	epithelial cell of cervix	HeLa	CVCL_0030	HeLa	adult	cervical adenocarcinoma	Black	female	31Y	cell line	4	TiO2	200 ug	run 12	proteomic profiling by mass spectrometry	1	1	NT=label free sample;AC=MS:1002038	NT=Q Exactive;AC=MS:1001911	NT=Trypsin;AC=MS:1001251	NT=Carbamidomethyl;AC=UNIMOD:4;TA=C;MT=Fixed	NT=Oxidation;AC=UNIMOD:35;TA=M;MT=Variable	NT=Phospho;AC=UNIMOD:21;TA=S,T,Y;MT=Variable	NT=Acetyl;AC=UNIMOD:1;PP=Protein N-term;MT=Variable	NT=HCD;AC=MS:1000422	not available	not available	NT=Data-dependent acquisition;AC=PRIDE:0000627	OR10_20151203_HP_LMR_HeLa_TiO2_4.raw	v1.1.0	NT=ms-proteomics;VV=v1.1.0	NT=human;VV=v1.1.0	NT=cell-lines;VV=v1.1.0	TiO2	200 ug
HeLa sample 1 Fe(III)-IMAC	Homo sapiens	uterine cervix	epithelial cell of cervix	HeLa	CVCL_0030	HeLa	adult	cervical adenocarcinoma	Black	female	31Y	cell line	1	Fe(III)-IMAC	0.1 ug	run 13	proteomic profiling by mass spectrometry	1	1	NT=label free sample;AC=MS:1002038	NT=Q Exactive;AC=MS:1001911	NT=Trypsin;AC=MS:1001251	NT=Carbamidomethyl;AC=UNIMOD:4;TA=C;MT=Fixed	NT=Oxidation;AC=UNIMOD:35;TA=M;MT=Variable	NT=Phospho;AC=UNIMOD:21;TA=S,T,Y;MT=Variable	NT=Acetyl;AC=UNIMOD:1;PP=Protein N-term;MT=Variable	NT=HCD;AC=MS:1000422	not available	not available	NT=Data-dependent acquisition;AC=PRIDE:0000627	OR10_20160321_HP_RP_HeLa_0p1ug_1.raw	v1.1.0	NT=ms-proteomics;VV=v1.1.0	NT=human;VV=v1.1.0	NT=cell-lines;VV=v1.1.0	Fe(III)-IMAC	0.1 ug
HeLa sample 2 Fe(III)-IMAC	Homo sapiens	uterine cervix	epithelial cell of cervix	HeLa	CVCL_0030	HeLa	adult	cervical adenocarcinoma	Black	female	31Y	cell line	2	Fe(III)-IMAC	0.1 ug	run 14	proteomic profiling by mass spectrometry	1	1	NT=label free sample;AC=MS:1002038	NT=Q Exactive;AC=MS:1001911	NT=Trypsin;AC=MS:1001251	NT=Carbamidomethyl;AC=UNIMOD:4;TA=C;MT=Fixed	NT=Oxidation;AC=UNIMOD:35;TA=M;MT=Variable	NT=Phospho;AC=UNIMOD:21;TA=S,T,Y;MT=Variable	NT=Acetyl;AC=UNIMOD:1;PP=Protein N-term;MT=Variable	NT=HCD;AC=MS:1000422	not available	not available	NT=Data-dependent acquisition;AC=PRIDE:0000627	OR10_20160321_HP_RP_HeLa_0p1ug_2.raw	v1.1.0	NT=ms-proteomics;VV=v1.1.0	NT=human;VV=v1.1.0	NT=cell-lines;VV=v1.1.0	Fe(III)-IMAC	0.1 ug
HeLa sample 3 Fe(III)-IMAC	Homo sapiens	uterine cervix	epithelial cell of cervix	HeLa	CVCL_0030	HeLa	adult	cervical adenocarcinoma	Black	female	31Y	cell line	3	Fe(III)-IMAC	0.1 ug	run 15	proteomic profiling by mass spectrometry	1	1	NT=label free sample;AC=MS:1002038	NT=Q Exactive;AC=MS:1001911	NT=Trypsin;AC=MS:1001251	NT=Carbamidomethyl;AC=UNIMOD:4;TA=C;MT=Fixed	NT=Oxidation;AC=UNIMOD:35;TA=M;MT=Variable	NT=Phospho;AC=UNIMOD:21;TA=S,T,Y;MT=Variable	NT=Acetyl;AC=UNIMOD:1;PP=Protein N-term;MT=Variable	NT=HCD;AC=MS:1000422	not available	not available	NT=Data-dependent acquisition;AC=PRIDE:0000627	OR10_20160321_HP_RP_HeLa_0p1ug_3.raw	v1.1.0	NT=ms-proteomics;VV=v1.1.0	NT=human;VV=v1.1.0	NT=cell-lines;VV=v1.1.0	Fe(III)-IMAC	0.1 ug
HeLa sample 1 Fe(III)-IMAC	Homo sapiens	uterine cervix	epithelial cell of cervix	HeLa	CVCL_0030	HeLa	adult	cervical adenocarcinoma	Black	female	31Y	cell line	1	Fe(III)-IMAC	0.25 ug	run 16	proteomic profiling by mass spectrometry	1	1	NT=label free sample;AC=MS:1002038	NT=Q Exactive;AC=MS:1001911	NT=Trypsin;AC=MS:1001251	NT=Carbamidomethyl;AC=UNIMOD:4;TA=C;MT=Fixed	NT=Oxidation;AC=UNIMOD:35;TA=M;MT=Variable	NT=Phospho;AC=UNIMOD:21;TA=S,T,Y;MT=Variable	NT=Acetyl;AC=UNIMOD:1;PP=Protein N-term;MT=Variable	NT=HCD;AC=MS:1000422	not available	not available	NT=Data-dependent acquisition;AC=PRIDE:0000627	OR10_20160321_HP_RP_HeLa_0p25ug_1.raw	v1.1.0	NT=ms-proteomics;VV=v1.1.0	NT=human;VV=v1.1.0	NT=cell-lines;VV=v1.1.0	Fe(III)-IMAC	0.25 ug
HeLa sample 2 Fe(III)-IMAC	Homo sapiens	uterine cervix	epithelial cell of cervix	HeLa	CVCL_0030	HeLa	adult	cervical adenocarcinoma	Black	female	31Y	cell line	2	Fe(III)-IMAC	0.25 ug	run 17	proteomic profiling by mass spectrometry	1	1	NT=label free sample;AC=MS:1002038	NT=Q Exactive;AC=MS:1001911	NT=Trypsin;AC=MS:1001251	NT=Carbamidomethyl;AC=UNIMOD:4;TA=C;MT=Fixed	NT=Oxidation;AC=UNIMOD:35;TA=M;MT=Variable	NT=Phospho;AC=UNIMOD:21;TA=S,T,Y;MT=Variable	NT=Acetyl;AC=UNIMOD:1;PP=Protein N-term;MT=Variable	NT=HCD;AC=MS:1000422	not available	not available	NT=Data-dependent acquisition;AC=PRIDE:0000627	OR10_20160321_HP_RP_HeLa_0p25ug_2.raw	v1.1.0	NT=ms-proteomics;VV=v1.1.0	NT=human;VV=v1.1.0	NT=cell-lines;VV=v1.1.0	Fe(III)-IMAC	0.25 ug
HeLa sample 3 Fe(III)-IMAC	Homo sapiens	uterine cervix	epithelial cell of cervix	HeLa	CVCL_0030	HeLa	adult	cervical adenocarcinoma	Black	female	31Y	cell line	3	Fe(III)-IMAC	0.25 ug	run 18	proteomic profiling by mass spectrometry	1	1	NT=label free sample;AC=MS:1002038	NT=Q Exactive;AC=MS:1001911	NT=Trypsin;AC=MS:1001251	NT=Carbamidomethyl;AC=UNIMOD:4;TA=C;MT=Fixed	NT=Oxidation;AC=UNIMOD:35;TA=M;MT=Variable	NT=Phospho;AC=UNIMOD:21;TA=S,T,Y;MT=Variable	NT=Acetyl;AC=UNIMOD:1;PP=Protein N-term;MT=Variable	NT=HCD;AC=MS:1000422	not available	not available	NT=Data-dependent acquisition;AC=PRIDE:0000627	OR10_20160321_HP_RP_HeLa_0p25ug_3.raw	v1.1.0	NT=ms-proteomics;VV=v1.1.0	NT=human;VV=v1.1.0	NT=cell-lines;VV=v1.1.0	Fe(III)-IMAC	0.25 ug
HeLa sample 1 Fe(III)-IMAC	Homo sapiens	uterine cervix	epithelial cell of cervix	HeLa	CVCL_0030	HeLa	adult	cervical adenocarcinoma	Black	female	31Y	cell line	1	Fe(III)-IMAC	0.5 ug	run 19	proteomic profiling by mass spectrometry	1	1	NT=label free sample;AC=MS:1002038	NT=Q Exactive;AC=MS:1001911	NT=Trypsin;AC=MS:1001251	NT=Carbamidomethyl;AC=UNIMOD:4;TA=C;MT=Fixed	NT=Oxidation;AC=UNIMOD:35;TA=M;MT=Variable	NT=Phospho;AC=UNIMOD:21;TA=S,T,Y;MT=Variable	NT=Acetyl;AC=UNIMOD:1;PP=Protein N-term;MT=Variable	NT=HCD;AC=MS:1000422	not available	not available	NT=Data-dependent acquisition;AC=PRIDE:0000627	OR10_20160321_HP_RP_HeLa_0p5ug_1.raw	v1.1.0	NT=ms-proteomics;VV=v1.1.0	NT=human;VV=v1.1.0	NT=cell-lines;VV=v1.1.0	Fe(III)-IMAC	0.5 ug
HeLa sample 2 Fe(III)-IMAC	Homo sapiens	uterine cervix	epithelial cell of cervix	HeLa	CVCL_0030	HeLa	adult	cervical adenocarcinoma	Black	female	31Y	cell line	2	Fe(III)-IMAC	0.5 ug	run 20	proteomic profiling by mass spectrometry	1	1	NT=label free sample;AC=MS:1002038	NT=Q Exactive;AC=MS:1001911	NT=Trypsin;AC=MS:1001251	NT=Carbamidomethyl;AC=UNIMOD:4;TA=C;MT=Fixed	NT=Oxidation;AC=UNIMOD:35;TA=M;MT=Variable	NT=Phospho;AC=UNIMOD:21;TA=S,T,Y;MT=Variable	NT=Acetyl;AC=UNIMOD:1;PP=Protein N-term;MT=Variable	NT=HCD;AC=MS:1000422	not available	not available	NT=Data-dependent acquisition;AC=PRIDE:0000627	OR10_20160321_HP_RP_HeLa_0p5ug_2.raw	v1.1.0	NT=ms-proteomics;VV=v1.1.0	NT=human;VV=v1.1.0	NT=cell-lines;VV=v1.1.0	Fe(III)-IMAC	0.5 ug
HeLa sample 3 Fe(III)-IMAC	Homo sapiens	uterine cervix	epithelial cell of cervix	HeLa	CVCL_0030	HeLa	adult	cervical adenocarcinoma	Black	female	31Y	cell line	3	Fe(III)-IMAC	0.5 ug	run 21	proteomic profiling by mass spectrometry	1	1	NT=label free sample;AC=MS:1002038	NT=Q Exactive;AC=MS:1001911	NT=Trypsin;AC=MS:1001251	NT=Carbamidomethyl;AC=UNIMOD:4;TA=C;MT=Fixed	NT=Oxidation;AC=UNIMOD:35;TA=M;MT=Variable	NT=Phospho;AC=UNIMOD:21;TA=S,T,Y;MT=Variable	NT=Acetyl;AC=UNIMOD:1;PP=Protein N-term;MT=Variable	NT=HCD;AC=MS:1000422	not available	not available	NT=Data-dependent acquisition;AC=PRIDE:0000627	OR10_20160321_HP_RP_HeLa_0p5ug_3.raw	v1.1.0	NT=ms-proteomics;VV=v1.1.0	NT=human;VV=v1.1.0	NT=cell-lines;VV=v1.1.0	Fe(III)-IMAC	0.5 ug
HeLa sample 1 Fe(III)-IMAC	Homo sapiens	uterine cervix	epithelial cell of cervix	HeLa	CVCL_0030	HeLa	adult	cervical adenocarcinoma	Black	female	31Y	cell line	1	Fe(III)-IMAC	1 ug	run 22	proteomic profiling by mass spectrometry	1	1	NT=label free sample;AC=MS:1002038	NT=Q Exactive;AC=MS:1001911	NT=Trypsin;AC=MS:1001251	NT=Carbamidomethyl;AC=UNIMOD:4;TA=C;MT=Fixed	NT=Oxidation;AC=UNIMOD:35;TA=M;MT=Variable	NT=Phospho;AC=UNIMOD:21;TA=S,T,Y;MT=Variable	NT=Acetyl;AC=UNIMOD:1;PP=Protein N-term;MT=Variable	NT=HCD;AC=MS:1000422	not available	not available	NT=Data-dependent acquisition;AC=PRIDE:0000627	OR10_20160321_HP_RP_HeLa_1ug_1.raw	v1.1.0	NT=ms-proteomics;VV=v1.1.0	NT=human;VV=v1.1.0	NT=cell-lines;VV=v1.1.0	Fe(III)-IMAC	1 ug
HeLa sample 2 Fe(III)-IMAC	Homo sapiens	uterine cervix	epithelial cell of cervix	HeLa	CVCL_0030	HeLa	adult	cervical adenocarcinoma	Black	female	31Y	cell line	2	Fe(III)-IMAC	1 ug	run 23	proteomic profiling by mass spectrometry	1	1	NT=label free sample;AC=MS:1002038	NT=Q Exactive;AC=MS:1001911	NT=Trypsin;AC=MS:1001251	NT=Carbamidomethyl;AC=UNIMOD:4;TA=C;MT=Fixed	NT=Oxidation;AC=UNIMOD:35;TA=M;MT=Variable	NT=Phospho;AC=UNIMOD:21;TA=S,T,Y;MT=Variable	NT=Acetyl;AC=UNIMOD:1;PP=Protein N-term;MT=Variable	NT=HCD;AC=MS:1000422	not available	not available	NT=Data-dependent acquisition;AC=PRIDE:0000627	OR10_20160321_HP_RP_HeLa_1ug_2.raw	v1.1.0	NT=ms-proteomics;VV=v1.1.0	NT=human;VV=v1.1.0	NT=cell-lines;VV=v1.1.0	Fe(III)-IMAC	1 ug
HeLa sample 3 Fe(III)-IMAC	Homo sapiens	uterine cervix	epithelial cell of cervix	HeLa	CVCL_0030	HeLa	adult	cervical adenocarcinoma	Black	female	31Y	cell line	3	Fe(III)-IMAC	1 ug	run 24	proteomic profiling by mass spectrometry	1	1	NT=label free sample;AC=MS:1002038	NT=Q Exactive;AC=MS:1001911	NT=Trypsin;AC=MS:1001251	NT=Carbamidomethyl;AC=UNIMOD:4;TA=C;MT=Fixed	NT=Oxidation;AC=UNIMOD:35;TA=M;MT=Variable	NT=Phospho;AC=UNIMOD:21;TA=S,T,Y;MT=Variable	NT=Acetyl;AC=UNIMOD:1;PP=Protein N-term;MT=Variable	NT=HCD;AC=MS:1000422	not available	not available	NT=Data-dependent acquisition;AC=PRIDE:0000627	OR10_20160321_HP_RP_HeLa_1ug_3.raw	v1.1.0	NT=ms-proteomics;VV=v1.1.0	NT=human;VV=v1.1.0	NT=cell-lines;VV=v1.1.0	Fe(III)-IMAC	1 ug
HeLa sample 1 Fe(III)-IMAC	Homo sapiens	uterine cervix	epithelial cell of cervix	HeLa	CVCL_0030	HeLa	adult	cervical adenocarcinoma	Black	female	31Y	cell line	1	Fe(III)-IMAC	2.5 ug	run 25	proteomic profiling by mass spectrometry	1	1	NT=label free sample;AC=MS:1002038	NT=Q Exactive;AC=MS:1001911	NT=Trypsin;AC=MS:1001251	NT=Carbamidomethyl;AC=UNIMOD:4;TA=C;MT=Fixed	NT=Oxidation;AC=UNIMOD:35;TA=M;MT=Variable	NT=Phospho;AC=UNIMOD:21;TA=S,T,Y;MT=Variable	NT=Acetyl;AC=UNIMOD:1;PP=Protein N-term;MT=Variable	NT=HCD;AC=MS:1000422	not available	not available	NT=Data-dependent acquisition;AC=PRIDE:0000627	OR10_20160321_HP_RP_HeLa_2p5ug_1.raw	v1.1.0	NT=ms-proteomics;VV=v1.1.0	NT=human;VV=v1.1.0	NT=cell-lines;VV=v1.1.0	Fe(III)-IMAC	2.5 ug
HeLa sample 2 Fe(III)-IMAC	Homo sapiens	uterine cervix	epithelial cell of cervix	HeLa	CVCL_0030	HeLa	adult	cervical adenocarcinoma	Black	female	31Y	cell line	2	Fe(III)-IMAC	2.5 ug	run 26	proteomic profiling by mass spectrometry	1	1	NT=label free sample;AC=MS:1002038	NT=Q Exactive;AC=MS:1001911	NT=Trypsin;AC=MS:1001251	NT=Carbamidomethyl;AC=UNIMOD:4;TA=C;MT=Fixed	NT=Oxidation;AC=UNIMOD:35;TA=M;MT=Variable	NT=Phospho;AC=UNIMOD:21;TA=S,T,Y;MT=Variable	NT=Acetyl;AC=UNIMOD:1;PP=Protein N-term;MT=Variable	NT=HCD;AC=MS:1000422	not available	not available	NT=Data-dependent acquisition;AC=PRIDE:0000627	OR10_20160321_HP_RP_HeLa_2p5ug_2.raw	v1.1.0	NT=ms-proteomics;VV=v1.1.0	NT=human;VV=v1.1.0	NT=cell-lines;VV=v1.1.0	Fe(III)-IMAC	2.5 ug
HeLa sample 3 Fe(III)-IMAC	Homo sapiens	uterine cervix	epithelial cell of cervix	HeLa	CVCL_0030	HeLa	adult	cervical adenocarcinoma	Black	female	31Y	cell line	3	Fe(III)-IMAC	2.5 ug	run 27	proteomic profiling by mass spectrometry	1	1	NT=label free sample;AC=MS:1002038	NT=Q Exactive;AC=MS:1001911	NT=Trypsin;AC=MS:1001251	NT=Carbamidomethyl;AC=UNIMOD:4;TA=C;MT=Fixed	NT=Oxidation;AC=UNIMOD:35;TA=M;MT=Variable	NT=Phospho;AC=UNIMOD:21;TA=S,T,Y;MT=Variable	NT=Acetyl;AC=UNIMOD:1;PP=Protein N-term;MT=Variable	NT=HCD;AC=MS:1000422	not available	not available	NT=Data-dependent acquisition;AC=PRIDE:0000627	OR10_20160321_HP_RP_HeLa_2p5ug_3.raw	v1.1.0	NT=ms-proteomics;VV=v1.1.0	NT=human;VV=v1.1.0	NT=cell-lines;VV=v1.1.0	Fe(III)-IMAC	2.5 ug
HeLa sample 1 Fe(III)-IMAC	Homo sapiens	uterine cervix	epithelial cell of cervix	HeLa	CVCL_0030	HeLa	adult	cervical adenocarcinoma	Black	female	31Y	cell line	1	Fe(III)-IMAC	5 ug	run 28	proteomic profiling by mass spectrometry	1	1	NT=label free sample;AC=MS:1002038	NT=Q Exactive;AC=MS:1001911	NT=Trypsin;AC=MS:1001251	NT=Carbamidomethyl;AC=UNIMOD:4;TA=C;MT=Fixed	NT=Oxidation;AC=UNIMOD:35;TA=M;MT=Variable	NT=Phospho;AC=UNIMOD:21;TA=S,T,Y;MT=Variable	NT=Acetyl;AC=UNIMOD:1;PP=Protein N-term;MT=Variable	NT=HCD;AC=MS:1000422	not available	not available	NT=Data-dependent acquisition;AC=PRIDE:0000627	OR10_20160321_HP_RP_HeLa_5ug_1.raw	v1.1.0	NT=ms-proteomics;VV=v1.1.0	NT=human;VV=v1.1.0	NT=cell-lines;VV=v1.1.0	Fe(III)-IMAC	5 ug
HeLa sample 2 Fe(III)-IMAC	Homo sapiens	uterine cervix	epithelial cell of cervix	HeLa	CVCL_0030	HeLa	adult	cervical adenocarcinoma	Black	female	31Y	cell line	2	Fe(III)-IMAC	5 ug	run 29	proteomic profiling by mass spectrometry	1	1	NT=label free sample;AC=MS:1002038	NT=Q Exactive;AC=MS:1001911	NT=Trypsin;AC=MS:1001251	NT=Carbamidomethyl;AC=UNIMOD:4;TA=C;MT=Fixed	NT=Oxidation;AC=UNIMOD:35;TA=M;MT=Variable	NT=Phospho;AC=UNIMOD:21;TA=S,T,Y;MT=Variable	NT=Acetyl;AC=UNIMOD:1;PP=Protein N-term;MT=Variable	NT=HCD;AC=MS:1000422	not available	not available	NT=Data-dependent acquisition;AC=PRIDE:0000627	OR10_20160321_HP_RP_HeLa_5ug_2.raw	v1.1.0	NT=ms-proteomics;VV=v1.1.0	NT=human;VV=v1.1.0	NT=cell-lines;VV=v1.1.0	Fe(III)-IMAC	5 ug
HeLa sample 3 Fe(III)-IMAC	Homo sapiens	uterine cervix	epithelial cell of cervix	HeLa	CVCL_0030	HeLa	adult	cervical adenocarcinoma	Black	female	31Y	cell line	3	Fe(III)-IMAC	5 ug	run 30	proteomic profiling by mass spectrometry	1	1	NT=label free sample;AC=MS:1002038	NT=Q Exactive;AC=MS:1001911	NT=Trypsin;AC=MS:1001251	NT=Carbamidomethyl;AC=UNIMOD:4;TA=C;MT=Fixed	NT=Oxidation;AC=UNIMOD:35;TA=M;MT=Variable	NT=Phospho;AC=UNIMOD:21;TA=S,T,Y;MT=Variable	NT=Acetyl;AC=UNIMOD:1;PP=Protein N-term;MT=Variable	NT=HCD;AC=MS:1000422	not available	not available	NT=Data-dependent acquisition;AC=PRIDE:0000627	OR10_20160321_HP_RP_HeLa_5ug_3.raw	v1.1.0	NT=ms-proteomics;VV=v1.1.0	NT=human;VV=v1.1.0	NT=cell-lines;VV=v1.1.0	Fe(III)-IMAC	5 ug
HeLa sample 1 Fe(III)-IMAC	Homo sapiens	uterine cervix	epithelial cell of cervix	HeLa	CVCL_0030	HeLa	adult	cervical adenocarcinoma	Black	female	31Y	cell line	1	Fe(III)-IMAC	10 ug	run 31	proteomic profiling by mass spectrometry	1	1	NT=label free sample;AC=MS:1002038	NT=Q Exactive;AC=MS:1001911	NT=Trypsin;AC=MS:1001251	NT=Carbamidomethyl;AC=UNIMOD:4;TA=C;MT=Fixed	NT=Oxidation;AC=UNIMOD:35;TA=M;MT=Variable	NT=Phospho;AC=UNIMOD:21;TA=S,T,Y;MT=Variable	NT=Acetyl;AC=UNIMOD:1;PP=Protein N-term;MT=Variable	NT=HCD;AC=MS:1000422	not available	not available	NT=Data-dependent acquisition;AC=PRIDE:0000627	OR10_20160321_HP_RP_HeLa_10ug_1.raw	v1.1.0	NT=ms-proteomics;VV=v1.1.0	NT=human;VV=v1.1.0	NT=cell-lines;VV=v1.1.0	Fe(III)-IMAC	10 ug
HeLa sample 2 Fe(III)-IMAC	Homo sapiens	uterine cervix	epithelial cell of cervix	HeLa	CVCL_0030	HeLa	adult	cervical adenocarcinoma	Black	female	31Y	cell line	2	Fe(III)-IMAC	10 ug	run 32	proteomic profiling by mass spectrometry	1	1	NT=label free sample;AC=MS:1002038	NT=Q Exactive;AC=MS:1001911	NT=Trypsin;AC=MS:1001251	NT=Carbamidomethyl;AC=UNIMOD:4;TA=C;MT=Fixed	NT=Oxidation;AC=UNIMOD:35;TA=M;MT=Variable	NT=Phospho;AC=UNIMOD:21;TA=S,T,Y;MT=Variable	NT=Acetyl;AC=UNIMOD:1;PP=Protein N-term;MT=Variable	NT=HCD;AC=MS:1000422	not available	not available	NT=Data-dependent acquisition;AC=PRIDE:0000627	OR10_20160321_HP_RP_HeLa_10ug_2.raw	v1.1.0	NT=ms-proteomics;VV=v1.1.0	NT=human;VV=v1.1.0	NT=cell-lines;VV=v1.1.0	Fe(III)-IMAC	10 ug
HeLa sample 3 Fe(III)-IMAC	Homo sapiens	uterine cervix	epithelial cell of cervix	HeLa	CVCL_0030	HeLa	adult	cervical adenocarcinoma	Black	female	31Y	cell line	3	Fe(III)-IMAC	10 ug	run 33	proteomic profiling by mass spectrometry	1	1	NT=label free sample;AC=MS:1002038	NT=Q Exactive;AC=MS:1001911	NT=Trypsin;AC=MS:1001251	NT=Carbamidomethyl;AC=UNIMOD:4;TA=C;MT=Fixed	NT=Oxidation;AC=UNIMOD:35;TA=M;MT=Variable	NT=Phospho;AC=UNIMOD:21;TA=S,T,Y;MT=Variable	NT=Acetyl;AC=UNIMOD:1;PP=Protein N-term;MT=Variable	NT=HCD;AC=MS:1000422	not available	not available	NT=Data-dependent acquisition;AC=PRIDE:0000627	OR10_20160321_HP_RP_HeLa_10ug_3.raw	v1.1.0	NT=ms-proteomics;VV=v1.1.0	NT=human;VV=v1.1.0	NT=cell-lines;VV=v1.1.0	Fe(III)-IMAC	10 ug
HeLa sample 1 Fe(III)-IMAC	Homo sapiens	uterine cervix	epithelial cell of cervix	HeLa	CVCL_0030	HeLa	adult	cervical adenocarcinoma	Black	female	31Y	cell line	1	Fe(III)-IMAC	25 ug	run 34	proteomic profiling by mass spectrometry	1	1	NT=label free sample;AC=MS:1002038	NT=Q Exactive;AC=MS:1001911	NT=Trypsin;AC=MS:1001251	NT=Carbamidomethyl;AC=UNIMOD:4;TA=C;MT=Fixed	NT=Oxidation;AC=UNIMOD:35;TA=M;MT=Variable	NT=Phospho;AC=UNIMOD:21;TA=S,T,Y;MT=Variable	NT=Acetyl;AC=UNIMOD:1;PP=Protein N-term;MT=Variable	NT=HCD;AC=MS:1000422	not available	not available	NT=Data-dependent acquisition;AC=PRIDE:0000627	OR10_20160321_HP_RP_HeLa_25ug_1.raw	v1.1.0	NT=ms-proteomics;VV=v1.1.0	NT=human;VV=v1.1.0	NT=cell-lines;VV=v1.1.0	Fe(III)-IMAC	25 ug
HeLa sample 2 Fe(III)-IMAC	Homo sapiens	uterine cervix	epithelial cell of cervix	HeLa	CVCL_0030	HeLa	adult	cervical adenocarcinoma	Black	female	31Y	cell line	2	Fe(III)-IMAC	25 ug	run 35	proteomic profiling by mass spectrometry	1	1	NT=label free sample;AC=MS:1002038	NT=Q Exactive;AC=MS:1001911	NT=Trypsin;AC=MS:1001251	NT=Carbamidomethyl;AC=UNIMOD:4;TA=C;MT=Fixed	NT=Oxidation;AC=UNIMOD:35;TA=M;MT=Variable	NT=Phospho;AC=UNIMOD:21;TA=S,T,Y;MT=Variable	NT=Acetyl;AC=UNIMOD:1;PP=Protein N-term;MT=Variable	NT=HCD;AC=MS:1000422	not available	not available	NT=Data-dependent acquisition;AC=PRIDE:0000627	OR10_20160321_HP_RP_HeLa_25ug_2.raw	v1.1.0	NT=ms-proteomics;VV=v1.1.0	NT=human;VV=v1.1.0	NT=cell-lines;VV=v1.1.0	Fe(III)-IMAC	25 ug
HeLa sample 3 Fe(III)-IMAC	Homo sapiens	uterine cervix	epithelial cell of cervix	HeLa	CVCL_0030	HeLa	adult	cervical adenocarcinoma	Black	female	31Y	cell line	3	Fe(III)-IMAC	25 ug	run 36	proteomic profiling by mass spectrometry	1	1	NT=label free sample;AC=MS:1002038	NT=Q Exactive;AC=MS:1001911	NT=Trypsin;AC=MS:1001251	NT=Carbamidomethyl;AC=UNIMOD:4;TA=C;MT=Fixed	NT=Oxidation;AC=UNIMOD:35;TA=M;MT=Variable	NT=Phospho;AC=UNIMOD:21;TA=S,T,Y;MT=Variable	NT=Acetyl;AC=UNIMOD:1;PP=Protein N-term;MT=Variable	NT=HCD;AC=MS:1000422	not available	not available	NT=Data-dependent acquisition;AC=PRIDE:0000627	OR10_20160321_HP_RP_HeLa_25ug_3.raw	v1.1.0	NT=ms-proteomics;VV=v1.1.0	NT=human;VV=v1.1.0	NT=cell-lines;VV=v1.1.0	Fe(III)-IMAC	25 ug
HeLa sample 1 Fe(III)-IMAC	Homo sapiens	uterine cervix	epithelial cell of cervix	HeLa	CVCL_0030	HeLa	adult	cervical adenocarcinoma	Black	female	31Y	cell line	1	Fe(III)-IMAC	50 ug	run 37	proteomic profiling by mass spectrometry	1	1	NT=label free sample;AC=MS:1002038	NT=Q Exactive;AC=MS:1001911	NT=Trypsin;AC=MS:1001251	NT=Carbamidomethyl;AC=UNIMOD:4;TA=C;MT=Fixed	NT=Oxidation;AC=UNIMOD:35;TA=M;MT=Variable	NT=Phospho;AC=UNIMOD:21;TA=S,T,Y;MT=Variable	NT=Acetyl;AC=UNIMOD:1;PP=Protein N-term;MT=Variable	NT=HCD;AC=MS:1000422	not available	not available	NT=Data-dependent acquisition;AC=PRIDE:0000627	OR10_20160321_HP_RP_HeLa_50ug_1.raw	v1.1.0	NT=ms-proteomics;VV=v1.1.0	NT=human;VV=v1.1.0	NT=cell-lines;VV=v1.1.0	Fe(III)-IMAC	50 ug
HeLa sample 2 Fe(III)-IMAC	Homo sapiens	uterine cervix	epithelial cell of cervix	HeLa	CVCL_0030	HeLa	adult	cervical adenocarcinoma	Black	female	31Y	cell line	2	Fe(III)-IMAC	50 ug	run 38	proteomic profiling by mass spectrometry	1	1	NT=label free sample;AC=MS:1002038	NT=Q Exactive;AC=MS:1001911	NT=Trypsin;AC=MS:1001251	NT=Carbamidomethyl;AC=UNIMOD:4;TA=C;MT=Fixed	NT=Oxidation;AC=UNIMOD:35;TA=M;MT=Variable	NT=Phospho;AC=UNIMOD:21;TA=S,T,Y;MT=Variable	NT=Acetyl;AC=UNIMOD:1;PP=Protein N-term;MT=Variable	NT=HCD;AC=MS:1000422	not available	not available	NT=Data-dependent acquisition;AC=PRIDE:0000627	OR10_20160321_HP_RP_HeLa_50ug_2.raw	v1.1.0	NT=ms-proteomics;VV=v1.1.0	NT=human;VV=v1.1.0	NT=cell-lines;VV=v1.1.0	Fe(III)-IMAC	50 ug
HeLa sample 3 Fe(III)-IMAC	Homo sapiens	uterine cervix	epithelial cell of cervix	HeLa	CVCL_0030	HeLa	adult	cervical adenocarcinoma	Black	female	31Y	cell line	3	Fe(III)-IMAC	50 ug	run 39	proteomic profiling by mass spectrometry	1	1	NT=label free sample;AC=MS:1002038	NT=Q Exactive;AC=MS:1001911	NT=Trypsin;AC=MS:1001251	NT=Carbamidomethyl;AC=UNIMOD:4;TA=C;MT=Fixed	NT=Oxidation;AC=UNIMOD:35;TA=M;MT=Variable	NT=Phospho;AC=UNIMOD:21;TA=S,T,Y;MT=Variable	NT=Acetyl;AC=UNIMOD:1;PP=Protein N-term;MT=Variable	NT=HCD;AC=MS:1000422	not available	not available	NT=Data-dependent acquisition;AC=PRIDE:0000627	OR10_20160321_HP_RP_HeLa_50ug_3.raw	v1.1.0	NT=ms-proteomics;VV=v1.1.0	NT=human;VV=v1.1.0	NT=cell-lines;VV=v1.1.0	Fe(III)-IMAC	50 ug
HeLa sample 1 Fe(III)-IMAC	Homo sapiens	uterine cervix	epithelial cell of cervix	HeLa	CVCL_0030	HeLa	adult	cervical adenocarcinoma	Black	female	31Y	cell line	1	Fe(III)-IMAC	100 ug	run 40	proteomic profiling by mass spectrometry	1	1	NT=label free sample;AC=MS:1002038	NT=Q Exactive;AC=MS:1001911	NT=Trypsin;AC=MS:1001251	NT=Carbamidomethyl;AC=UNIMOD:4;TA=C;MT=Fixed	NT=Oxidation;AC=UNIMOD:35;TA=M;MT=Variable	NT=Phospho;AC=UNIMOD:21;TA=S,T,Y;MT=Variable	NT=Acetyl;AC=UNIMOD:1;PP=Protein N-term;MT=Variable	NT=HCD;AC=MS:1000422	not available	not available	NT=Data-dependent acquisition;AC=PRIDE:0000627	OR10_20160321_HP_RP_HeLa_100ug_1.raw	v1.1.0	NT=ms-proteomics;VV=v1.1.0	NT=human;VV=v1.1.0	NT=cell-lines;VV=v1.1.0	Fe(III)-IMAC	100 ug
HeLa sample 2 Fe(III)-IMAC	Homo sapiens	uterine cervix	epithelial cell of cervix	HeLa	CVCL_0030	HeLa	adult	cervical adenocarcinoma	Black	female	31Y	cell line	2	Fe(III)-IMAC	100 ug	run 41	proteomic profiling by mass spectrometry	1	1	NT=label free sample;AC=MS:1002038	NT=Q Exactive;AC=MS:1001911	NT=Trypsin;AC=MS:1001251	NT=Carbamidomethyl;AC=UNIMOD:4;TA=C;MT=Fixed	NT=Oxidation;AC=UNIMOD:35;TA=M;MT=Variable	NT=Phospho;AC=UNIMOD:21;TA=S,T,Y;MT=Variable	NT=Acetyl;AC=UNIMOD:1;PP=Protein N-term;MT=Variable	NT=HCD;AC=MS:1000422	not available	not available	NT=Data-dependent acquisition;AC=PRIDE:0000627	OR10_20160321_HP_RP_HeLa_100ug_2.raw	v1.1.0	NT=ms-proteomics;VV=v1.1.0	NT=human;VV=v1.1.0	NT=cell-lines;VV=v1.1.0	Fe(III)-IMAC	100 ug
HeLa sample 3 Fe(III)-IMAC	Homo sapiens	uterine cervix	epithelial cell of cervix	HeLa	CVCL_0030	HeLa	adult	cervical adenocarcinoma	Black	female	31Y	cell line	3	Fe(III)-IMAC	100 ug	run 42	proteomic profiling by mass spectrometry	1	1	NT=label free sample;AC=MS:1002038	NT=Q Exactive;AC=MS:1001911	NT=Trypsin;AC=MS:1001251	NT=Carbamidomethyl;AC=UNIMOD:4;TA=C;MT=Fixed	NT=Oxidation;AC=UNIMOD:35;TA=M;MT=Variable	NT=Phospho;AC=UNIMOD:21;TA=S,T,Y;MT=Variable	NT=Acetyl;AC=UNIMOD:1;PP=Protein N-term;MT=Variable	NT=HCD;AC=MS:1000422	not available	not available	NT=Data-dependent acquisition;AC=PRIDE:0000627	OR10_20160321_HP_RP_HeLa_100ug_3.raw	v1.1.0	NT=ms-proteomics;VV=v1.1.0	NT=human;VV=v1.1.0	NT=cell-lines;VV=v1.1.0	Fe(III)-IMAC	100 ug
HeLa sample 1 Fe(III)-IMAC	Homo sapiens	uterine cervix	epithelial cell of cervix	HeLa	CVCL_0030	HeLa	adult	cervical adenocarcinoma	Black	female	31Y	cell line	1	Fe(III)-IMAC	200 ug	run 43	proteomic profiling by mass spectrometry	1	1	NT=label free sample;AC=MS:1002038	NT=Q Exactive;AC=MS:1001911	NT=Trypsin;AC=MS:1001251	NT=Carbamidomethyl;AC=UNIMOD:4;TA=C;MT=Fixed	NT=Oxidation;AC=UNIMOD:35;TA=M;MT=Variable	NT=Phospho;AC=UNIMOD:21;TA=S,T,Y;MT=Variable	NT=Acetyl;AC=UNIMOD:1;PP=Protein N-term;MT=Variable	NT=HCD;AC=MS:1000422	not available	not available	NT=Data-dependent acquisition;AC=PRIDE:0000627	OR10_20160321_HP_RP_HeLa_200ug_1.raw	v1.1.0	NT=ms-proteomics;VV=v1.1.0	NT=human;VV=v1.1.0	NT=cell-lines;VV=v1.1.0	Fe(III)-IMAC	200 ug
HeLa sample 2 Fe(III)-IMAC	Homo sapiens	uterine cervix	epithelial cell of cervix	HeLa	CVCL_0030	HeLa	adult	cervical adenocarcinoma	Black	female	31Y	cell line	2	Fe(III)-IMAC	200 ug	run 44	proteomic profiling by mass spectrometry	1	1	NT=label free sample;AC=MS:1002038	NT=Q Exactive;AC=MS:1001911	NT=Trypsin;AC=MS:1001251	NT=Carbamidomethyl;AC=UNIMOD:4;TA=C;MT=Fixed	NT=Oxidation;AC=UNIMOD:35;TA=M;MT=Variable	NT=Phospho;AC=UNIMOD:21;TA=S,T,Y;MT=Variable	NT=Acetyl;AC=UNIMOD:1;PP=Protein N-term;MT=Variable	NT=HCD;AC=MS:1000422	not available	not available	NT=Data-dependent acquisition;AC=PRIDE:0000627	OR10_20160321_HP_RP_HeLa_200ug_2.raw	v1.1.0	NT=ms-proteomics;VV=v1.1.0	NT=human;VV=v1.1.0	NT=cell-lines;VV=v1.1.0	Fe(III)-IMAC	200 ug
HeLa sample 3 Fe(III)-IMAC	Homo sapiens	uterine cervix	epithelial cell of cervix	HeLa	CVCL_0030	HeLa	adult	cervical adenocarcinoma	Black	female	31Y	cell line	3	Fe(III)-IMAC	200 ug	run 45	proteomic profiling by mass spectrometry	1	1	NT=label free sample;AC=MS:1002038	NT=Q Exactive;AC=MS:1001911	NT=Trypsin;AC=MS:1001251	NT=Carbamidomethyl;AC=UNIMOD:4;TA=C;MT=Fixed	NT=Oxidation;AC=UNIMOD:35;TA=M;MT=Variable	NT=Phospho;AC=UNIMOD:21;TA=S,T,Y;MT=Variable	NT=Acetyl;AC=UNIMOD:1;PP=Protein N-term;MT=Variable	NT=HCD;AC=MS:1000422	not available	not available	NT=Data-dependent acquisition;AC=PRIDE:0000627	OR10_20160321_HP_RP_HeLa_200ug_3.raw	v1.1.0	NT=ms-proteomics;VV=v1.1.0	NT=human;VV=v1.1.0	NT=cell-lines;VV=v1.1.0	Fe(III)-IMAC	200 ug
HeLa sample 1 Fe(III)-IMAC	Homo sapiens	uterine cervix	epithelial cell of cervix	HeLa	CVCL_0030	HeLa	adult	cervical adenocarcinoma	Black	female	31Y	cell line	1	Fe(III)-IMAC	500 ug	run 46	proteomic profiling by mass spectrometry	1	1	NT=label free sample;AC=MS:1002038	NT=Q Exactive;AC=MS:1001911	NT=Trypsin;AC=MS:1001251	NT=Carbamidomethyl;AC=UNIMOD:4;TA=C;MT=Fixed	NT=Oxidation;AC=UNIMOD:35;TA=M;MT=Variable	NT=Phospho;AC=UNIMOD:21;TA=S,T,Y;MT=Variable	NT=Acetyl;AC=UNIMOD:1;PP=Protein N-term;MT=Variable	NT=HCD;AC=MS:1000422	not available	not available	NT=Data-dependent acquisition;AC=PRIDE:0000627	OR10_20160321_HP_RP_HeLa_500ug_1.raw	v1.1.0	NT=ms-proteomics;VV=v1.1.0	NT=human;VV=v1.1.0	NT=cell-lines;VV=v1.1.0	Fe(III)-IMAC	500 ug
HeLa sample 2 Fe(III)-IMAC	Homo sapiens	uterine cervix	epithelial cell of cervix	HeLa	CVCL_0030	HeLa	adult	cervical adenocarcinoma	Black	female	31Y	cell line	2	Fe(III)-IMAC	500 ug	run 47	proteomic profiling by mass spectrometry	1	1	NT=label free sample;AC=MS:1002038	NT=Q Exactive;AC=MS:1001911	NT=Trypsin;AC=MS:1001251	NT=Carbamidomethyl;AC=UNIMOD:4;TA=C;MT=Fixed	NT=Oxidation;AC=UNIMOD:35;TA=M;MT=Variable	NT=Phospho;AC=UNIMOD:21;TA=S,T,Y;MT=Variable	NT=Acetyl;AC=UNIMOD:1;PP=Protein N-term;MT=Variable	NT=HCD;AC=MS:1000422	not available	not available	NT=Data-dependent acquisition;AC=PRIDE:0000627	OR10_20160321_HP_RP_HeLa_500ug_2.raw	v1.1.0	NT=ms-proteomics;VV=v1.1.0	NT=human;VV=v1.1.0	NT=cell-lines;VV=v1.1.0	Fe(III)-IMAC	500 ug
HeLa sample 3 Fe(III)-IMAC	Homo sapiens	uterine cervix	epithelial cell of cervix	HeLa	CVCL_0030	HeLa	adult	cervical adenocarcinoma	Black	female	31Y	cell line	3	Fe(III)-IMAC	500 ug	run 48	proteomic profiling by mass spectrometry	1	1	NT=label free sample;AC=MS:1002038	NT=Q Exactive;AC=MS:1001911	NT=Trypsin;AC=MS:1001251	NT=Carbamidomethyl;AC=UNIMOD:4;TA=C;MT=Fixed	NT=Oxidation;AC=UNIMOD:35;TA=M;MT=Variable	NT=Phospho;AC=UNIMOD:21;TA=S,T,Y;MT=Variable	NT=Acetyl;AC=UNIMOD:1;PP=Protein N-term;MT=Variable	NT=HCD;AC=MS:1000422	not available	not available	NT=Data-dependent acquisition;AC=PRIDE:0000627	OR10_20160321_HP_RP_HeLa_500ug_3.raw	v1.1.0	NT=ms-proteomics;VV=v1.1.0	NT=human;VV=v1.1.0	NT=cell-lines;VV=v1.1.0	Fe(III)-IMAC	500 ug
