source name	characteristics[sample name]	characteristics[organism]	characteristics[organism part]	characteristics[cell type]	characteristics[disease]	characteristics[project name]	characteristics[environmental sample type]	characteristics[environmental medium]	characteristics[geographic location]	characteristics[collection date]	characteristics[sample collection method]	characteristics[sample storage]	characteristics[biological replicate]	assay name	technology type	comment[proteomics data acquisition method]	comment[label]	comment[instrument]	comment[cleavage agent details]	comment[dissociation method]	comment[fraction identifier]	comment[technical replicate]	comment[data file]	comment[sdrf version]	comment[sdrf template]	comment[sdrf template]	comment[sdrf annotation tool]
Blank1	Blank1	Homo sapiens	not available	not applicable	not available	Metaproteome_analysis_of_the_coral_holobiont_demonstrates_algal_symbiont_quiescence_under_thermal_stress	not available	not available	not available	not available	not available	not available	1	Blank1	proteomic profiling by mass spectrometry	Data-dependent acquisition	NT=label free sample;AC=MS:1002038	NT=instrument model;AC=MS:1000031	not applicable	not available	1	1	Blank1.mzXML	v1.1.0	NT=ms-proteomics;VV=v1.1.0	NT=metaproteomics;VV=v1.0.0	manual curation
Blank2	Blank2	Homo sapiens	not available	not applicable	not available	Metaproteome_analysis_of_the_coral_holobiont_demonstrates_algal_symbiont_quiescence_under_thermal_stress	not available	not available	not available	not available	not available	not available	1	Blank2	proteomic profiling by mass spectrometry	Data-dependent acquisition	NT=label free sample;AC=MS:1002038	NT=instrument model;AC=MS:1000031	not applicable	not available	1	1	Blank2.mzXML	v1.1.0	NT=ms-proteomics;VV=v1.1.0	NT=metaproteomics;VV=v1.0.0	manual curation
Blank3	Blank3	Homo sapiens	not available	not applicable	not available	Metaproteome_analysis_of_the_coral_holobiont_demonstrates_algal_symbiont_quiescence_under_thermal_stress	not available	not available	not available	not available	not available	not available	1	Blank3	proteomic profiling by mass spectrometry	Data-dependent acquisition	NT=label free sample;AC=MS:1002038	NT=instrument model;AC=MS:1000031	not applicable	not available	1	1	Blank3.mzXML	v1.1.0	NT=ms-proteomics;VV=v1.1.0	NT=metaproteomics;VV=v1.0.0	manual curation
Blank4	Blank4	Homo sapiens	not available	not applicable	not available	Metaproteome_analysis_of_the_coral_holobiont_demonstrates_algal_symbiont_quiescence_under_thermal_stress	not available	not available	not available	not available	not available	not available	1	Blank4	proteomic profiling by mass spectrometry	Data-dependent acquisition	NT=label free sample;AC=MS:1002038	NT=instrument model;AC=MS:1000031	not applicable	not available	1	1	Blank4.mzXML	v1.1.0	NT=ms-proteomics;VV=v1.1.0	NT=metaproteomics;VV=v1.0.0	manual curation
Blank5	Blank5	Homo sapiens	not available	not applicable	not available	Metaproteome_analysis_of_the_coral_holobiont_demonstrates_algal_symbiont_quiescence_under_thermal_stress	not available	not available	not available	not available	not available	not available	1	Blank5	proteomic profiling by mass spectrometry	Data-dependent acquisition	NT=label free sample;AC=MS:1002038	NT=instrument model;AC=MS:1000031	not applicable	not available	1	1	Blank5.mzXML	v1.1.0	NT=ms-proteomics;VV=v1.1.0	NT=metaproteomics;VV=v1.0.0	manual curation
Blank6	Blank6	Homo sapiens	not available	not applicable	not available	Metaproteome_analysis_of_the_coral_holobiont_demonstrates_algal_symbiont_quiescence_under_thermal_stress	not available	not available	not available	not available	not available	not available	1	Blank6	proteomic profiling by mass spectrometry	Data-dependent acquisition	NT=label free sample;AC=MS:1002038	NT=instrument model;AC=MS:1000031	not applicable	not available	1	1	Blank6.mzXML	v1.1.0	NT=ms-proteomics;VV=v1.1.0	NT=metaproteomics;VV=v1.0.0	manual curation
Blank7	Blank7	Homo sapiens	not available	not applicable	not available	Metaproteome_analysis_of_the_coral_holobiont_demonstrates_algal_symbiont_quiescence_under_thermal_stress	not available	not available	not available	not available	not available	not available	1	Blank7	proteomic profiling by mass spectrometry	Data-dependent acquisition	NT=label free sample;AC=MS:1002038	NT=instrument model;AC=MS:1000031	not applicable	not available	1	1	Blank7.mzXML	v1.1.0	NT=ms-proteomics;VV=v1.1.0	NT=metaproteomics;VV=v1.0.0	manual curation
Blank8	Blank8	Homo sapiens	not available	not applicable	not available	Metaproteome_analysis_of_the_coral_holobiont_demonstrates_algal_symbiont_quiescence_under_thermal_stress	not available	not available	not available	not available	not available	not available	1	Blank8	proteomic profiling by mass spectrometry	Data-dependent acquisition	NT=label free sample;AC=MS:1002038	NT=instrument model;AC=MS:1000031	not applicable	not available	1	1	Blank8.mzXML	v1.1.0	NT=ms-proteomics;VV=v1.1.0	NT=metaproteomics;VV=v1.0.0	manual curation
Blank9	Blank9	Homo sapiens	not available	not applicable	not available	Metaproteome_analysis_of_the_coral_holobiont_demonstrates_algal_symbiont_quiescence_under_thermal_stress	not available	not available	not available	not available	not available	not available	1	Blank9	proteomic profiling by mass spectrometry	Data-dependent acquisition	NT=label free sample;AC=MS:1002038	NT=instrument model;AC=MS:1000031	not applicable	not available	1	1	Blank9.mzXML	v1.1.0	NT=ms-proteomics;VV=v1.1.0	NT=metaproteomics;VV=v1.0.0	manual curation
TP0_Acr_A_3007_1	TP0_Acr_A_3007_1	Homo sapiens	not available	not applicable	not available	Metaproteome_analysis_of_the_coral_holobiont_demonstrates_algal_symbiont_quiescence_under_thermal_stress	not available	not available	not available	not available	not available	not available	1	TP0_Acr_A_3007_1	proteomic profiling by mass spectrometry	Data-dependent acquisition	NT=label free sample;AC=MS:1002038	NT=instrument model;AC=MS:1000031	not applicable	not available	1	1	TP0_Acr_A_3007_1.mzXML	v1.1.0	NT=ms-proteomics;VV=v1.1.0	NT=metaproteomics;VV=v1.0.0	manual curation
TP0_Acr_A_3007_2	TP0_Acr_A_3007_2	Homo sapiens	not available	not applicable	not available	Metaproteome_analysis_of_the_coral_holobiont_demonstrates_algal_symbiont_quiescence_under_thermal_stress	not available	not available	not available	not available	not available	not available	1	TP0_Acr_A_3007_2	proteomic profiling by mass spectrometry	Data-dependent acquisition	NT=label free sample;AC=MS:1002038	NT=instrument model;AC=MS:1000031	not applicable	not available	1	1	TP0_Acr_A_3007_2.mzXML	v1.1.0	NT=ms-proteomics;VV=v1.1.0	NT=metaproteomics;VV=v1.0.0	manual curation
TP0_Acr_A_5070_1	TP0_Acr_A_5070_1	Homo sapiens	not available	not applicable	not available	Metaproteome_analysis_of_the_coral_holobiont_demonstrates_algal_symbiont_quiescence_under_thermal_stress	not available	not available	not available	not available	not available	not available	1	TP0_Acr_A_5070_1	proteomic profiling by mass spectrometry	Data-dependent acquisition	NT=label free sample;AC=MS:1002038	NT=instrument model;AC=MS:1000031	not applicable	not available	1	1	TP0_Acr_A_5070_1.mzXML	v1.1.0	NT=ms-proteomics;VV=v1.1.0	NT=metaproteomics;VV=v1.0.0	manual curation
TP0_Acr_A_5070_2	TP0_Acr_A_5070_2	Homo sapiens	not available	not applicable	not available	Metaproteome_analysis_of_the_coral_holobiont_demonstrates_algal_symbiont_quiescence_under_thermal_stress	not available	not available	not available	not available	not available	not available	1	TP0_Acr_A_5070_2	proteomic profiling by mass spectrometry	Data-dependent acquisition	NT=label free sample;AC=MS:1002038	NT=instrument model;AC=MS:1000031	not applicable	not available	1	1	TP0_Acr_A_5070_2.mzXML	v1.1.0	NT=ms-proteomics;VV=v1.1.0	NT=metaproteomics;VV=v1.0.0	manual curation
TP0_Acr_A_638_1	TP0_Acr_A_638_1	Homo sapiens	not available	not applicable	not available	Metaproteome_analysis_of_the_coral_holobiont_demonstrates_algal_symbiont_quiescence_under_thermal_stress	not available	not available	not available	not available	not available	not available	1	TP0_Acr_A_638_1	proteomic profiling by mass spectrometry	Data-dependent acquisition	NT=label free sample;AC=MS:1002038	NT=instrument model;AC=MS:1000031	not applicable	not available	1	1	TP0_Acr_A_638_1.mzXML	v1.1.0	NT=ms-proteomics;VV=v1.1.0	NT=metaproteomics;VV=v1.0.0	manual curation
TP0_Acr_A_638_2	TP0_Acr_A_638_2	Homo sapiens	not available	not applicable	not available	Metaproteome_analysis_of_the_coral_holobiont_demonstrates_algal_symbiont_quiescence_under_thermal_stress	not available	not available	not available	not available	not available	not available	1	TP0_Acr_A_638_2	proteomic profiling by mass spectrometry	Data-dependent acquisition	NT=label free sample;AC=MS:1002038	NT=instrument model;AC=MS:1000031	not applicable	not available	1	1	TP0_Acr_A_638_2.mzXML	v1.1.0	NT=ms-proteomics;VV=v1.1.0	NT=metaproteomics;VV=v1.0.0	manual curation
TP0_Acr_H_5013_1	TP0_Acr_H_5013_1	Homo sapiens	not available	not applicable	not available	Metaproteome_analysis_of_the_coral_holobiont_demonstrates_algal_symbiont_quiescence_under_thermal_stress	not available	not available	not available	not available	not available	not available	1	TP0_Acr_H_5013_1	proteomic profiling by mass spectrometry	Data-dependent acquisition	NT=label free sample;AC=MS:1002038	NT=instrument model;AC=MS:1000031	not applicable	not available	1	1	TP0_Acr_H_5013_1.mzXML	v1.1.0	NT=ms-proteomics;VV=v1.1.0	NT=metaproteomics;VV=v1.0.0	manual curation
TP0_Acr_H_5013_2	TP0_Acr_H_5013_2	Homo sapiens	not available	not applicable	not available	Metaproteome_analysis_of_the_coral_holobiont_demonstrates_algal_symbiont_quiescence_under_thermal_stress	not available	not available	not available	not available	not available	not available	1	TP0_Acr_H_5013_2	proteomic profiling by mass spectrometry	Data-dependent acquisition	NT=label free sample;AC=MS:1002038	NT=instrument model;AC=MS:1000031	not applicable	not available	1	1	TP0_Acr_H_5013_2.mzXML	v1.1.0	NT=ms-proteomics;VV=v1.1.0	NT=metaproteomics;VV=v1.0.0	manual curation
TP0_Acr_H_5016_1	TP0_Acr_H_5016_1	Homo sapiens	not available	not applicable	not available	Metaproteome_analysis_of_the_coral_holobiont_demonstrates_algal_symbiont_quiescence_under_thermal_stress	not available	not available	not available	not available	not available	not available	1	TP0_Acr_H_5016_1	proteomic profiling by mass spectrometry	Data-dependent acquisition	NT=label free sample;AC=MS:1002038	NT=instrument model;AC=MS:1000031	not applicable	not available	1	1	TP0_Acr_H_5016_1.mzXML	v1.1.0	NT=ms-proteomics;VV=v1.1.0	NT=metaproteomics;VV=v1.0.0	manual curation
TP0_Acr_H_5016_2	TP0_Acr_H_5016_2	Homo sapiens	not available	not applicable	not available	Metaproteome_analysis_of_the_coral_holobiont_demonstrates_algal_symbiont_quiescence_under_thermal_stress	not available	not available	not available	not available	not available	not available	1	TP0_Acr_H_5016_2	proteomic profiling by mass spectrometry	Data-dependent acquisition	NT=label free sample;AC=MS:1002038	NT=instrument model;AC=MS:1000031	not applicable	not available	1	1	TP0_Acr_H_5016_2.mzXML	v1.1.0	NT=ms-proteomics;VV=v1.1.0	NT=metaproteomics;VV=v1.0.0	manual curation
TP0_Acr_H_68_1	TP0_Acr_H_68_1	Homo sapiens	not available	not applicable	not available	Metaproteome_analysis_of_the_coral_holobiont_demonstrates_algal_symbiont_quiescence_under_thermal_stress	not available	not available	not available	not available	not available	not available	1	TP0_Acr_H_68_1	proteomic profiling by mass spectrometry	Data-dependent acquisition	NT=label free sample;AC=MS:1002038	NT=instrument model;AC=MS:1000031	not applicable	not available	1	1	TP0_Acr_H_68_1.mzXML	v1.1.0	NT=ms-proteomics;VV=v1.1.0	NT=metaproteomics;VV=v1.0.0	manual curation
TP0_Acr_H_68_2	TP0_Acr_H_68_2	Homo sapiens	not available	not applicable	not available	Metaproteome_analysis_of_the_coral_holobiont_demonstrates_algal_symbiont_quiescence_under_thermal_stress	not available	not available	not available	not available	not available	not available	1	TP0_Acr_H_68_2	proteomic profiling by mass spectrometry	Data-dependent acquisition	NT=label free sample;AC=MS:1002038	NT=instrument model;AC=MS:1000031	not applicable	not available	1	1	TP0_Acr_H_68_2.mzXML	v1.1.0	NT=ms-proteomics;VV=v1.1.0	NT=metaproteomics;VV=v1.0.0	manual curation
TP0_Por_A_528_1	TP0_Por_A_528_1	Homo sapiens	not available	not applicable	not available	Metaproteome_analysis_of_the_coral_holobiont_demonstrates_algal_symbiont_quiescence_under_thermal_stress	not available	not available	not available	not available	not available	not available	1	TP0_Por_A_528_1	proteomic profiling by mass spectrometry	Data-dependent acquisition	NT=label free sample;AC=MS:1002038	NT=instrument model;AC=MS:1000031	not applicable	not available	1	1	TP0_Por_A_528_1.mzXML	v1.1.0	NT=ms-proteomics;VV=v1.1.0	NT=metaproteomics;VV=v1.0.0	manual curation
TP0_Por_A_528_2	TP0_Por_A_528_2	Homo sapiens	not available	not applicable	not available	Metaproteome_analysis_of_the_coral_holobiont_demonstrates_algal_symbiont_quiescence_under_thermal_stress	not available	not available	not available	not available	not available	not available	1	TP0_Por_A_528_2	proteomic profiling by mass spectrometry	Data-dependent acquisition	NT=label free sample;AC=MS:1002038	NT=instrument model;AC=MS:1000031	not applicable	not available	1	1	TP0_Por_A_528_2.mzXML	v1.1.0	NT=ms-proteomics;VV=v1.1.0	NT=metaproteomics;VV=v1.0.0	manual curation
TP0_Por_A_5384_1	TP0_Por_A_5384_1	Homo sapiens	not available	not applicable	not available	Metaproteome_analysis_of_the_coral_holobiont_demonstrates_algal_symbiont_quiescence_under_thermal_stress	not available	not available	not available	not available	not available	not available	1	TP0_Por_A_5384_1	proteomic profiling by mass spectrometry	Data-dependent acquisition	NT=label free sample;AC=MS:1002038	NT=instrument model;AC=MS:1000031	not applicable	not available	1	1	TP0_Por_A_5384_1.mzXML	v1.1.0	NT=ms-proteomics;VV=v1.1.0	NT=metaproteomics;VV=v1.0.0	manual curation
TP0_Por_A_5384_2	TP0_Por_A_5384_2	Homo sapiens	not available	not applicable	not available	Metaproteome_analysis_of_the_coral_holobiont_demonstrates_algal_symbiont_quiescence_under_thermal_stress	not available	not available	not available	not available	not available	not available	1	TP0_Por_A_5384_2	proteomic profiling by mass spectrometry	Data-dependent acquisition	NT=label free sample;AC=MS:1002038	NT=instrument model;AC=MS:1000031	not applicable	not available	1	1	TP0_Por_A_5384_2.mzXML	v1.1.0	NT=ms-proteomics;VV=v1.1.0	NT=metaproteomics;VV=v1.0.0	manual curation
TP0_Por_A_5387_1	TP0_Por_A_5387_1	Homo sapiens	not available	not applicable	not available	Metaproteome_analysis_of_the_coral_holobiont_demonstrates_algal_symbiont_quiescence_under_thermal_stress	not available	not available	not available	not available	not available	not available	1	TP0_Por_A_5387_1	proteomic profiling by mass spectrometry	Data-dependent acquisition	NT=label free sample;AC=MS:1002038	NT=instrument model;AC=MS:1000031	not applicable	not available	1	1	TP0_Por_A_5387_1.mzXML	v1.1.0	NT=ms-proteomics;VV=v1.1.0	NT=metaproteomics;VV=v1.0.0	manual curation
TP0_Por_A_5387_2	TP0_Por_A_5387_2	Homo sapiens	not available	not applicable	not available	Metaproteome_analysis_of_the_coral_holobiont_demonstrates_algal_symbiont_quiescence_under_thermal_stress	not available	not available	not available	not available	not available	not available	1	TP0_Por_A_5387_2	proteomic profiling by mass spectrometry	Data-dependent acquisition	NT=label free sample;AC=MS:1002038	NT=instrument model;AC=MS:1000031	not applicable	not available	1	1	TP0_Por_A_5387_2.mzXML	v1.1.0	NT=ms-proteomics;VV=v1.1.0	NT=metaproteomics;VV=v1.0.0	manual curation
TP0_Por_H_2732_1	TP0_Por_H_2732_1	Homo sapiens	not available	not applicable	not available	Metaproteome_analysis_of_the_coral_holobiont_demonstrates_algal_symbiont_quiescence_under_thermal_stress	not available	not available	not available	not available	not available	not available	1	TP0_Por_H_2732_1	proteomic profiling by mass spectrometry	Data-dependent acquisition	NT=label free sample;AC=MS:1002038	NT=instrument model;AC=MS:1000031	not applicable	not available	1	1	TP0_Por_H_2732_1.mzXML	v1.1.0	NT=ms-proteomics;VV=v1.1.0	NT=metaproteomics;VV=v1.0.0	manual curation
TP0_Por_H_2732_2	TP0_Por_H_2732_2	Homo sapiens	not available	not applicable	not available	Metaproteome_analysis_of_the_coral_holobiont_demonstrates_algal_symbiont_quiescence_under_thermal_stress	not available	not available	not available	not available	not available	not available	1	TP0_Por_H_2732_2	proteomic profiling by mass spectrometry	Data-dependent acquisition	NT=label free sample;AC=MS:1002038	NT=instrument model;AC=MS:1000031	not applicable	not available	1	1	TP0_Por_H_2732_2.mzXML	v1.1.0	NT=ms-proteomics;VV=v1.1.0	NT=metaproteomics;VV=v1.0.0	manual curation
TP0_Por_H_2735_1	TP0_Por_H_2735_1	Homo sapiens	not available	not applicable	not available	Metaproteome_analysis_of_the_coral_holobiont_demonstrates_algal_symbiont_quiescence_under_thermal_stress	not available	not available	not available	not available	not available	not available	1	TP0_Por_H_2735_1	proteomic profiling by mass spectrometry	Data-dependent acquisition	NT=label free sample;AC=MS:1002038	NT=instrument model;AC=MS:1000031	not applicable	not available	1	1	TP0_Por_H_2735_1.mzXML	v1.1.0	NT=ms-proteomics;VV=v1.1.0	NT=metaproteomics;VV=v1.0.0	manual curation
TP0_Por_H_2735_2	TP0_Por_H_2735_2	Homo sapiens	not available	not applicable	not available	Metaproteome_analysis_of_the_coral_holobiont_demonstrates_algal_symbiont_quiescence_under_thermal_stress	not available	not available	not available	not available	not available	not available	1	TP0_Por_H_2735_2	proteomic profiling by mass spectrometry	Data-dependent acquisition	NT=label free sample;AC=MS:1002038	NT=instrument model;AC=MS:1000031	not applicable	not available	1	1	TP0_Por_H_2735_2.mzXML	v1.1.0	NT=ms-proteomics;VV=v1.1.0	NT=metaproteomics;VV=v1.0.0	manual curation
TP0_Por_H_2744_1	TP0_Por_H_2744_1	Homo sapiens	not available	not applicable	not available	Metaproteome_analysis_of_the_coral_holobiont_demonstrates_algal_symbiont_quiescence_under_thermal_stress	not available	not available	not available	not available	not available	not available	1	TP0_Por_H_2744_1	proteomic profiling by mass spectrometry	Data-dependent acquisition	NT=label free sample;AC=MS:1002038	NT=instrument model;AC=MS:1000031	not applicable	not available	1	1	TP0_Por_H_2744_1.mzXML	v1.1.0	NT=ms-proteomics;VV=v1.1.0	NT=metaproteomics;VV=v1.0.0	manual curation
TP0_Por_H_2744_2	TP0_Por_H_2744_2	Homo sapiens	not available	not applicable	not available	Metaproteome_analysis_of_the_coral_holobiont_demonstrates_algal_symbiont_quiescence_under_thermal_stress	not available	not available	not available	not available	not available	not available	1	TP0_Por_H_2744_2	proteomic profiling by mass spectrometry	Data-dependent acquisition	NT=label free sample;AC=MS:1002038	NT=instrument model;AC=MS:1000031	not applicable	not available	1	1	TP0_Por_H_2744_2.mzXML	v1.1.0	NT=ms-proteomics;VV=v1.1.0	NT=metaproteomics;VV=v1.0.0	manual curation
TP0_Sty_A_2022_1	TP0_Sty_A_2022_1	Homo sapiens	not available	not applicable	not available	Metaproteome_analysis_of_the_coral_holobiont_demonstrates_algal_symbiont_quiescence_under_thermal_stress	not available	not available	not available	not available	not available	not available	1	TP0_Sty_A_2022_1	proteomic profiling by mass spectrometry	Data-dependent acquisition	NT=label free sample;AC=MS:1002038	NT=instrument model;AC=MS:1000031	not applicable	not available	1	1	TP0_Sty_A_2022_1.mzXML	v1.1.0	NT=ms-proteomics;VV=v1.1.0	NT=metaproteomics;VV=v1.0.0	manual curation
TP0_Sty_A_2022_2	TP0_Sty_A_2022_2	Homo sapiens	not available	not applicable	not available	Metaproteome_analysis_of_the_coral_holobiont_demonstrates_algal_symbiont_quiescence_under_thermal_stress	not available	not available	not available	not available	not available	not available	1	TP0_Sty_A_2022_2	proteomic profiling by mass spectrometry	Data-dependent acquisition	NT=label free sample;AC=MS:1002038	NT=instrument model;AC=MS:1000031	not applicable	not available	1	1	TP0_Sty_A_2022_2.mzXML	v1.1.0	NT=ms-proteomics;VV=v1.1.0	NT=metaproteomics;VV=v1.0.0	manual curation
TP0_Sty_A_2023_1	TP0_Sty_A_2023_1	Homo sapiens	not available	not applicable	not available	Metaproteome_analysis_of_the_coral_holobiont_demonstrates_algal_symbiont_quiescence_under_thermal_stress	not available	not available	not available	not available	not available	not available	1	TP0_Sty_A_2023_1	proteomic profiling by mass spectrometry	Data-dependent acquisition	NT=label free sample;AC=MS:1002038	NT=instrument model;AC=MS:1000031	not applicable	not available	1	1	TP0_Sty_A_2023_1.mzXML	v1.1.0	NT=ms-proteomics;VV=v1.1.0	NT=metaproteomics;VV=v1.0.0	manual curation
TP0_Sty_A_2023_2	TP0_Sty_A_2023_2	Homo sapiens	not available	not applicable	not available	Metaproteome_analysis_of_the_coral_holobiont_demonstrates_algal_symbiont_quiescence_under_thermal_stress	not available	not available	not available	not available	not available	not available	1	TP0_Sty_A_2023_2	proteomic profiling by mass spectrometry	Data-dependent acquisition	NT=label free sample;AC=MS:1002038	NT=instrument model;AC=MS:1000031	not applicable	not available	1	1	TP0_Sty_A_2023_2.mzXML	v1.1.0	NT=ms-proteomics;VV=v1.1.0	NT=metaproteomics;VV=v1.0.0	manual curation
TP0_Sty_A_5189_1	TP0_Sty_A_5189_1	Homo sapiens	not available	not applicable	not available	Metaproteome_analysis_of_the_coral_holobiont_demonstrates_algal_symbiont_quiescence_under_thermal_stress	not available	not available	not available	not available	not available	not available	1	TP0_Sty_A_5189_1	proteomic profiling by mass spectrometry	Data-dependent acquisition	NT=label free sample;AC=MS:1002038	NT=instrument model;AC=MS:1000031	not applicable	not available	1	1	TP0_Sty_A_5189_1.mzXML	v1.1.0	NT=ms-proteomics;VV=v1.1.0	NT=metaproteomics;VV=v1.0.0	manual curation
TP0_Sty_A_5189_2	TP0_Sty_A_5189_2	Homo sapiens	not available	not applicable	not available	Metaproteome_analysis_of_the_coral_holobiont_demonstrates_algal_symbiont_quiescence_under_thermal_stress	not available	not available	not available	not available	not available	not available	1	TP0_Sty_A_5189_2	proteomic profiling by mass spectrometry	Data-dependent acquisition	NT=label free sample;AC=MS:1002038	NT=instrument model;AC=MS:1000031	not applicable	not available	1	1	TP0_Sty_A_5189_2.mzXML	v1.1.0	NT=ms-proteomics;VV=v1.1.0	NT=metaproteomics;VV=v1.0.0	manual curation
TP0_Sty_H_2242_1	TP0_Sty_H_2242_1	Homo sapiens	not available	not applicable	not available	Metaproteome_analysis_of_the_coral_holobiont_demonstrates_algal_symbiont_quiescence_under_thermal_stress	not available	not available	not available	not available	not available	not available	1	TP0_Sty_H_2242_1	proteomic profiling by mass spectrometry	Data-dependent acquisition	NT=label free sample;AC=MS:1002038	NT=instrument model;AC=MS:1000031	not applicable	not available	1	1	TP0_Sty_H_2242_1.mzXML	v1.1.0	NT=ms-proteomics;VV=v1.1.0	NT=metaproteomics;VV=v1.0.0	manual curation
TP0_Sty_H_2242_2	TP0_Sty_H_2242_2	Homo sapiens	not available	not applicable	not available	Metaproteome_analysis_of_the_coral_holobiont_demonstrates_algal_symbiont_quiescence_under_thermal_stress	not available	not available	not available	not available	not available	not available	1	TP0_Sty_H_2242_2	proteomic profiling by mass spectrometry	Data-dependent acquisition	NT=label free sample;AC=MS:1002038	NT=instrument model;AC=MS:1000031	not applicable	not available	1	1	TP0_Sty_H_2242_2.mzXML	v1.1.0	NT=ms-proteomics;VV=v1.1.0	NT=metaproteomics;VV=v1.0.0	manual curation
TP0_Sty_H_2312_1	TP0_Sty_H_2312_1	Homo sapiens	not available	not applicable	not available	Metaproteome_analysis_of_the_coral_holobiont_demonstrates_algal_symbiont_quiescence_under_thermal_stress	not available	not available	not available	not available	not available	not available	1	TP0_Sty_H_2312_1	proteomic profiling by mass spectrometry	Data-dependent acquisition	NT=label free sample;AC=MS:1002038	NT=instrument model;AC=MS:1000031	not applicable	not available	1	1	TP0_Sty_H_2312_1.mzXML	v1.1.0	NT=ms-proteomics;VV=v1.1.0	NT=metaproteomics;VV=v1.0.0	manual curation
TP0_Sty_H_2312_2	TP0_Sty_H_2312_2	Homo sapiens	not available	not applicable	not available	Metaproteome_analysis_of_the_coral_holobiont_demonstrates_algal_symbiont_quiescence_under_thermal_stress	not available	not available	not available	not available	not available	not available	1	TP0_Sty_H_2312_2	proteomic profiling by mass spectrometry	Data-dependent acquisition	NT=label free sample;AC=MS:1002038	NT=instrument model;AC=MS:1000031	not applicable	not available	1	1	TP0_Sty_H_2312_2.mzXML	v1.1.0	NT=ms-proteomics;VV=v1.1.0	NT=metaproteomics;VV=v1.0.0	manual curation
TP0_Sty_H_2314_1	TP0_Sty_H_2314_1	Homo sapiens	not available	not applicable	not available	Metaproteome_analysis_of_the_coral_holobiont_demonstrates_algal_symbiont_quiescence_under_thermal_stress	not available	not available	not available	not available	not available	not available	1	TP0_Sty_H_2314_1	proteomic profiling by mass spectrometry	Data-dependent acquisition	NT=label free sample;AC=MS:1002038	NT=instrument model;AC=MS:1000031	not applicable	not available	1	1	TP0_Sty_H_2314_1.mzXML	v1.1.0	NT=ms-proteomics;VV=v1.1.0	NT=metaproteomics;VV=v1.0.0	manual curation
TP0_Sty_H_2314_2	TP0_Sty_H_2314_2	Homo sapiens	not available	not applicable	not available	Metaproteome_analysis_of_the_coral_holobiont_demonstrates_algal_symbiont_quiescence_under_thermal_stress	not available	not available	not available	not available	not available	not available	1	TP0_Sty_H_2314_2	proteomic profiling by mass spectrometry	Data-dependent acquisition	NT=label free sample;AC=MS:1002038	NT=instrument model;AC=MS:1000031	not applicable	not available	1	1	TP0_Sty_H_2314_2.mzXML	v1.1.0	NT=ms-proteomics;VV=v1.1.0	NT=metaproteomics;VV=v1.0.0	manual curation
TP1_Acr_A_13_1	TP1_Acr_A_13_1	Homo sapiens	not available	not applicable	not available	Metaproteome_analysis_of_the_coral_holobiont_demonstrates_algal_symbiont_quiescence_under_thermal_stress	not available	not available	not available	not available	not available	not available	1	TP1_Acr_A_13_1	proteomic profiling by mass spectrometry	Data-dependent acquisition	NT=label free sample;AC=MS:1002038	NT=instrument model;AC=MS:1000031	not applicable	not available	1	1	TP1_Acr_A_13_1.mzXML	v1.1.0	NT=ms-proteomics;VV=v1.1.0	NT=metaproteomics;VV=v1.0.0	manual curation
TP1_Acr_A_13_2	TP1_Acr_A_13_2	Homo sapiens	not available	not applicable	not available	Metaproteome_analysis_of_the_coral_holobiont_demonstrates_algal_symbiont_quiescence_under_thermal_stress	not available	not available	not available	not available	not available	not available	1	TP1_Acr_A_13_2	proteomic profiling by mass spectrometry	Data-dependent acquisition	NT=label free sample;AC=MS:1002038	NT=instrument model;AC=MS:1000031	not applicable	not available	1	1	TP1_Acr_A_13_2.mzXML	v1.1.0	NT=ms-proteomics;VV=v1.1.0	NT=metaproteomics;VV=v1.0.0	manual curation
TP1_Acr_A_5400_1	TP1_Acr_A_5400_1	Homo sapiens	not available	not applicable	not available	Metaproteome_analysis_of_the_coral_holobiont_demonstrates_algal_symbiont_quiescence_under_thermal_stress	not available	not available	not available	not available	not available	not available	1	TP1_Acr_A_5400_1	proteomic profiling by mass spectrometry	Data-dependent acquisition	NT=label free sample;AC=MS:1002038	NT=instrument model;AC=MS:1000031	not applicable	not available	1	1	TP1_Acr_A_5400_1.mzXML	v1.1.0	NT=ms-proteomics;VV=v1.1.0	NT=metaproteomics;VV=v1.0.0	manual curation
TP1_Acr_A_5400_2	TP1_Acr_A_5400_2	Homo sapiens	not available	not applicable	not available	Metaproteome_analysis_of_the_coral_holobiont_demonstrates_algal_symbiont_quiescence_under_thermal_stress	not available	not available	not available	not available	not available	not available	1	TP1_Acr_A_5400_2	proteomic profiling by mass spectrometry	Data-dependent acquisition	NT=label free sample;AC=MS:1002038	NT=instrument model;AC=MS:1000031	not applicable	not available	1	1	TP1_Acr_A_5400_2.mzXML	v1.1.0	NT=ms-proteomics;VV=v1.1.0	NT=metaproteomics;VV=v1.0.0	manual curation
TP1_Acr_A_639_1	TP1_Acr_A_639_1	Homo sapiens	not available	not applicable	not available	Metaproteome_analysis_of_the_coral_holobiont_demonstrates_algal_symbiont_quiescence_under_thermal_stress	not available	not available	not available	not available	not available	not available	1	TP1_Acr_A_639_1	proteomic profiling by mass spectrometry	Data-dependent acquisition	NT=label free sample;AC=MS:1002038	NT=instrument model;AC=MS:1000031	not applicable	not available	1	1	TP1_Acr_A_639_1.mzXML	v1.1.0	NT=ms-proteomics;VV=v1.1.0	NT=metaproteomics;VV=v1.0.0	manual curation
TP1_Acr_A_639_2	TP1_Acr_A_639_2	Homo sapiens	not available	not applicable	not available	Metaproteome_analysis_of_the_coral_holobiont_demonstrates_algal_symbiont_quiescence_under_thermal_stress	not available	not available	not available	not available	not available	not available	1	TP1_Acr_A_639_2	proteomic profiling by mass spectrometry	Data-dependent acquisition	NT=label free sample;AC=MS:1002038	NT=instrument model;AC=MS:1000031	not applicable	not available	1	1	TP1_Acr_A_639_2.mzXML	v1.1.0	NT=ms-proteomics;VV=v1.1.0	NT=metaproteomics;VV=v1.0.0	manual curation
TP1_Acr_H_2192_1	TP1_Acr_H_2192_1	Homo sapiens	not available	not applicable	not available	Metaproteome_analysis_of_the_coral_holobiont_demonstrates_algal_symbiont_quiescence_under_thermal_stress	not available	not available	not available	not available	not available	not available	1	TP1_Acr_H_2192_1	proteomic profiling by mass spectrometry	Data-dependent acquisition	NT=label free sample;AC=MS:1002038	NT=instrument model;AC=MS:1000031	not applicable	not available	1	1	TP1_Acr_H_2192_1.mzXML	v1.1.0	NT=ms-proteomics;VV=v1.1.0	NT=metaproteomics;VV=v1.0.0	manual curation
TP1_Acr_H_2192_2	TP1_Acr_H_2192_2	Homo sapiens	not available	not applicable	not available	Metaproteome_analysis_of_the_coral_holobiont_demonstrates_algal_symbiont_quiescence_under_thermal_stress	not available	not available	not available	not available	not available	not available	1	TP1_Acr_H_2192_2	proteomic profiling by mass spectrometry	Data-dependent acquisition	NT=label free sample;AC=MS:1002038	NT=instrument model;AC=MS:1000031	not applicable	not available	1	1	TP1_Acr_H_2192_2.mzXML	v1.1.0	NT=ms-proteomics;VV=v1.1.0	NT=metaproteomics;VV=v1.0.0	manual curation
TP1_Acr_H_5015_1	TP1_Acr_H_5015_1	Homo sapiens	not available	not applicable	not available	Metaproteome_analysis_of_the_coral_holobiont_demonstrates_algal_symbiont_quiescence_under_thermal_stress	not available	not available	not available	not available	not available	not available	1	TP1_Acr_H_5015_1	proteomic profiling by mass spectrometry	Data-dependent acquisition	NT=label free sample;AC=MS:1002038	NT=instrument model;AC=MS:1000031	not applicable	not available	1	1	TP1_Acr_H_5015_1.mzXML	v1.1.0	NT=ms-proteomics;VV=v1.1.0	NT=metaproteomics;VV=v1.0.0	manual curation
TP1_Acr_H_5015_2	TP1_Acr_H_5015_2	Homo sapiens	not available	not applicable	not available	Metaproteome_analysis_of_the_coral_holobiont_demonstrates_algal_symbiont_quiescence_under_thermal_stress	not available	not available	not available	not available	not available	not available	1	TP1_Acr_H_5015_2	proteomic profiling by mass spectrometry	Data-dependent acquisition	NT=label free sample;AC=MS:1002038	NT=instrument model;AC=MS:1000031	not applicable	not available	1	1	TP1_Acr_H_5015_2.mzXML	v1.1.0	NT=ms-proteomics;VV=v1.1.0	NT=metaproteomics;VV=v1.0.0	manual curation
TP1_Acr_H_5018_1	TP1_Acr_H_5018_1	Homo sapiens	not available	not applicable	not available	Metaproteome_analysis_of_the_coral_holobiont_demonstrates_algal_symbiont_quiescence_under_thermal_stress	not available	not available	not available	not available	not available	not available	1	TP1_Acr_H_5018_1	proteomic profiling by mass spectrometry	Data-dependent acquisition	NT=label free sample;AC=MS:1002038	NT=instrument model;AC=MS:1000031	not applicable	not available	1	1	TP1_Acr_H_5018_1.mzXML	v1.1.0	NT=ms-proteomics;VV=v1.1.0	NT=metaproteomics;VV=v1.0.0	manual curation
TP1_Acr_H_5018_2	TP1_Acr_H_5018_2	Homo sapiens	not available	not applicable	not available	Metaproteome_analysis_of_the_coral_holobiont_demonstrates_algal_symbiont_quiescence_under_thermal_stress	not available	not available	not available	not available	not available	not available	1	TP1_Acr_H_5018_2	proteomic profiling by mass spectrometry	Data-dependent acquisition	NT=label free sample;AC=MS:1002038	NT=instrument model;AC=MS:1000031	not applicable	not available	1	1	TP1_Acr_H_5018_2.mzXML	v1.1.0	NT=ms-proteomics;VV=v1.1.0	NT=metaproteomics;VV=v1.0.0	manual curation
TP1_Por_A_2156_1	TP1_Por_A_2156_1	Homo sapiens	not available	not applicable	not available	Metaproteome_analysis_of_the_coral_holobiont_demonstrates_algal_symbiont_quiescence_under_thermal_stress	not available	not available	not available	not available	not available	not available	1	TP1_Por_A_2156_1	proteomic profiling by mass spectrometry	Data-dependent acquisition	NT=label free sample;AC=MS:1002038	NT=instrument model;AC=MS:1000031	not applicable	not available	1	1	TP1_Por_A_2156_1.mzXML	v1.1.0	NT=ms-proteomics;VV=v1.1.0	NT=metaproteomics;VV=v1.0.0	manual curation
TP1_Por_A_2156_2	TP1_Por_A_2156_2	Homo sapiens	not available	not applicable	not available	Metaproteome_analysis_of_the_coral_holobiont_demonstrates_algal_symbiont_quiescence_under_thermal_stress	not available	not available	not available	not available	not available	not available	1	TP1_Por_A_2156_2	proteomic profiling by mass spectrometry	Data-dependent acquisition	NT=label free sample;AC=MS:1002038	NT=instrument model;AC=MS:1000031	not applicable	not available	1	1	TP1_Por_A_2156_2.mzXML	v1.1.0	NT=ms-proteomics;VV=v1.1.0	NT=metaproteomics;VV=v1.0.0	manual curation
TP1_Por_A_525_1	TP1_Por_A_525_1	Homo sapiens	not available	not applicable	not available	Metaproteome_analysis_of_the_coral_holobiont_demonstrates_algal_symbiont_quiescence_under_thermal_stress	not available	not available	not available	not available	not available	not available	1	TP1_Por_A_525_1	proteomic profiling by mass spectrometry	Data-dependent acquisition	NT=label free sample;AC=MS:1002038	NT=instrument model;AC=MS:1000031	not applicable	not available	1	1	TP1_Por_A_525_1.mzXML	v1.1.0	NT=ms-proteomics;VV=v1.1.0	NT=metaproteomics;VV=v1.0.0	manual curation
TP1_Por_A_525_2	TP1_Por_A_525_2	Homo sapiens	not available	not applicable	not available	Metaproteome_analysis_of_the_coral_holobiont_demonstrates_algal_symbiont_quiescence_under_thermal_stress	not available	not available	not available	not available	not available	not available	1	TP1_Por_A_525_2	proteomic profiling by mass spectrometry	Data-dependent acquisition	NT=label free sample;AC=MS:1002038	NT=instrument model;AC=MS:1000031	not applicable	not available	1	1	TP1_Por_A_525_2.mzXML	v1.1.0	NT=ms-proteomics;VV=v1.1.0	NT=metaproteomics;VV=v1.0.0	manual curation
TP1_Por_A_5388_1	TP1_Por_A_5388_1	Homo sapiens	not available	not applicable	not available	Metaproteome_analysis_of_the_coral_holobiont_demonstrates_algal_symbiont_quiescence_under_thermal_stress	not available	not available	not available	not available	not available	not available	1	TP1_Por_A_5388_1	proteomic profiling by mass spectrometry	Data-dependent acquisition	NT=label free sample;AC=MS:1002038	NT=instrument model;AC=MS:1000031	not applicable	not available	1	1	TP1_Por_A_5388_1.mzXML	v1.1.0	NT=ms-proteomics;VV=v1.1.0	NT=metaproteomics;VV=v1.0.0	manual curation
TP1_Por_A_5388_2	TP1_Por_A_5388_2	Homo sapiens	not available	not applicable	not available	Metaproteome_analysis_of_the_coral_holobiont_demonstrates_algal_symbiont_quiescence_under_thermal_stress	not available	not available	not available	not available	not available	not available	1	TP1_Por_A_5388_2	proteomic profiling by mass spectrometry	Data-dependent acquisition	NT=label free sample;AC=MS:1002038	NT=instrument model;AC=MS:1000031	not applicable	not available	1	1	TP1_Por_A_5388_2.mzXML	v1.1.0	NT=ms-proteomics;VV=v1.1.0	NT=metaproteomics;VV=v1.0.0	manual curation
TP1_Por_H_2252_1	TP1_Por_H_2252_1	Homo sapiens	not available	not applicable	not available	Metaproteome_analysis_of_the_coral_holobiont_demonstrates_algal_symbiont_quiescence_under_thermal_stress	not available	not available	not available	not available	not available	not available	1	TP1_Por_H_2252_1	proteomic profiling by mass spectrometry	Data-dependent acquisition	NT=label free sample;AC=MS:1002038	NT=instrument model;AC=MS:1000031	not applicable	not available	1	1	TP1_Por_H_2252_1.mzXML	v1.1.0	NT=ms-proteomics;VV=v1.1.0	NT=metaproteomics;VV=v1.0.0	manual curation
TP1_Por_H_2252_2	TP1_Por_H_2252_2	Homo sapiens	not available	not applicable	not available	Metaproteome_analysis_of_the_coral_holobiont_demonstrates_algal_symbiont_quiescence_under_thermal_stress	not available	not available	not available	not available	not available	not available	1	TP1_Por_H_2252_2	proteomic profiling by mass spectrometry	Data-dependent acquisition	NT=label free sample;AC=MS:1002038	NT=instrument model;AC=MS:1000031	not applicable	not available	1	1	TP1_Por_H_2252_2.mzXML	v1.1.0	NT=ms-proteomics;VV=v1.1.0	NT=metaproteomics;VV=v1.0.0	manual curation
TP1_Por_H_2255_1	TP1_Por_H_2255_1	Homo sapiens	not available	not applicable	not available	Metaproteome_analysis_of_the_coral_holobiont_demonstrates_algal_symbiont_quiescence_under_thermal_stress	not available	not available	not available	not available	not available	not available	1	TP1_Por_H_2255_1	proteomic profiling by mass spectrometry	Data-dependent acquisition	NT=label free sample;AC=MS:1002038	NT=instrument model;AC=MS:1000031	not applicable	not available	1	1	TP1_Por_H_2255_1.mzXML	v1.1.0	NT=ms-proteomics;VV=v1.1.0	NT=metaproteomics;VV=v1.0.0	manual curation
TP1_Por_H_2255_2	TP1_Por_H_2255_2	Homo sapiens	not available	not applicable	not available	Metaproteome_analysis_of_the_coral_holobiont_demonstrates_algal_symbiont_quiescence_under_thermal_stress	not available	not available	not available	not available	not available	not available	1	TP1_Por_H_2255_2	proteomic profiling by mass spectrometry	Data-dependent acquisition	NT=label free sample;AC=MS:1002038	NT=instrument model;AC=MS:1000031	not applicable	not available	1	1	TP1_Por_H_2255_2.mzXML	v1.1.0	NT=ms-proteomics;VV=v1.1.0	NT=metaproteomics;VV=v1.0.0	manual curation
TP1_Por_H_733_1	TP1_Por_H_733_1	Homo sapiens	not available	not applicable	not available	Metaproteome_analysis_of_the_coral_holobiont_demonstrates_algal_symbiont_quiescence_under_thermal_stress	not available	not available	not available	not available	not available	not available	1	TP1_Por_H_733_1	proteomic profiling by mass spectrometry	Data-dependent acquisition	NT=label free sample;AC=MS:1002038	NT=instrument model;AC=MS:1000031	not applicable	not available	1	1	TP1_Por_H_733_1.mzXML	v1.1.0	NT=ms-proteomics;VV=v1.1.0	NT=metaproteomics;VV=v1.0.0	manual curation
TP1_Por_H_733_2	TP1_Por_H_733_2	Homo sapiens	not available	not applicable	not available	Metaproteome_analysis_of_the_coral_holobiont_demonstrates_algal_symbiont_quiescence_under_thermal_stress	not available	not available	not available	not available	not available	not available	1	TP1_Por_H_733_2	proteomic profiling by mass spectrometry	Data-dependent acquisition	NT=label free sample;AC=MS:1002038	NT=instrument model;AC=MS:1000031	not applicable	not available	1	1	TP1_Por_H_733_2.mzXML	v1.1.0	NT=ms-proteomics;VV=v1.1.0	NT=metaproteomics;VV=v1.0.0	manual curation
TP1_Sty_A_2076_1	TP1_Sty_A_2076_1	Homo sapiens	not available	not applicable	not available	Metaproteome_analysis_of_the_coral_holobiont_demonstrates_algal_symbiont_quiescence_under_thermal_stress	not available	not available	not available	not available	not available	not available	1	TP1_Sty_A_2076_1	proteomic profiling by mass spectrometry	Data-dependent acquisition	NT=label free sample;AC=MS:1002038	NT=instrument model;AC=MS:1000031	not applicable	not available	1	1	TP1_Sty_A_2076_1.mzXML	v1.1.0	NT=ms-proteomics;VV=v1.1.0	NT=metaproteomics;VV=v1.0.0	manual curation
TP1_Sty_A_2076_2	TP1_Sty_A_2076_2	Homo sapiens	not available	not applicable	not available	Metaproteome_analysis_of_the_coral_holobiont_demonstrates_algal_symbiont_quiescence_under_thermal_stress	not available	not available	not available	not available	not available	not available	1	TP1_Sty_A_2076_2	proteomic profiling by mass spectrometry	Data-dependent acquisition	NT=label free sample;AC=MS:1002038	NT=instrument model;AC=MS:1000031	not applicable	not available	1	1	TP1_Sty_A_2076_2.mzXML	v1.1.0	NT=ms-proteomics;VV=v1.1.0	NT=metaproteomics;VV=v1.0.0	manual curation
TP1_Sty_A_2165_1	TP1_Sty_A_2165_1	Homo sapiens	not available	not applicable	not available	Metaproteome_analysis_of_the_coral_holobiont_demonstrates_algal_symbiont_quiescence_under_thermal_stress	not available	not available	not available	not available	not available	not available	1	TP1_Sty_A_2165_1	proteomic profiling by mass spectrometry	Data-dependent acquisition	NT=label free sample;AC=MS:1002038	NT=instrument model;AC=MS:1000031	not applicable	not available	1	1	TP1_Sty_A_2165_1.mzXML	v1.1.0	NT=ms-proteomics;VV=v1.1.0	NT=metaproteomics;VV=v1.0.0	manual curation
TP1_Sty_A_2165_2	TP1_Sty_A_2165_2	Homo sapiens	not available	not applicable	not available	Metaproteome_analysis_of_the_coral_holobiont_demonstrates_algal_symbiont_quiescence_under_thermal_stress	not available	not available	not available	not available	not available	not available	1	TP1_Sty_A_2165_2	proteomic profiling by mass spectrometry	Data-dependent acquisition	NT=label free sample;AC=MS:1002038	NT=instrument model;AC=MS:1000031	not applicable	not available	1	1	TP1_Sty_A_2165_2.mzXML	v1.1.0	NT=ms-proteomics;VV=v1.1.0	NT=metaproteomics;VV=v1.0.0	manual curation
TP1_Sty_A_669_1	TP1_Sty_A_669_1	Homo sapiens	not available	not applicable	not available	Metaproteome_analysis_of_the_coral_holobiont_demonstrates_algal_symbiont_quiescence_under_thermal_stress	not available	not available	not available	not available	not available	not available	1	TP1_Sty_A_669_1	proteomic profiling by mass spectrometry	Data-dependent acquisition	NT=label free sample;AC=MS:1002038	NT=instrument model;AC=MS:1000031	not applicable	not available	1	1	TP1_Sty_A_669_1.mzXML	v1.1.0	NT=ms-proteomics;VV=v1.1.0	NT=metaproteomics;VV=v1.0.0	manual curation
TP1_Sty_A_669_2	TP1_Sty_A_669_2	Homo sapiens	not available	not applicable	not available	Metaproteome_analysis_of_the_coral_holobiont_demonstrates_algal_symbiont_quiescence_under_thermal_stress	not available	not available	not available	not available	not available	not available	1	TP1_Sty_A_669_2	proteomic profiling by mass spectrometry	Data-dependent acquisition	NT=label free sample;AC=MS:1002038	NT=instrument model;AC=MS:1000031	not applicable	not available	1	1	TP1_Sty_A_669_2.mzXML	v1.1.0	NT=ms-proteomics;VV=v1.1.0	NT=metaproteomics;VV=v1.0.0	manual curation
TP1_Sty_H_2178_1	TP1_Sty_H_2178_1	Homo sapiens	not available	not applicable	not available	Metaproteome_analysis_of_the_coral_holobiont_demonstrates_algal_symbiont_quiescence_under_thermal_stress	not available	not available	not available	not available	not available	not available	1	TP1_Sty_H_2178_1	proteomic profiling by mass spectrometry	Data-dependent acquisition	NT=label free sample;AC=MS:1002038	NT=instrument model;AC=MS:1000031	not applicable	not available	1	1	TP1_Sty_H_2178_1.mzXML	v1.1.0	NT=ms-proteomics;VV=v1.1.0	NT=metaproteomics;VV=v1.0.0	manual curation
TP1_Sty_H_2178_2	TP1_Sty_H_2178_2	Homo sapiens	not available	not applicable	not available	Metaproteome_analysis_of_the_coral_holobiont_demonstrates_algal_symbiont_quiescence_under_thermal_stress	not available	not available	not available	not available	not available	not available	1	TP1_Sty_H_2178_2	proteomic profiling by mass spectrometry	Data-dependent acquisition	NT=label free sample;AC=MS:1002038	NT=instrument model;AC=MS:1000031	not applicable	not available	1	1	TP1_Sty_H_2178_2.mzXML	v1.1.0	NT=ms-proteomics;VV=v1.1.0	NT=metaproteomics;VV=v1.0.0	manual curation
TP1_Sty_H_5100_1	TP1_Sty_H_5100_1	Homo sapiens	not available	not applicable	not available	Metaproteome_analysis_of_the_coral_holobiont_demonstrates_algal_symbiont_quiescence_under_thermal_stress	not available	not available	not available	not available	not available	not available	1	TP1_Sty_H_5100_1	proteomic profiling by mass spectrometry	Data-dependent acquisition	NT=label free sample;AC=MS:1002038	NT=instrument model;AC=MS:1000031	not applicable	not available	1	1	TP1_Sty_H_5100_1.mzXML	v1.1.0	NT=ms-proteomics;VV=v1.1.0	NT=metaproteomics;VV=v1.0.0	manual curation
TP1_Sty_H_5100_2	TP1_Sty_H_5100_2	Homo sapiens	not available	not applicable	not available	Metaproteome_analysis_of_the_coral_holobiont_demonstrates_algal_symbiont_quiescence_under_thermal_stress	not available	not available	not available	not available	not available	not available	1	TP1_Sty_H_5100_2	proteomic profiling by mass spectrometry	Data-dependent acquisition	NT=label free sample;AC=MS:1002038	NT=instrument model;AC=MS:1000031	not applicable	not available	1	1	TP1_Sty_H_5100_2.mzXML	v1.1.0	NT=ms-proteomics;VV=v1.1.0	NT=metaproteomics;VV=v1.0.0	manual curation
TP1_Sty_H_5102_1	TP1_Sty_H_5102_1	Homo sapiens	not available	not applicable	not available	Metaproteome_analysis_of_the_coral_holobiont_demonstrates_algal_symbiont_quiescence_under_thermal_stress	not available	not available	not available	not available	not available	not available	1	TP1_Sty_H_5102_1	proteomic profiling by mass spectrometry	Data-dependent acquisition	NT=label free sample;AC=MS:1002038	NT=instrument model;AC=MS:1000031	not applicable	not available	1	1	TP1_Sty_H_5102_1.mzXML	v1.1.0	NT=ms-proteomics;VV=v1.1.0	NT=metaproteomics;VV=v1.0.0	manual curation
TP1_Sty_H_5102_2	TP1_Sty_H_5102_2	Homo sapiens	not available	not applicable	not available	Metaproteome_analysis_of_the_coral_holobiont_demonstrates_algal_symbiont_quiescence_under_thermal_stress	not available	not available	not available	not available	not available	not available	1	TP1_Sty_H_5102_2	proteomic profiling by mass spectrometry	Data-dependent acquisition	NT=label free sample;AC=MS:1002038	NT=instrument model;AC=MS:1000031	not applicable	not available	1	1	TP1_Sty_H_5102_2.mzXML	v1.1.0	NT=ms-proteomics;VV=v1.1.0	NT=metaproteomics;VV=v1.0.0	manual curation
TP2_Acr_A_3132_1	TP2_Acr_A_3132_1	Homo sapiens	not available	not applicable	not available	Metaproteome_analysis_of_the_coral_holobiont_demonstrates_algal_symbiont_quiescence_under_thermal_stress	not available	not available	not available	not available	not available	not available	1	TP2_Acr_A_3132_1	proteomic profiling by mass spectrometry	Data-dependent acquisition	NT=label free sample;AC=MS:1002038	NT=instrument model;AC=MS:1000031	not applicable	not available	1	1	TP2_Acr_A_3132_1.mzXML	v1.1.0	NT=ms-proteomics;VV=v1.1.0	NT=metaproteomics;VV=v1.0.0	manual curation
TP2_Acr_A_3132_2	TP2_Acr_A_3132_2	Homo sapiens	not available	not applicable	not available	Metaproteome_analysis_of_the_coral_holobiont_demonstrates_algal_symbiont_quiescence_under_thermal_stress	not available	not available	not available	not available	not available	not available	1	TP2_Acr_A_3132_2	proteomic profiling by mass spectrometry	Data-dependent acquisition	NT=label free sample;AC=MS:1002038	NT=instrument model;AC=MS:1000031	not applicable	not available	1	1	TP2_Acr_A_3132_2.mzXML	v1.1.0	NT=ms-proteomics;VV=v1.1.0	NT=metaproteomics;VV=v1.0.0	manual curation
TP2_Acr_A_473_1	TP2_Acr_A_473_1	Homo sapiens	not available	not applicable	not available	Metaproteome_analysis_of_the_coral_holobiont_demonstrates_algal_symbiont_quiescence_under_thermal_stress	not available	not available	not available	not available	not available	not available	1	TP2_Acr_A_473_1	proteomic profiling by mass spectrometry	Data-dependent acquisition	NT=label free sample;AC=MS:1002038	NT=instrument model;AC=MS:1000031	not applicable	not available	1	1	TP2_Acr_A_473_1.mzXML	v1.1.0	NT=ms-proteomics;VV=v1.1.0	NT=metaproteomics;VV=v1.0.0	manual curation
TP2_Acr_A_473_2	TP2_Acr_A_473_2	Homo sapiens	not available	not applicable	not available	Metaproteome_analysis_of_the_coral_holobiont_demonstrates_algal_symbiont_quiescence_under_thermal_stress	not available	not available	not available	not available	not available	not available	1	TP2_Acr_A_473_2	proteomic profiling by mass spectrometry	Data-dependent acquisition	NT=label free sample;AC=MS:1002038	NT=instrument model;AC=MS:1000031	not applicable	not available	1	1	TP2_Acr_A_473_2.mzXML	v1.1.0	NT=ms-proteomics;VV=v1.1.0	NT=metaproteomics;VV=v1.0.0	manual curation
TP2_Acr_A_475_1	TP2_Acr_A_475_1	Homo sapiens	not available	not applicable	not available	Metaproteome_analysis_of_the_coral_holobiont_demonstrates_algal_symbiont_quiescence_under_thermal_stress	not available	not available	not available	not available	not available	not available	1	TP2_Acr_A_475_1	proteomic profiling by mass spectrometry	Data-dependent acquisition	NT=label free sample;AC=MS:1002038	NT=instrument model;AC=MS:1000031	not applicable	not available	1	1	TP2_Acr_A_475_1.mzXML	v1.1.0	NT=ms-proteomics;VV=v1.1.0	NT=metaproteomics;VV=v1.0.0	manual curation
TP2_Acr_A_475_2	TP2_Acr_A_475_2	Homo sapiens	not available	not applicable	not available	Metaproteome_analysis_of_the_coral_holobiont_demonstrates_algal_symbiont_quiescence_under_thermal_stress	not available	not available	not available	not available	not available	not available	1	TP2_Acr_A_475_2	proteomic profiling by mass spectrometry	Data-dependent acquisition	NT=label free sample;AC=MS:1002038	NT=instrument model;AC=MS:1000031	not applicable	not available	1	1	TP2_Acr_A_475_2.mzXML	v1.1.0	NT=ms-proteomics;VV=v1.1.0	NT=metaproteomics;VV=v1.0.0	manual curation
TP2_Acr_H_113_1	TP2_Acr_H_113_1	Homo sapiens	not available	not applicable	not available	Metaproteome_analysis_of_the_coral_holobiont_demonstrates_algal_symbiont_quiescence_under_thermal_stress	not available	not available	not available	not available	not available	not available	1	TP2_Acr_H_113_1	proteomic profiling by mass spectrometry	Data-dependent acquisition	NT=label free sample;AC=MS:1002038	NT=instrument model;AC=MS:1000031	not applicable	not available	1	1	TP2_Acr_H_113_1.mzXML	v1.1.0	NT=ms-proteomics;VV=v1.1.0	NT=metaproteomics;VV=v1.0.0	manual curation
TP2_Acr_H_113_2	TP2_Acr_H_113_2	Homo sapiens	not available	not applicable	not available	Metaproteome_analysis_of_the_coral_holobiont_demonstrates_algal_symbiont_quiescence_under_thermal_stress	not available	not available	not available	not available	not available	not available	1	TP2_Acr_H_113_2	proteomic profiling by mass spectrometry	Data-dependent acquisition	NT=label free sample;AC=MS:1002038	NT=instrument model;AC=MS:1000031	not applicable	not available	1	1	TP2_Acr_H_113_2.mzXML	v1.1.0	NT=ms-proteomics;VV=v1.1.0	NT=metaproteomics;VV=v1.0.0	manual curation
TP2_Acr_H_116_1	TP2_Acr_H_116_1	Homo sapiens	not available	not applicable	not available	Metaproteome_analysis_of_the_coral_holobiont_demonstrates_algal_symbiont_quiescence_under_thermal_stress	not available	not available	not available	not available	not available	not available	1	TP2_Acr_H_116_1	proteomic profiling by mass spectrometry	Data-dependent acquisition	NT=label free sample;AC=MS:1002038	NT=instrument model;AC=MS:1000031	not applicable	not available	1	1	TP2_Acr_H_116_1.mzXML	v1.1.0	NT=ms-proteomics;VV=v1.1.0	NT=metaproteomics;VV=v1.0.0	manual curation
TP2_Acr_H_116_2	TP2_Acr_H_116_2	Homo sapiens	not available	not applicable	not available	Metaproteome_analysis_of_the_coral_holobiont_demonstrates_algal_symbiont_quiescence_under_thermal_stress	not available	not available	not available	not available	not available	not available	1	TP2_Acr_H_116_2	proteomic profiling by mass spectrometry	Data-dependent acquisition	NT=label free sample;AC=MS:1002038	NT=instrument model;AC=MS:1000031	not applicable	not available	1	1	TP2_Acr_H_116_2.mzXML	v1.1.0	NT=ms-proteomics;VV=v1.1.0	NT=metaproteomics;VV=v1.0.0	manual curation
TP2_Acr_H_2294_1	TP2_Acr_H_2294_1	Homo sapiens	not available	not applicable	not available	Metaproteome_analysis_of_the_coral_holobiont_demonstrates_algal_symbiont_quiescence_under_thermal_stress	not available	not available	not available	not available	not available	not available	1	TP2_Acr_H_2294_1	proteomic profiling by mass spectrometry	Data-dependent acquisition	NT=label free sample;AC=MS:1002038	NT=instrument model;AC=MS:1000031	not applicable	not available	1	1	TP2_Acr_H_2294_1.mzXML	v1.1.0	NT=ms-proteomics;VV=v1.1.0	NT=metaproteomics;VV=v1.0.0	manual curation
TP2_Acr_H_2294_2	TP2_Acr_H_2294_2	Homo sapiens	not available	not applicable	not available	Metaproteome_analysis_of_the_coral_holobiont_demonstrates_algal_symbiont_quiescence_under_thermal_stress	not available	not available	not available	not available	not available	not available	1	TP2_Acr_H_2294_2	proteomic profiling by mass spectrometry	Data-dependent acquisition	NT=label free sample;AC=MS:1002038	NT=instrument model;AC=MS:1000031	not applicable	not available	1	1	TP2_Acr_H_2294_2.mzXML	v1.1.0	NT=ms-proteomics;VV=v1.1.0	NT=metaproteomics;VV=v1.0.0	manual curation
TP2_Por_A_2040_1	TP2_Por_A_2040_1	Homo sapiens	not available	not applicable	not available	Metaproteome_analysis_of_the_coral_holobiont_demonstrates_algal_symbiont_quiescence_under_thermal_stress	not available	not available	not available	not available	not available	not available	1	TP2_Por_A_2040_1	proteomic profiling by mass spectrometry	Data-dependent acquisition	NT=label free sample;AC=MS:1002038	NT=instrument model;AC=MS:1000031	not applicable	not available	1	1	TP2_Por_A_2040_1.mzXML	v1.1.0	NT=ms-proteomics;VV=v1.1.0	NT=metaproteomics;VV=v1.0.0	manual curation
TP2_Por_A_2040_2	TP2_Por_A_2040_2	Homo sapiens	not available	not applicable	not available	Metaproteome_analysis_of_the_coral_holobiont_demonstrates_algal_symbiont_quiescence_under_thermal_stress	not available	not available	not available	not available	not available	not available	1	TP2_Por_A_2040_2	proteomic profiling by mass spectrometry	Data-dependent acquisition	NT=label free sample;AC=MS:1002038	NT=instrument model;AC=MS:1000031	not applicable	not available	1	1	TP2_Por_A_2040_2.mzXML	v1.1.0	NT=ms-proteomics;VV=v1.1.0	NT=metaproteomics;VV=v1.0.0	manual curation
TP2_Por_A_2043_1	TP2_Por_A_2043_1	Homo sapiens	not available	not applicable	not available	Metaproteome_analysis_of_the_coral_holobiont_demonstrates_algal_symbiont_quiescence_under_thermal_stress	not available	not available	not available	not available	not available	not available	1	TP2_Por_A_2043_1	proteomic profiling by mass spectrometry	Data-dependent acquisition	NT=label free sample;AC=MS:1002038	NT=instrument model;AC=MS:1000031	not applicable	not available	1	1	TP2_Por_A_2043_1.mzXML	v1.1.0	NT=ms-proteomics;VV=v1.1.0	NT=metaproteomics;VV=v1.0.0	manual curation
TP2_Por_A_2043_2	TP2_Por_A_2043_2	Homo sapiens	not available	not applicable	not available	Metaproteome_analysis_of_the_coral_holobiont_demonstrates_algal_symbiont_quiescence_under_thermal_stress	not available	not available	not available	not available	not available	not available	1	TP2_Por_A_2043_2	proteomic profiling by mass spectrometry	Data-dependent acquisition	NT=label free sample;AC=MS:1002038	NT=instrument model;AC=MS:1000031	not applicable	not available	1	1	TP2_Por_A_2043_2.mzXML	v1.1.0	NT=ms-proteomics;VV=v1.1.0	NT=metaproteomics;VV=v1.0.0	manual curation
TP2_Por_A_3092_1	TP2_Por_A_3092_1	Homo sapiens	not available	not applicable	not available	Metaproteome_analysis_of_the_coral_holobiont_demonstrates_algal_symbiont_quiescence_under_thermal_stress	not available	not available	not available	not available	not available	not available	1	TP2_Por_A_3092_1	proteomic profiling by mass spectrometry	Data-dependent acquisition	NT=label free sample;AC=MS:1002038	NT=instrument model;AC=MS:1000031	not applicable	not available	1	1	TP2_Por_A_3092_1.mzXML	v1.1.0	NT=ms-proteomics;VV=v1.1.0	NT=metaproteomics;VV=v1.0.0	manual curation
TP2_Por_A_3092_2	TP2_Por_A_3092_2	Homo sapiens	not available	not applicable	not available	Metaproteome_analysis_of_the_coral_holobiont_demonstrates_algal_symbiont_quiescence_under_thermal_stress	not available	not available	not available	not available	not available	not available	1	TP2_Por_A_3092_2	proteomic profiling by mass spectrometry	Data-dependent acquisition	NT=label free sample;AC=MS:1002038	NT=instrument model;AC=MS:1000031	not applicable	not available	1	1	TP2_Por_A_3092_2.mzXML	v1.1.0	NT=ms-proteomics;VV=v1.1.0	NT=metaproteomics;VV=v1.0.0	manual curation
TP2_Por_H_2248_1	TP2_Por_H_2248_1	Homo sapiens	not available	not applicable	not available	Metaproteome_analysis_of_the_coral_holobiont_demonstrates_algal_symbiont_quiescence_under_thermal_stress	not available	not available	not available	not available	not available	not available	1	TP2_Por_H_2248_1	proteomic profiling by mass spectrometry	Data-dependent acquisition	NT=label free sample;AC=MS:1002038	NT=instrument model;AC=MS:1000031	not applicable	not available	1	1	TP2_Por_H_2248_1.mzXML	v1.1.0	NT=ms-proteomics;VV=v1.1.0	NT=metaproteomics;VV=v1.0.0	manual curation
TP2_Por_H_2248_2	TP2_Por_H_2248_2	Homo sapiens	not available	not applicable	not available	Metaproteome_analysis_of_the_coral_holobiont_demonstrates_algal_symbiont_quiescence_under_thermal_stress	not available	not available	not available	not available	not available	not available	1	TP2_Por_H_2248_2	proteomic profiling by mass spectrometry	Data-dependent acquisition	NT=label free sample;AC=MS:1002038	NT=instrument model;AC=MS:1000031	not applicable	not available	1	1	TP2_Por_H_2248_2.mzXML	v1.1.0	NT=ms-proteomics;VV=v1.1.0	NT=metaproteomics;VV=v1.0.0	manual curation
TP2_Por_H_2251_1	TP2_Por_H_2251_1	Homo sapiens	not available	not applicable	not available	Metaproteome_analysis_of_the_coral_holobiont_demonstrates_algal_symbiont_quiescence_under_thermal_stress	not available	not available	not available	not available	not available	not available	1	TP2_Por_H_2251_1	proteomic profiling by mass spectrometry	Data-dependent acquisition	NT=label free sample;AC=MS:1002038	NT=instrument model;AC=MS:1000031	not applicable	not available	1	1	TP2_Por_H_2251_1.mzXML	v1.1.0	NT=ms-proteomics;VV=v1.1.0	NT=metaproteomics;VV=v1.0.0	manual curation
TP2_Por_H_2251_2	TP2_Por_H_2251_2	Homo sapiens	not available	not applicable	not available	Metaproteome_analysis_of_the_coral_holobiont_demonstrates_algal_symbiont_quiescence_under_thermal_stress	not available	not available	not available	not available	not available	not available	1	TP2_Por_H_2251_2	proteomic profiling by mass spectrometry	Data-dependent acquisition	NT=label free sample;AC=MS:1002038	NT=instrument model;AC=MS:1000031	not applicable	not available	1	1	TP2_Por_H_2251_2.mzXML	v1.1.0	NT=ms-proteomics;VV=v1.1.0	NT=metaproteomics;VV=v1.0.0	manual curation
TP2_Por_H_2287_1	TP2_Por_H_2287_1	Homo sapiens	not available	not applicable	not available	Metaproteome_analysis_of_the_coral_holobiont_demonstrates_algal_symbiont_quiescence_under_thermal_stress	not available	not available	not available	not available	not available	not available	1	TP2_Por_H_2287_1	proteomic profiling by mass spectrometry	Data-dependent acquisition	NT=label free sample;AC=MS:1002038	NT=instrument model;AC=MS:1000031	not applicable	not available	1	1	TP2_Por_H_2287_1.mzXML	v1.1.0	NT=ms-proteomics;VV=v1.1.0	NT=metaproteomics;VV=v1.0.0	manual curation
TP2_Por_H_2287_2	TP2_Por_H_2287_2	Homo sapiens	not available	not applicable	not available	Metaproteome_analysis_of_the_coral_holobiont_demonstrates_algal_symbiont_quiescence_under_thermal_stress	not available	not available	not available	not available	not available	not available	1	TP2_Por_H_2287_2	proteomic profiling by mass spectrometry	Data-dependent acquisition	NT=label free sample;AC=MS:1002038	NT=instrument model;AC=MS:1000031	not applicable	not available	1	1	TP2_Por_H_2287_2.mzXML	v1.1.0	NT=ms-proteomics;VV=v1.1.0	NT=metaproteomics;VV=v1.0.0	manual curation
