source name	characteristics[organism]	characteristics[organism part]	characteristics[cell type]	characteristics[disease]	characteristics[developmental stage]	characteristics[age]	characteristics[sex]	characteristics[ancestry category]	characteristics[individual]	characteristics[material type]	characteristics[biological replicate]	assay name	technology type	comment[proteomics data acquisition method]	comment[instrument]	comment[label]	comment[cleavage agent details]	comment[modification parameters]	comment[dissociation method]	comment[precursor mass tolerance]	comment[fragment mass tolerance]	comment[fraction identifier]	comment[technical replicate]	comment[data file]	comment[sdrf version]	comment[sdrf annotation tool]	comment[sdrf template]	comment[sdrf template]	factor value[compound]	factor value[dose]
PXD035579-Donor12-CHX2	NT=Homo sapiens;AC=NCBITaxon:9606	NT=semen;AC=UBERON:0001968	NT=sperm;AC=CL:0000019	NT=normal;AC=PATO:0000461	NT=adult;AC=EFO:0001272	not available	male	not available	Donor12	cell	12	run Donor12 CHX2 MRM	proteomic profiling by mass spectrometry	NT=Selected reaction monitoring;AC=PRIDE:0000630	NT=QTRAP 6500+;AC=MS:1002582	label free sample	NT=Trypsin;AC=MS:1001251	NT=Carbamidomethyl;AC=UNIMOD:4;TA=C;MT=Fixed	NT=beam-type collision-induced dissociation;AC=MS:1000422	not available	not available	1	1	MRM_Donor12_CHX2.wiff	v1.1.0	manual curation	NT=ms-proteomics;VV=v1.1.0	NT=human;VV=v1.1.0	NT=cycloheximide;AC=CHEBI:27641	2 mg/ml
PXD035579-Donor12-CP1	NT=Homo sapiens;AC=NCBITaxon:9606	NT=semen;AC=UBERON:0001968	NT=sperm;AC=CL:0000019	NT=normal;AC=PATO:0000461	NT=adult;AC=EFO:0001272	not available	male	not available	Donor12	cell	12	run Donor12 CP1 MRM	proteomic profiling by mass spectrometry	NT=Selected reaction monitoring;AC=PRIDE:0000630	NT=QTRAP 6500+;AC=MS:1002582	label free sample	NT=Trypsin;AC=MS:1001251	NT=Carbamidomethyl;AC=UNIMOD:4;TA=C;MT=Fixed	NT=beam-type collision-induced dissociation;AC=MS:1000422	not available	not available	1	1	MRM_Donor12_CP1.wiff	v1.1.0	manual curation	NT=ms-proteomics;VV=v1.1.0	NT=human;VV=v1.1.0	NT=chloramphenicol;AC=CHEBI:17698	1 mg/ml
PXD035579-Donor12-Control	NT=Homo sapiens;AC=NCBITaxon:9606	NT=semen;AC=UBERON:0001968	NT=sperm;AC=CL:0000019	NT=normal;AC=PATO:0000461	NT=adult;AC=EFO:0001272	not available	male	not available	Donor12	cell	12	run Donor12 Control MRM	proteomic profiling by mass spectrometry	NT=Selected reaction monitoring;AC=PRIDE:0000630	NT=QTRAP 6500+;AC=MS:1002582	label free sample	NT=Trypsin;AC=MS:1001251	NT=Carbamidomethyl;AC=UNIMOD:4;TA=C;MT=Fixed	NT=beam-type collision-induced dissociation;AC=MS:1000422	not available	not available	1	1	MRM_Donor12_Control.wiff	v1.1.0	manual curation	NT=ms-proteomics;VV=v1.1.0	NT=human;VV=v1.1.0	control	0 mg/ml
PXD035579-Donor13-CHX2	NT=Homo sapiens;AC=NCBITaxon:9606	NT=semen;AC=UBERON:0001968	NT=sperm;AC=CL:0000019	NT=normal;AC=PATO:0000461	NT=adult;AC=EFO:0001272	not available	male	not available	Donor13	cell	13	run Donor13 CHX2 MRM	proteomic profiling by mass spectrometry	NT=Selected reaction monitoring;AC=PRIDE:0000630	NT=QTRAP 6500+;AC=MS:1002582	label free sample	NT=Trypsin;AC=MS:1001251	NT=Carbamidomethyl;AC=UNIMOD:4;TA=C;MT=Fixed	NT=beam-type collision-induced dissociation;AC=MS:1000422	not available	not available	1	1	MRM_Donor13_CHX2.wiff	v1.1.0	manual curation	NT=ms-proteomics;VV=v1.1.0	NT=human;VV=v1.1.0	NT=cycloheximide;AC=CHEBI:27641	2 mg/ml
PXD035579-Donor13-CP1	NT=Homo sapiens;AC=NCBITaxon:9606	NT=semen;AC=UBERON:0001968	NT=sperm;AC=CL:0000019	NT=normal;AC=PATO:0000461	NT=adult;AC=EFO:0001272	not available	male	not available	Donor13	cell	13	run Donor13 CP1 MRM	proteomic profiling by mass spectrometry	NT=Selected reaction monitoring;AC=PRIDE:0000630	NT=QTRAP 6500+;AC=MS:1002582	label free sample	NT=Trypsin;AC=MS:1001251	NT=Carbamidomethyl;AC=UNIMOD:4;TA=C;MT=Fixed	NT=beam-type collision-induced dissociation;AC=MS:1000422	not available	not available	1	1	MRM_Donor13_CP1.wiff	v1.1.0	manual curation	NT=ms-proteomics;VV=v1.1.0	NT=human;VV=v1.1.0	NT=chloramphenicol;AC=CHEBI:17698	1 mg/ml
PXD035579-Donor13-Control	NT=Homo sapiens;AC=NCBITaxon:9606	NT=semen;AC=UBERON:0001968	NT=sperm;AC=CL:0000019	NT=normal;AC=PATO:0000461	NT=adult;AC=EFO:0001272	not available	male	not available	Donor13	cell	13	run Donor13 Control MRM	proteomic profiling by mass spectrometry	NT=Selected reaction monitoring;AC=PRIDE:0000630	NT=QTRAP 6500+;AC=MS:1002582	label free sample	NT=Trypsin;AC=MS:1001251	NT=Carbamidomethyl;AC=UNIMOD:4;TA=C;MT=Fixed	NT=beam-type collision-induced dissociation;AC=MS:1000422	not available	not available	1	1	MRM_Donor13_Control.wiff	v1.1.0	manual curation	NT=ms-proteomics;VV=v1.1.0	NT=human;VV=v1.1.0	control	0 mg/ml
PXD035579-Donor15-CHX2	NT=Homo sapiens;AC=NCBITaxon:9606	NT=semen;AC=UBERON:0001968	NT=sperm;AC=CL:0000019	NT=normal;AC=PATO:0000461	NT=adult;AC=EFO:0001272	not available	male	not available	Donor15	cell	15	run Donor15 CHX2 MRM	proteomic profiling by mass spectrometry	NT=Selected reaction monitoring;AC=PRIDE:0000630	NT=QTRAP 6500+;AC=MS:1002582	label free sample	NT=Trypsin;AC=MS:1001251	NT=Carbamidomethyl;AC=UNIMOD:4;TA=C;MT=Fixed	NT=beam-type collision-induced dissociation;AC=MS:1000422	not available	not available	1	1	MRM_Donor15_CHX2.wiff	v1.1.0	manual curation	NT=ms-proteomics;VV=v1.1.0	NT=human;VV=v1.1.0	NT=cycloheximide;AC=CHEBI:27641	2 mg/ml
PXD035579-Donor15-CP1	NT=Homo sapiens;AC=NCBITaxon:9606	NT=semen;AC=UBERON:0001968	NT=sperm;AC=CL:0000019	NT=normal;AC=PATO:0000461	NT=adult;AC=EFO:0001272	not available	male	not available	Donor15	cell	15	run Donor15 CP1 MRM	proteomic profiling by mass spectrometry	NT=Selected reaction monitoring;AC=PRIDE:0000630	NT=QTRAP 6500+;AC=MS:1002582	label free sample	NT=Trypsin;AC=MS:1001251	NT=Carbamidomethyl;AC=UNIMOD:4;TA=C;MT=Fixed	NT=beam-type collision-induced dissociation;AC=MS:1000422	not available	not available	1	1	MRM_Donor15_CP1.wiff	v1.1.0	manual curation	NT=ms-proteomics;VV=v1.1.0	NT=human;VV=v1.1.0	NT=chloramphenicol;AC=CHEBI:17698	1 mg/ml
PXD035579-Donor15-Control	NT=Homo sapiens;AC=NCBITaxon:9606	NT=semen;AC=UBERON:0001968	NT=sperm;AC=CL:0000019	NT=normal;AC=PATO:0000461	NT=adult;AC=EFO:0001272	not available	male	not available	Donor15	cell	15	run Donor15 Control MRM	proteomic profiling by mass spectrometry	NT=Selected reaction monitoring;AC=PRIDE:0000630	NT=QTRAP 6500+;AC=MS:1002582	label free sample	NT=Trypsin;AC=MS:1001251	NT=Carbamidomethyl;AC=UNIMOD:4;TA=C;MT=Fixed	NT=beam-type collision-induced dissociation;AC=MS:1000422	not available	not available	1	1	MRM_Donor15_Control.wiff	v1.1.0	manual curation	NT=ms-proteomics;VV=v1.1.0	NT=human;VV=v1.1.0	control	0 mg/ml
PXD035579-Donor16-CHX2	NT=Homo sapiens;AC=NCBITaxon:9606	NT=semen;AC=UBERON:0001968	NT=sperm;AC=CL:0000019	NT=normal;AC=PATO:0000461	NT=adult;AC=EFO:0001272	not available	male	not available	Donor16	cell	16	run Donor16 CHX2 MRM	proteomic profiling by mass spectrometry	NT=Selected reaction monitoring;AC=PRIDE:0000630	NT=QTRAP 6500+;AC=MS:1002582	label free sample	NT=Trypsin;AC=MS:1001251	NT=Carbamidomethyl;AC=UNIMOD:4;TA=C;MT=Fixed	NT=beam-type collision-induced dissociation;AC=MS:1000422	not available	not available	1	1	MRM_Donor16_CHX2.wiff	v1.1.0	manual curation	NT=ms-proteomics;VV=v1.1.0	NT=human;VV=v1.1.0	NT=cycloheximide;AC=CHEBI:27641	2 mg/ml
PXD035579-Donor16-CP1	NT=Homo sapiens;AC=NCBITaxon:9606	NT=semen;AC=UBERON:0001968	NT=sperm;AC=CL:0000019	NT=normal;AC=PATO:0000461	NT=adult;AC=EFO:0001272	not available	male	not available	Donor16	cell	16	run Donor16 CP1 MRM	proteomic profiling by mass spectrometry	NT=Selected reaction monitoring;AC=PRIDE:0000630	NT=QTRAP 6500+;AC=MS:1002582	label free sample	NT=Trypsin;AC=MS:1001251	NT=Carbamidomethyl;AC=UNIMOD:4;TA=C;MT=Fixed	NT=beam-type collision-induced dissociation;AC=MS:1000422	not available	not available	1	1	MRM_Donor16_CP1.wiff	v1.1.0	manual curation	NT=ms-proteomics;VV=v1.1.0	NT=human;VV=v1.1.0	NT=chloramphenicol;AC=CHEBI:17698	1 mg/ml
PXD035579-Donor16-Control	NT=Homo sapiens;AC=NCBITaxon:9606	NT=semen;AC=UBERON:0001968	NT=sperm;AC=CL:0000019	NT=normal;AC=PATO:0000461	NT=adult;AC=EFO:0001272	not available	male	not available	Donor16	cell	16	run Donor16 Control MRM	proteomic profiling by mass spectrometry	NT=Selected reaction monitoring;AC=PRIDE:0000630	NT=QTRAP 6500+;AC=MS:1002582	label free sample	NT=Trypsin;AC=MS:1001251	NT=Carbamidomethyl;AC=UNIMOD:4;TA=C;MT=Fixed	NT=beam-type collision-induced dissociation;AC=MS:1000422	not available	not available	1	1	MRM_Donor16_Control.wiff	v1.1.0	manual curation	NT=ms-proteomics;VV=v1.1.0	NT=human;VV=v1.1.0	control	0 mg/ml
PXD035579-Donor5-CHX2	NT=Homo sapiens;AC=NCBITaxon:9606	NT=semen;AC=UBERON:0001968	NT=sperm;AC=CL:0000019	NT=normal;AC=PATO:0000461	NT=adult;AC=EFO:0001272	not available	male	not available	Donor5	cell	5	run Donor5 CHX2 MRM	proteomic profiling by mass spectrometry	NT=Selected reaction monitoring;AC=PRIDE:0000630	NT=QTRAP 6500+;AC=MS:1002582	label free sample	NT=Trypsin;AC=MS:1001251	NT=Carbamidomethyl;AC=UNIMOD:4;TA=C;MT=Fixed	NT=beam-type collision-induced dissociation;AC=MS:1000422	not available	not available	1	1	MRM_Donor5_CHX2.wiff	v1.1.0	manual curation	NT=ms-proteomics;VV=v1.1.0	NT=human;VV=v1.1.0	NT=cycloheximide;AC=CHEBI:27641	2 mg/ml
PXD035579-Donor5-CP1	NT=Homo sapiens;AC=NCBITaxon:9606	NT=semen;AC=UBERON:0001968	NT=sperm;AC=CL:0000019	NT=normal;AC=PATO:0000461	NT=adult;AC=EFO:0001272	not available	male	not available	Donor5	cell	5	run Donor5 CP1 MRM	proteomic profiling by mass spectrometry	NT=Selected reaction monitoring;AC=PRIDE:0000630	NT=QTRAP 6500+;AC=MS:1002582	label free sample	NT=Trypsin;AC=MS:1001251	NT=Carbamidomethyl;AC=UNIMOD:4;TA=C;MT=Fixed	NT=beam-type collision-induced dissociation;AC=MS:1000422	not available	not available	1	1	MRM_Donor5_CP1.wiff	v1.1.0	manual curation	NT=ms-proteomics;VV=v1.1.0	NT=human;VV=v1.1.0	NT=chloramphenicol;AC=CHEBI:17698	1 mg/ml
PXD035579-Donor5-Control	NT=Homo sapiens;AC=NCBITaxon:9606	NT=semen;AC=UBERON:0001968	NT=sperm;AC=CL:0000019	NT=normal;AC=PATO:0000461	NT=adult;AC=EFO:0001272	not available	male	not available	Donor5	cell	5	run Donor5 Control MRM	proteomic profiling by mass spectrometry	NT=Selected reaction monitoring;AC=PRIDE:0000630	NT=QTRAP 6500+;AC=MS:1002582	label free sample	NT=Trypsin;AC=MS:1001251	NT=Carbamidomethyl;AC=UNIMOD:4;TA=C;MT=Fixed	NT=beam-type collision-induced dissociation;AC=MS:1000422	not available	not available	1	1	MRM_Donor5_Control.wiff	v1.1.0	manual curation	NT=ms-proteomics;VV=v1.1.0	NT=human;VV=v1.1.0	control	0 mg/ml
PXD035579-Donor6-CHX2	NT=Homo sapiens;AC=NCBITaxon:9606	NT=semen;AC=UBERON:0001968	NT=sperm;AC=CL:0000019	NT=normal;AC=PATO:0000461	NT=adult;AC=EFO:0001272	not available	male	not available	Donor6	cell	6	run Donor6 CHX2 MRM	proteomic profiling by mass spectrometry	NT=Selected reaction monitoring;AC=PRIDE:0000630	NT=QTRAP 6500+;AC=MS:1002582	label free sample	NT=Trypsin;AC=MS:1001251	NT=Carbamidomethyl;AC=UNIMOD:4;TA=C;MT=Fixed	NT=beam-type collision-induced dissociation;AC=MS:1000422	not available	not available	1	1	MRM_Donor6_CHX2.wiff	v1.1.0	manual curation	NT=ms-proteomics;VV=v1.1.0	NT=human;VV=v1.1.0	NT=cycloheximide;AC=CHEBI:27641	2 mg/ml
PXD035579-Donor6-CP1	NT=Homo sapiens;AC=NCBITaxon:9606	NT=semen;AC=UBERON:0001968	NT=sperm;AC=CL:0000019	NT=normal;AC=PATO:0000461	NT=adult;AC=EFO:0001272	not available	male	not available	Donor6	cell	6	run Donor6 CP1 MRM	proteomic profiling by mass spectrometry	NT=Selected reaction monitoring;AC=PRIDE:0000630	NT=QTRAP 6500+;AC=MS:1002582	label free sample	NT=Trypsin;AC=MS:1001251	NT=Carbamidomethyl;AC=UNIMOD:4;TA=C;MT=Fixed	NT=beam-type collision-induced dissociation;AC=MS:1000422	not available	not available	1	1	MRM_Donor6_CP1.wiff	v1.1.0	manual curation	NT=ms-proteomics;VV=v1.1.0	NT=human;VV=v1.1.0	NT=chloramphenicol;AC=CHEBI:17698	1 mg/ml
PXD035579-Donor6-Control	NT=Homo sapiens;AC=NCBITaxon:9606	NT=semen;AC=UBERON:0001968	NT=sperm;AC=CL:0000019	NT=normal;AC=PATO:0000461	NT=adult;AC=EFO:0001272	not available	male	not available	Donor6	cell	6	run Donor6 Control MRM	proteomic profiling by mass spectrometry	NT=Selected reaction monitoring;AC=PRIDE:0000630	NT=QTRAP 6500+;AC=MS:1002582	label free sample	NT=Trypsin;AC=MS:1001251	NT=Carbamidomethyl;AC=UNIMOD:4;TA=C;MT=Fixed	NT=beam-type collision-induced dissociation;AC=MS:1000422	not available	not available	1	1	MRM_Donor6_Control.wiff	v1.1.0	manual curation	NT=ms-proteomics;VV=v1.1.0	NT=human;VV=v1.1.0	control	0 mg/ml
PXD035579-Donor7-CHX2	NT=Homo sapiens;AC=NCBITaxon:9606	NT=semen;AC=UBERON:0001968	NT=sperm;AC=CL:0000019	NT=normal;AC=PATO:0000461	NT=adult;AC=EFO:0001272	not available	male	not available	Donor7	cell	7	run Donor7 CHX2 MRM	proteomic profiling by mass spectrometry	NT=Selected reaction monitoring;AC=PRIDE:0000630	NT=QTRAP 6500+;AC=MS:1002582	label free sample	NT=Trypsin;AC=MS:1001251	NT=Carbamidomethyl;AC=UNIMOD:4;TA=C;MT=Fixed	NT=beam-type collision-induced dissociation;AC=MS:1000422	not available	not available	1	1	MRM_Donor7_CHX2.wiff	v1.1.0	manual curation	NT=ms-proteomics;VV=v1.1.0	NT=human;VV=v1.1.0	NT=cycloheximide;AC=CHEBI:27641	2 mg/ml
PXD035579-Donor7-CP1	NT=Homo sapiens;AC=NCBITaxon:9606	NT=semen;AC=UBERON:0001968	NT=sperm;AC=CL:0000019	NT=normal;AC=PATO:0000461	NT=adult;AC=EFO:0001272	not available	male	not available	Donor7	cell	7	run Donor7 CP1 MRM	proteomic profiling by mass spectrometry	NT=Selected reaction monitoring;AC=PRIDE:0000630	NT=QTRAP 6500+;AC=MS:1002582	label free sample	NT=Trypsin;AC=MS:1001251	NT=Carbamidomethyl;AC=UNIMOD:4;TA=C;MT=Fixed	NT=beam-type collision-induced dissociation;AC=MS:1000422	not available	not available	1	1	MRM_Donor7_CP1.wiff	v1.1.0	manual curation	NT=ms-proteomics;VV=v1.1.0	NT=human;VV=v1.1.0	NT=chloramphenicol;AC=CHEBI:17698	1 mg/ml
PXD035579-Donor7-Control	NT=Homo sapiens;AC=NCBITaxon:9606	NT=semen;AC=UBERON:0001968	NT=sperm;AC=CL:0000019	NT=normal;AC=PATO:0000461	NT=adult;AC=EFO:0001272	not available	male	not available	Donor7	cell	7	run Donor7 Control MRM	proteomic profiling by mass spectrometry	NT=Selected reaction monitoring;AC=PRIDE:0000630	NT=QTRAP 6500+;AC=MS:1002582	label free sample	NT=Trypsin;AC=MS:1001251	NT=Carbamidomethyl;AC=UNIMOD:4;TA=C;MT=Fixed	NT=beam-type collision-induced dissociation;AC=MS:1000422	not available	not available	1	1	MRM_Donor7_Control.wiff	v1.1.0	manual curation	NT=ms-proteomics;VV=v1.1.0	NT=human;VV=v1.1.0	control	0 mg/ml
PXD035579-Donor9-CHX2	NT=Homo sapiens;AC=NCBITaxon:9606	NT=semen;AC=UBERON:0001968	NT=sperm;AC=CL:0000019	NT=normal;AC=PATO:0000461	NT=adult;AC=EFO:0001272	not available	male	not available	Donor9	cell	9	run Donor9 CHX2 MRM	proteomic profiling by mass spectrometry	NT=Selected reaction monitoring;AC=PRIDE:0000630	NT=QTRAP 6500+;AC=MS:1002582	label free sample	NT=Trypsin;AC=MS:1001251	NT=Carbamidomethyl;AC=UNIMOD:4;TA=C;MT=Fixed	NT=beam-type collision-induced dissociation;AC=MS:1000422	not available	not available	1	1	MRM_Donor9_CHX2.wiff	v1.1.0	manual curation	NT=ms-proteomics;VV=v1.1.0	NT=human;VV=v1.1.0	NT=cycloheximide;AC=CHEBI:27641	2 mg/ml
PXD035579-Donor9-CP1	NT=Homo sapiens;AC=NCBITaxon:9606	NT=semen;AC=UBERON:0001968	NT=sperm;AC=CL:0000019	NT=normal;AC=PATO:0000461	NT=adult;AC=EFO:0001272	not available	male	not available	Donor9	cell	9	run Donor9 CP1 MRM	proteomic profiling by mass spectrometry	NT=Selected reaction monitoring;AC=PRIDE:0000630	NT=QTRAP 6500+;AC=MS:1002582	label free sample	NT=Trypsin;AC=MS:1001251	NT=Carbamidomethyl;AC=UNIMOD:4;TA=C;MT=Fixed	NT=beam-type collision-induced dissociation;AC=MS:1000422	not available	not available	1	1	MRM_Donor9_CP1.wiff	v1.1.0	manual curation	NT=ms-proteomics;VV=v1.1.0	NT=human;VV=v1.1.0	NT=chloramphenicol;AC=CHEBI:17698	1 mg/ml
PXD035579-Donor9-Control	NT=Homo sapiens;AC=NCBITaxon:9606	NT=semen;AC=UBERON:0001968	NT=sperm;AC=CL:0000019	NT=normal;AC=PATO:0000461	NT=adult;AC=EFO:0001272	not available	male	not available	Donor9	cell	9	run Donor9 Control MRM	proteomic profiling by mass spectrometry	NT=Selected reaction monitoring;AC=PRIDE:0000630	NT=QTRAP 6500+;AC=MS:1002582	label free sample	NT=Trypsin;AC=MS:1001251	NT=Carbamidomethyl;AC=UNIMOD:4;TA=C;MT=Fixed	NT=beam-type collision-induced dissociation;AC=MS:1000422	not available	not available	1	1	MRM_Donor9_Control.wiff	v1.1.0	manual curation	NT=ms-proteomics;VV=v1.1.0	NT=human;VV=v1.1.0	control	0 mg/ml
