source name	characteristics[organism]	characteristics[organism part]	characteristics[age]	characteristics[developmental stage]	characteristics[cell line]	characteristics[cell type]	characteristics[sex]	characteristics[ancestry category]	characteristics[disease]	characteristics[biological replicate]	material type	characteristics[strain or breed]	assay name	technology type	comment[sdrf version]	comment[sdrf template]	comment[proteomics data acquisition method]	comment[data file]	comment[file uri]	comment[technical replicate]	comment[fraction identifier]	comment[label]	comment[instrument]	comment[modification parameters]	comment[modification parameters]	comment[modification parameters]	comment[cleavage agent details]	comment[dissociation method]	comment[precursor mass tolerance]	comment[fragment mass tolerance]	factor value[organism]
PXD014877-Sample-164	Thalassiosira pseudonana	not applicable	not available	not available	not applicable	not applicable	not applicable	not applicable	not applicable	1	organism part	not available	run 366	proteomic profiling by mass spectrometry	v1.1.0	NT=ms-proteomics;VV=v1.1.0	NT=Data-Dependent Acquisition;AC=PRIDE:0000627	20180823_QX1_JoMu_SA_Easy12-7_uPAC_500ng_Tpseudonana.raw	ftp://ftp.pride.ebi.ac.uk/pride/data/archive/2020/06/PXD014877/20180823_QX1_JoMu_SA_Easy12-7_uPAC_500ng_Tpseudonana.raw	1	1	AC=MS:1002038;NT=label free sample	NT=Q Exactive HF-X;AC=MS:1002877	NT=Oxidation;MT=Variable;TA=M;AC=UNIMOD:35	NT=Carbamidomethyl;TA=C;MT=Fixed;AC=UNIMOD:4	NT=Acetyl;AC=UNIMOD:1;PP=Any N-term;MT=Variable	AC=MS:1001313;NT=Trypsin	NT=HCD;AC=PRIDE:0000590	7 ppm	20 ppm	NT=Thalassiosira pseudonana;AC=NCBITaxon:35128
PXD014877-Sample-165	Thalassiosira pseudonana	not applicable	not available	not available	not applicable	not applicable	not applicable	not applicable	not applicable	1	organism part	not available	run 379	proteomic profiling by mass spectrometry	v1.1.0	NT=ms-proteomics;VV=v1.1.0	NT=Data-Dependent Acquisition;AC=PRIDE:0000627	20180903_QX4_JoMu_SA_EASY12-7_uPAC_500ng_Tpseudonana-f1.raw	ftp://ftp.pride.ebi.ac.uk/pride/data/archive/2020/06/PXD014877/20180903_QX4_JoMu_SA_EASY12-7_uPAC_500ng_Tpseudonana-f1.raw	1	1	AC=MS:1002038;NT=label free sample	NT=Q Exactive HF-X;AC=MS:1002877	NT=Oxidation;MT=Variable;TA=M;AC=UNIMOD:35	NT=Carbamidomethyl;TA=C;MT=Fixed;AC=UNIMOD:4	NT=Acetyl;AC=UNIMOD:1;PP=Any N-term;MT=Variable	AC=MS:1001313;NT=Trypsin	NT=HCD;AC=PRIDE:0000590	7 ppm	20 ppm	NT=Thalassiosira pseudonana;AC=NCBITaxon:35128
PXD014877-Sample-165	Thalassiosira pseudonana	not applicable	not available	not available	not applicable	not applicable	not applicable	not applicable	not applicable	1	organism part	not available	run 380	proteomic profiling by mass spectrometry	v1.1.0	NT=ms-proteomics;VV=v1.1.0	NT=Data-Dependent Acquisition;AC=PRIDE:0000627	20180903_QX4_JoMu_SA_EASY12-7_uPAC_500ng_Tpseudonana-f2.raw	ftp://ftp.pride.ebi.ac.uk/pride/data/archive/2020/06/PXD014877/20180903_QX4_JoMu_SA_EASY12-7_uPAC_500ng_Tpseudonana-f2.raw	1	2	AC=MS:1002038;NT=label free sample	NT=Q Exactive HF-X;AC=MS:1002877	NT=Oxidation;MT=Variable;TA=M;AC=UNIMOD:35	NT=Carbamidomethyl;TA=C;MT=Fixed;AC=UNIMOD:4	NT=Acetyl;AC=UNIMOD:1;PP=Any N-term;MT=Variable	AC=MS:1001313;NT=Trypsin	NT=HCD;AC=PRIDE:0000590	7 ppm	20 ppm	NT=Thalassiosira pseudonana;AC=NCBITaxon:35128
PXD014877-Sample-165	Thalassiosira pseudonana	not applicable	not available	not available	not applicable	not applicable	not applicable	not applicable	not applicable	1	organism part	not available	run 381	proteomic profiling by mass spectrometry	v1.1.0	NT=ms-proteomics;VV=v1.1.0	NT=Data-Dependent Acquisition;AC=PRIDE:0000627	20180903_QX4_JoMu_SA_EASY12-7_uPAC_500ng_Tpseudonana-f3.raw	ftp://ftp.pride.ebi.ac.uk/pride/data/archive/2020/06/PXD014877/20180903_QX4_JoMu_SA_EASY12-7_uPAC_500ng_Tpseudonana-f3.raw	1	3	AC=MS:1002038;NT=label free sample	NT=Q Exactive HF-X;AC=MS:1002877	NT=Oxidation;MT=Variable;TA=M;AC=UNIMOD:35	NT=Carbamidomethyl;TA=C;MT=Fixed;AC=UNIMOD:4	NT=Acetyl;AC=UNIMOD:1;PP=Any N-term;MT=Variable	AC=MS:1001313;NT=Trypsin	NT=HCD;AC=PRIDE:0000590	7 ppm	20 ppm	NT=Thalassiosira pseudonana;AC=NCBITaxon:35128
PXD014877-Sample-165	Thalassiosira pseudonana	not applicable	not available	not available	not applicable	not applicable	not applicable	not applicable	not applicable	1	organism part	not available	run 382	proteomic profiling by mass spectrometry	v1.1.0	NT=ms-proteomics;VV=v1.1.0	NT=Data-Dependent Acquisition;AC=PRIDE:0000627	20180903_QX4_JoMu_SA_EASY12-7_uPAC_500ng_Tpseudonana-f4.raw	ftp://ftp.pride.ebi.ac.uk/pride/data/archive/2020/06/PXD014877/20180903_QX4_JoMu_SA_EASY12-7_uPAC_500ng_Tpseudonana-f4.raw	1	4	AC=MS:1002038;NT=label free sample	NT=Q Exactive HF-X;AC=MS:1002877	NT=Oxidation;MT=Variable;TA=M;AC=UNIMOD:35	NT=Carbamidomethyl;TA=C;MT=Fixed;AC=UNIMOD:4	NT=Acetyl;AC=UNIMOD:1;PP=Any N-term;MT=Variable	AC=MS:1001313;NT=Trypsin	NT=HCD;AC=PRIDE:0000590	7 ppm	20 ppm	NT=Thalassiosira pseudonana;AC=NCBITaxon:35128
PXD014877-Sample-165	Thalassiosira pseudonana	not applicable	not available	not available	not applicable	not applicable	not applicable	not applicable	not applicable	1	organism part	not available	run 383	proteomic profiling by mass spectrometry	v1.1.0	NT=ms-proteomics;VV=v1.1.0	NT=Data-Dependent Acquisition;AC=PRIDE:0000627	20180903_QX4_JoMu_SA_EASY12-7_uPAC_500ng_Tpseudonana-f5_180905041541.raw	ftp://ftp.pride.ebi.ac.uk/pride/data/archive/2020/06/PXD014877/20180903_QX4_JoMu_SA_EASY12-7_uPAC_500ng_Tpseudonana-f5_180905041541.raw	1	5	AC=MS:1002038;NT=label free sample	NT=Q Exactive HF-X;AC=MS:1002877	NT=Oxidation;MT=Variable;TA=M;AC=UNIMOD:35	NT=Carbamidomethyl;TA=C;MT=Fixed;AC=UNIMOD:4	NT=Acetyl;AC=UNIMOD:1;PP=Any N-term;MT=Variable	AC=MS:1001313;NT=Trypsin	NT=HCD;AC=PRIDE:0000590	7 ppm	20 ppm	NT=Thalassiosira pseudonana;AC=NCBITaxon:35128
PXD014877-Sample-165	Thalassiosira pseudonana	not applicable	not available	not available	not applicable	not applicable	not applicable	not applicable	not applicable	1	organism part	not available	run 384	proteomic profiling by mass spectrometry	v1.1.0	NT=ms-proteomics;VV=v1.1.0	NT=Data-Dependent Acquisition;AC=PRIDE:0000627	20180903_QX4_JoMu_SA_EASY12-7_uPAC_500ng_Tpseudonana-f6.raw	ftp://ftp.pride.ebi.ac.uk/pride/data/archive/2020/06/PXD014877/20180903_QX4_JoMu_SA_EASY12-7_uPAC_500ng_Tpseudonana-f6.raw	1	6	AC=MS:1002038;NT=label free sample	NT=Q Exactive HF-X;AC=MS:1002877	NT=Oxidation;MT=Variable;TA=M;AC=UNIMOD:35	NT=Carbamidomethyl;TA=C;MT=Fixed;AC=UNIMOD:4	NT=Acetyl;AC=UNIMOD:1;PP=Any N-term;MT=Variable	AC=MS:1001313;NT=Trypsin	NT=HCD;AC=PRIDE:0000590	7 ppm	20 ppm	NT=Thalassiosira pseudonana;AC=NCBITaxon:35128
PXD014877-Sample-165	Thalassiosira pseudonana	not applicable	not available	not available	not applicable	not applicable	not applicable	not applicable	not applicable	1	organism part	not available	run 385	proteomic profiling by mass spectrometry	v1.1.0	NT=ms-proteomics;VV=v1.1.0	NT=Data-Dependent Acquisition;AC=PRIDE:0000627	20180903_QX4_JoMu_SA_EASY12-7_uPAC_500ng_Tpseudonana-f7.raw	ftp://ftp.pride.ebi.ac.uk/pride/data/archive/2020/06/PXD014877/20180903_QX4_JoMu_SA_EASY12-7_uPAC_500ng_Tpseudonana-f7.raw	1	7	AC=MS:1002038;NT=label free sample	NT=Q Exactive HF-X;AC=MS:1002877	NT=Oxidation;MT=Variable;TA=M;AC=UNIMOD:35	NT=Carbamidomethyl;TA=C;MT=Fixed;AC=UNIMOD:4	NT=Acetyl;AC=UNIMOD:1;PP=Any N-term;MT=Variable	AC=MS:1001313;NT=Trypsin	NT=HCD;AC=PRIDE:0000590	7 ppm	20 ppm	NT=Thalassiosira pseudonana;AC=NCBITaxon:35128
PXD014877-Sample-165	Thalassiosira pseudonana	not applicable	not available	not available	not applicable	not applicable	not applicable	not applicable	not applicable	1	organism part	not available	run 386	proteomic profiling by mass spectrometry	v1.1.0	NT=ms-proteomics;VV=v1.1.0	NT=Data-Dependent Acquisition;AC=PRIDE:0000627	20180903_QX4_JoMu_SA_EASY12-7_uPAC_500ng_Tpseudonana-f8.raw	ftp://ftp.pride.ebi.ac.uk/pride/data/archive/2020/06/PXD014877/20180903_QX4_JoMu_SA_EASY12-7_uPAC_500ng_Tpseudonana-f8.raw	1	8	AC=MS:1002038;NT=label free sample	NT=Q Exactive HF-X;AC=MS:1002877	NT=Oxidation;MT=Variable;TA=M;AC=UNIMOD:35	NT=Carbamidomethyl;TA=C;MT=Fixed;AC=UNIMOD:4	NT=Acetyl;AC=UNIMOD:1;PP=Any N-term;MT=Variable	AC=MS:1001313;NT=Trypsin	NT=HCD;AC=PRIDE:0000590	7 ppm	20 ppm	NT=Thalassiosira pseudonana;AC=NCBITaxon:35128
