source name	characteristics[organism]	characteristics[organism part]	characteristics[disease]	characteristics[biological replicate]	characteristics[treatment]	assay name	technology type	comment[proteomics data acquisition method]	comment[label]	comment[instrument]	comment[cleavage agent details]	comment[technical replicate]	comment[fraction identifier]	comment[data file]	comment[sdrf version]	comment[sdrf template]	comment[sdrf annotation tool]	factor value[organism part]
sample_2	Mus musculus	ventral hippocampus	not available	1	swim stress	20170214_03_DDA_2	proteomic profiling by mass spectrometry	Data-dependent acquisition	NT=label free sample;AC=MS:1002038	NT=Q Exactive;AC=MS:1001911	NT=Trypsin;AC=MS:1001251	1	1	20170214_03_DDA_2.raw	v1.1.0	NT=ms-proteomics;VV=v1.1.0	NT=sdrf-skeleton-gen;VV=v1.0.0	ventral hippocampus
sample_3	Mus musculus	ventral hippocampus	not available	2	control	20170214_04_DDA_3	proteomic profiling by mass spectrometry	Data-dependent acquisition	NT=label free sample;AC=MS:1002038	NT=Q Exactive;AC=MS:1001911	NT=Trypsin;AC=MS:1001251	1	1	20170214_04_DDA_3.raw	v1.1.0	NT=ms-proteomics;VV=v1.1.0	NT=sdrf-skeleton-gen;VV=v1.0.0	ventral hippocampus
sample_15	Mus musculus	dorsal hippocampus	not available	1	swim stress	20170214_07_DDA_15	proteomic profiling by mass spectrometry	Data-dependent acquisition	NT=label free sample;AC=MS:1002038	NT=Q Exactive;AC=MS:1001911	NT=Trypsin;AC=MS:1001251	1	1	20170214_07_DDA_15.raw	v1.1.0	NT=ms-proteomics;VV=v1.1.0	NT=sdrf-skeleton-gen;VV=v1.0.0	dorsal hippocampus
sample_16	Mus musculus	dorsal hippocampus	not available	2	control	20170214_08_DDA_16	proteomic profiling by mass spectrometry	Data-dependent acquisition	NT=label free sample;AC=MS:1002038	NT=Q Exactive;AC=MS:1001911	NT=Trypsin;AC=MS:1001251	1	1	20170214_08_DDA_16.raw	v1.1.0	NT=ms-proteomics;VV=v1.1.0	NT=sdrf-skeleton-gen;VV=v1.0.0	dorsal hippocampus
sample_10	Mus musculus	ventral hippocampus	not available	3	swim stress	20170214_17_DIA_10_re	proteomic profiling by mass spectrometry	Data-independent acquisition	NT=label free sample;AC=MS:1002038	NT=Q Exactive;AC=MS:1001911	NT=Trypsin;AC=MS:1001251	1	1	20170214_17_DIA_10_re.raw	v1.1.0	NT=ms-proteomics;VV=v1.1.0	NT=sdrf-skeleton-gen;VV=v1.0.0	ventral hippocampus
sample_11	Mus musculus	ventral hippocampus	not available	4	control	20170214_18_DIA_11_re	proteomic profiling by mass spectrometry	Data-independent acquisition	NT=label free sample;AC=MS:1002038	NT=Q Exactive;AC=MS:1001911	NT=Trypsin;AC=MS:1001251	1	1	20170214_18_DIA_11_re.raw	v1.1.0	NT=ms-proteomics;VV=v1.1.0	NT=sdrf-skeleton-gen;VV=v1.0.0	ventral hippocampus
sample_18	Mus musculus	dorsal hippocampus	not available	3	swim stress	20170214_20_DIA_18_re	proteomic profiling by mass spectrometry	Data-independent acquisition	NT=label free sample;AC=MS:1002038	NT=Q Exactive;AC=MS:1001911	NT=Trypsin;AC=MS:1001251	1	1	20170214_20_DIA_18_re.raw	v1.1.0	NT=ms-proteomics;VV=v1.1.0	NT=sdrf-skeleton-gen;VV=v1.0.0	dorsal hippocampus
sample_5	Mus musculus	ventral hippocampus	not available	5	swim stress	20170214_21_DIA_5_re	proteomic profiling by mass spectrometry	Data-independent acquisition	NT=label free sample;AC=MS:1002038	NT=Q Exactive;AC=MS:1001911	NT=Trypsin;AC=MS:1001251	1	1	20170214_21_DIA_5_re.raw	v1.1.0	NT=ms-proteomics;VV=v1.1.0	NT=sdrf-skeleton-gen;VV=v1.0.0	ventral hippocampus
sample_21	Mus musculus	dorsal hippocampus	not available	4	control	20170214_24_DIA_21_re	proteomic profiling by mass spectrometry	Data-independent acquisition	NT=label free sample;AC=MS:1002038	NT=Q Exactive;AC=MS:1001911	NT=Trypsin;AC=MS:1001251	1	1	20170214_24_DIA_21_re.raw	v1.1.0	NT=ms-proteomics;VV=v1.1.0	NT=sdrf-skeleton-gen;VV=v1.0.0	dorsal hippocampus
sample_4	Mus musculus	ventral hippocampus	not available	6	control	20170214_25_DIA_4_re	proteomic profiling by mass spectrometry	Data-independent acquisition	NT=label free sample;AC=MS:1002038	NT=Q Exactive;AC=MS:1001911	NT=Trypsin;AC=MS:1001251	1	1	20170214_25_DIA_4_re.raw	v1.1.0	NT=ms-proteomics;VV=v1.1.0	NT=sdrf-skeleton-gen;VV=v1.0.0	ventral hippocampus
sample_12	Mus musculus	ventral hippocampus	not available	7	control	20170214_27_DIA_12_re	proteomic profiling by mass spectrometry	Data-independent acquisition	NT=label free sample;AC=MS:1002038	NT=Q Exactive;AC=MS:1001911	NT=Trypsin;AC=MS:1001251	1	1	20170214_27_DIA_12_re.raw	v1.1.0	NT=ms-proteomics;VV=v1.1.0	NT=sdrf-skeleton-gen;VV=v1.0.0	ventral hippocampus
sample_13	Mus musculus	ventral hippocampus	not available	8	swim stress	20170214_28_DIA_13_re	proteomic profiling by mass spectrometry	Data-independent acquisition	NT=label free sample;AC=MS:1002038	NT=Q Exactive;AC=MS:1001911	NT=Trypsin;AC=MS:1001251	1	1	20170214_28_DIA_13_re.raw	v1.1.0	NT=ms-proteomics;VV=v1.1.0	NT=sdrf-skeleton-gen;VV=v1.0.0	ventral hippocampus
sample_3	Mus musculus	ventral hippocampus	not available	2	control	20170214_31_DIA_3_re	proteomic profiling by mass spectrometry	Data-independent acquisition	NT=label free sample;AC=MS:1002038	NT=Q Exactive;AC=MS:1001911	NT=Trypsin;AC=MS:1001251	2	1	20170214_31_DIA_3_re.raw	v1.1.0	NT=ms-proteomics;VV=v1.1.0	NT=sdrf-skeleton-gen;VV=v1.0.0	ventral hippocampus
sample_2	Mus musculus	ventral hippocampus	not available	1	swim stress	20170214_32_DIA_2_re	proteomic profiling by mass spectrometry	Data-independent acquisition	NT=label free sample;AC=MS:1002038	NT=Q Exactive;AC=MS:1001911	NT=Trypsin;AC=MS:1001251	2	1	20170214_32_DIA_2_re.raw	v1.1.0	NT=ms-proteomics;VV=v1.1.0	NT=sdrf-skeleton-gen;VV=v1.0.0	ventral hippocampus
sample_19	Mus musculus	dorsal hippocampus	not available	5	swim stress	20170214_34_DIA_19	proteomic profiling by mass spectrometry	Data-independent acquisition	NT=label free sample;AC=MS:1002038	NT=Q Exactive;AC=MS:1001911	NT=Trypsin;AC=MS:1001251	1	1	20170214_34_DIA_19.raw	v1.1.0	NT=ms-proteomics;VV=v1.1.0	NT=sdrf-skeleton-gen;VV=v1.0.0	dorsal hippocampus
sample_15	Mus musculus	dorsal hippocampus	not available	1	swim stress	20170214_35_DIA_15	proteomic profiling by mass spectrometry	Data-independent acquisition	NT=label free sample;AC=MS:1002038	NT=Q Exactive;AC=MS:1001911	NT=Trypsin;AC=MS:1001251	2	1	20170214_35_DIA_15.raw	v1.1.0	NT=ms-proteomics;VV=v1.1.0	NT=sdrf-skeleton-gen;VV=v1.0.0	dorsal hippocampus
sample_26	Mus musculus	dorsal hippocampus	not available	6	swim stress	20170214_38_DIA_26	proteomic profiling by mass spectrometry	Data-independent acquisition	NT=label free sample;AC=MS:1002038	NT=Q Exactive;AC=MS:1001911	NT=Trypsin;AC=MS:1001251	1	1	20170214_38_DIA_26.raw	v1.1.0	NT=ms-proteomics;VV=v1.1.0	NT=sdrf-skeleton-gen;VV=v1.0.0	dorsal hippocampus
sample_7	Mus musculus	ventral hippocampus	not available	9	control	20170214_39_DIA_7	proteomic profiling by mass spectrometry	Data-independent acquisition	NT=label free sample;AC=MS:1002038	NT=Q Exactive;AC=MS:1001911	NT=Trypsin;AC=MS:1001251	1	1	20170214_39_DIA_7.raw	v1.1.0	NT=ms-proteomics;VV=v1.1.0	NT=sdrf-skeleton-gen;VV=v1.0.0	ventral hippocampus
sample_9	Mus musculus	ventral hippocampus	not available	10	swim stress	20170214_41_DIA_9	proteomic profiling by mass spectrometry	Data-independent acquisition	NT=label free sample;AC=MS:1002038	NT=Q Exactive;AC=MS:1001911	NT=Trypsin;AC=MS:1001251	1	1	20170214_41_DIA_9.raw	v1.1.0	NT=ms-proteomics;VV=v1.1.0	NT=sdrf-skeleton-gen;VV=v1.0.0	ventral hippocampus
sample_8	Mus musculus	ventral hippocampus	not available	11	control	20170214_42_DIA_8	proteomic profiling by mass spectrometry	Data-independent acquisition	NT=label free sample;AC=MS:1002038	NT=Q Exactive;AC=MS:1001911	NT=Trypsin;AC=MS:1001251	1	1	20170214_42_DIA_8.raw	v1.1.0	NT=ms-proteomics;VV=v1.1.0	NT=sdrf-skeleton-gen;VV=v1.0.0	ventral hippocampus
sample_17	Mus musculus	not available	not available	1	not available	20170214_45_DIA_17	proteomic profiling by mass spectrometry	Data-independent acquisition	NT=label free sample;AC=MS:1002038	NT=Q Exactive;AC=MS:1001911	NT=Trypsin;AC=MS:1001251	1	1	20170214_45_DIA_17.raw	v1.1.0	NT=ms-proteomics;VV=v1.1.0	NT=sdrf-skeleton-gen;VV=v1.0.0	not available
sample_16	Mus musculus	dorsal hippocampus	not available	2	control	20170214_46_DIA_16	proteomic profiling by mass spectrometry	Data-independent acquisition	NT=label free sample;AC=MS:1002038	NT=Q Exactive;AC=MS:1001911	NT=Trypsin;AC=MS:1001251	2	1	20170214_46_DIA_16.raw	v1.1.0	NT=ms-proteomics;VV=v1.1.0	NT=sdrf-skeleton-gen;VV=v1.0.0	dorsal hippocampus
sample_22	Mus musculus	dorsal hippocampus	not available	7	swim stress	20170214_48_DIA_22	proteomic profiling by mass spectrometry	Data-independent acquisition	NT=label free sample;AC=MS:1002038	NT=Q Exactive;AC=MS:1001911	NT=Trypsin;AC=MS:1001251	1	1	20170214_48_DIA_22.raw	v1.1.0	NT=ms-proteomics;VV=v1.1.0	NT=sdrf-skeleton-gen;VV=v1.0.0	dorsal hippocampus
sample_23	Mus musculus	dorsal hippocampus	not available	8	swim stress	20170214_49_DIA_23	proteomic profiling by mass spectrometry	Data-independent acquisition	NT=label free sample;AC=MS:1002038	NT=Q Exactive;AC=MS:1001911	NT=Trypsin;AC=MS:1001251	1	1	20170214_49_DIA_23.raw	v1.1.0	NT=ms-proteomics;VV=v1.1.0	NT=sdrf-skeleton-gen;VV=v1.0.0	dorsal hippocampus
sample_6	Mus musculus	ventral hippocampus	not available	12	swim stress	20170214_52_DIA_6	proteomic profiling by mass spectrometry	Data-independent acquisition	NT=label free sample;AC=MS:1002038	NT=Q Exactive;AC=MS:1001911	NT=Trypsin;AC=MS:1001251	1	1	20170214_52_DIA_6.raw	v1.1.0	NT=ms-proteomics;VV=v1.1.0	NT=sdrf-skeleton-gen;VV=v1.0.0	ventral hippocampus
sample_25	Mus musculus	dorsal hippocampus	not available	9	control	20170214_53_DIA_25	proteomic profiling by mass spectrometry	Data-independent acquisition	NT=label free sample;AC=MS:1002038	NT=Q Exactive;AC=MS:1001911	NT=Trypsin;AC=MS:1001251	1	1	20170214_53_DIA_25.raw	v1.1.0	NT=ms-proteomics;VV=v1.1.0	NT=sdrf-skeleton-gen;VV=v1.0.0	dorsal hippocampus
sample_24	Mus musculus	dorsal hippocampus	not available	10	control	20170214_55_DIA_24	proteomic profiling by mass spectrometry	Data-independent acquisition	NT=label free sample;AC=MS:1002038	NT=Q Exactive;AC=MS:1001911	NT=Trypsin;AC=MS:1001251	1	1	20170214_55_DIA_24.raw	v1.1.0	NT=ms-proteomics;VV=v1.1.0	NT=sdrf-skeleton-gen;VV=v1.0.0	dorsal hippocampus
sample_14	Mus musculus	dorsal hippocampus	not available	11	swim stress	20170214_56_DIA_14	proteomic profiling by mass spectrometry	Data-independent acquisition	NT=label free sample;AC=MS:1002038	NT=Q Exactive;AC=MS:1001911	NT=Trypsin;AC=MS:1001251	1	1	20170214_56_DIA_14.raw	v1.1.0	NT=ms-proteomics;VV=v1.1.0	NT=sdrf-skeleton-gen;VV=v1.0.0	dorsal hippocampus
sample_20	Mus musculus	dorsal hippocampus	not available	12	control	20170214_59_DIA_20	proteomic profiling by mass spectrometry	Data-independent acquisition	NT=label free sample;AC=MS:1002038	NT=Q Exactive;AC=MS:1001911	NT=Trypsin;AC=MS:1001251	1	1	20170214_59_DIA_20.raw	v1.1.0	NT=ms-proteomics;VV=v1.1.0	NT=sdrf-skeleton-gen;VV=v1.0.0	dorsal hippocampus
