source name	characteristics[organism]	characteristics[organism part]	characteristics[cell type]	characteristics[disease]	characteristics[biological replicate]	characteristics[material type]	characteristics[sample type]	characteristics[enrichment process]	characteristics[crosslink distance]	characteristics[crosslinking reaction time]	characteristics[crosslinking temperature]	assay name	technology type	comment[data file]	comment[technical replicate]	comment[fraction identifier]	comment[label]	comment[instrument]	comment[proteomics data acquisition method]	comment[cleavage agent details]	comment[cleavage agent details]	comment[modification parameters]	comment[modification parameters]	comment[dissociation method]	comment[collision energy]	comment[precursor mass tolerance]	comment[fragment mass tolerance]	comment[fractionation method]	comment[chemical cross-linking coupled with ms]	comment[cross-linker]	comment[crosslink enrichment method]	comment[crosslinker concentration]	comment[quenching reagent]	comment[reduction reagent]	comment[alkylation reagent]	comment[sdrf version]	comment[sdrf template]	comment[sdrf template]	comment[sdrf template]
PXD023072-sample	mus musculus	not applicable	not applicable	not applicable	1	synthetic	reference	not available	20 Å	not available	not available	20190316_L1_Ag6_Klyko001_SA_NOTCH_PhoX_MT1	proteomic profiling by mass spectrometry	20190316_L1_Ag6_Klyko001_SA_NOTCH_PhoX_MT1.raw	1	1	AC=MS:1002038;NT=label free sample	NT=Orbitrap Fusion Lumos;AC=MS:1002732	NT=Data-dependent acquisition;AC=PRIDE:0000449	NT=Trypsin;AC=MS:1001251	NT=Lys-C;AC=MS:1001309	NT=Carbamidomethyl;AC=UNIMOD:4;TA=C;MT=Fixed	NT=Oxidation;AC=UNIMOD:35;TA=M;MT=Variable	NT=HCD;AC=PRIDE:0000590	not available	not available	not available	not available	chemical cross-linking coupled with mass spectrometry proteomics	NT=PhoX;AC=XLMOD:02131;CL=yes;TA=K,S,T,Y,nterm	not available	not available	not available	not available	not available	v1.1.0	NT=ms-proteomics;VV=v1.1.0	NT=crosslinking;VV=v1.0.0	NT=vertebrates;VV=v1.1.0
PXD023072-sample	mus musculus	not applicable	not applicable	not applicable	1	synthetic	reference	not available	20 Å	not available	not available	20190316_L1_Ag6_Klyko001_SA_NOTCH_PhoX_MT1_CSMs.pdf	proteomic profiling by mass spectrometry	20190316_L1_Ag6_Klyko001_SA_NOTCH_PhoX_MT1_CSMs.pdf	1	2	AC=MS:1002038;NT=label free sample	NT=Orbitrap Fusion Lumos;AC=MS:1002732	NT=Data-dependent acquisition;AC=PRIDE:0000449	NT=Trypsin;AC=MS:1001251	NT=Lys-C;AC=MS:1001309	NT=Carbamidomethyl;AC=UNIMOD:4;TA=C;MT=Fixed	NT=Oxidation;AC=UNIMOD:35;TA=M;MT=Variable	NT=HCD;AC=PRIDE:0000590	not available	not available	not available	not available	chemical cross-linking coupled with mass spectrometry proteomics	NT=PhoX;AC=XLMOD:02131;CL=yes;TA=K,S,T,Y,nterm	not available	not available	not available	not available	not available	v1.1.0	NT=ms-proteomics;VV=v1.1.0	NT=crosslinking;VV=v1.0.0	NT=vertebrates;VV=v1.1.0
PXD023072-sample	mus musculus	not applicable	not applicable	not applicable	1	synthetic	reference	not available	20 Å	not available	not available	20190316_L1_Ag6_Klyko001_SA_NOTCH_PhoX_MT1_CSMs.txt	proteomic profiling by mass spectrometry	20190316_L1_Ag6_Klyko001_SA_NOTCH_PhoX_MT1_CSMs.txt	1	3	AC=MS:1002038;NT=label free sample	NT=Orbitrap Fusion Lumos;AC=MS:1002732	NT=Data-dependent acquisition;AC=PRIDE:0000449	NT=Trypsin;AC=MS:1001251	NT=Lys-C;AC=MS:1001309	NT=Carbamidomethyl;AC=UNIMOD:4;TA=C;MT=Fixed	NT=Oxidation;AC=UNIMOD:35;TA=M;MT=Variable	NT=HCD;AC=PRIDE:0000590	not available	not available	not available	not available	chemical cross-linking coupled with mass spectrometry proteomics	NT=PhoX;AC=XLMOD:02131;CL=yes;TA=K,S,T,Y,nterm	not available	not available	not available	not available	not available	v1.1.0	NT=ms-proteomics;VV=v1.1.0	NT=crosslinking;VV=v1.0.0	NT=vertebrates;VV=v1.1.0
PXD023072-sample	mus musculus	not applicable	not applicable	not applicable	1	synthetic	reference	not available	20 Å	not available	not available	20190316_L1_Ag6_Klyko001_SA_NOTCH_PhoX_MT1_Crosslinks.txt	proteomic profiling by mass spectrometry	20190316_L1_Ag6_Klyko001_SA_NOTCH_PhoX_MT1_Crosslinks.txt	1	4	AC=MS:1002038;NT=label free sample	NT=Orbitrap Fusion Lumos;AC=MS:1002732	NT=Data-dependent acquisition;AC=PRIDE:0000449	NT=Trypsin;AC=MS:1001251	NT=Lys-C;AC=MS:1001309	NT=Carbamidomethyl;AC=UNIMOD:4;TA=C;MT=Fixed	NT=Oxidation;AC=UNIMOD:35;TA=M;MT=Variable	NT=HCD;AC=PRIDE:0000590	not available	not available	not available	not available	chemical cross-linking coupled with mass spectrometry proteomics	NT=PhoX;AC=XLMOD:02131;CL=yes;TA=K,S,T,Y,nterm	not available	not available	not available	not available	not available	v1.1.0	NT=ms-proteomics;VV=v1.1.0	NT=crosslinking;VV=v1.0.0	NT=vertebrates;VV=v1.1.0
PXD023072-sample	mus musculus	not applicable	not applicable	not applicable	1	synthetic	reference	not available	20 Å	not available	not available	20190316_L1_Ag6_Klyko001_SA_NOTCH_PhoX_MT2	proteomic profiling by mass spectrometry	20190316_L1_Ag6_Klyko001_SA_NOTCH_PhoX_MT2.raw	1	5	AC=MS:1002038;NT=label free sample	NT=Orbitrap Fusion Lumos;AC=MS:1002732	NT=Data-dependent acquisition;AC=PRIDE:0000449	NT=Trypsin;AC=MS:1001251	NT=Lys-C;AC=MS:1001309	NT=Carbamidomethyl;AC=UNIMOD:4;TA=C;MT=Fixed	NT=Oxidation;AC=UNIMOD:35;TA=M;MT=Variable	NT=HCD;AC=PRIDE:0000590	not available	not available	not available	not available	chemical cross-linking coupled with mass spectrometry proteomics	NT=PhoX;AC=XLMOD:02131;CL=yes;TA=K,S,T,Y,nterm	not available	not available	not available	not available	not available	v1.1.0	NT=ms-proteomics;VV=v1.1.0	NT=crosslinking;VV=v1.0.0	NT=vertebrates;VV=v1.1.0
PXD023072-sample	mus musculus	not applicable	not applicable	not applicable	1	synthetic	reference	not available	20 Å	not available	not available	20190316_L1_Ag6_Klyko001_SA_NOTCH_PhoX_MT2_CSMs.pdf	proteomic profiling by mass spectrometry	20190316_L1_Ag6_Klyko001_SA_NOTCH_PhoX_MT2_CSMs.pdf	1	6	AC=MS:1002038;NT=label free sample	NT=Orbitrap Fusion Lumos;AC=MS:1002732	NT=Data-dependent acquisition;AC=PRIDE:0000449	NT=Trypsin;AC=MS:1001251	NT=Lys-C;AC=MS:1001309	NT=Carbamidomethyl;AC=UNIMOD:4;TA=C;MT=Fixed	NT=Oxidation;AC=UNIMOD:35;TA=M;MT=Variable	NT=HCD;AC=PRIDE:0000590	not available	not available	not available	not available	chemical cross-linking coupled with mass spectrometry proteomics	NT=PhoX;AC=XLMOD:02131;CL=yes;TA=K,S,T,Y,nterm	not available	not available	not available	not available	not available	v1.1.0	NT=ms-proteomics;VV=v1.1.0	NT=crosslinking;VV=v1.0.0	NT=vertebrates;VV=v1.1.0
PXD023072-sample	mus musculus	not applicable	not applicable	not applicable	1	synthetic	reference	not available	20 Å	not available	not available	20190316_L1_Ag6_Klyko001_SA_NOTCH_PhoX_MT2_CSMs.txt	proteomic profiling by mass spectrometry	20190316_L1_Ag6_Klyko001_SA_NOTCH_PhoX_MT2_CSMs.txt	1	7	AC=MS:1002038;NT=label free sample	NT=Orbitrap Fusion Lumos;AC=MS:1002732	NT=Data-dependent acquisition;AC=PRIDE:0000449	NT=Trypsin;AC=MS:1001251	NT=Lys-C;AC=MS:1001309	NT=Carbamidomethyl;AC=UNIMOD:4;TA=C;MT=Fixed	NT=Oxidation;AC=UNIMOD:35;TA=M;MT=Variable	NT=HCD;AC=PRIDE:0000590	not available	not available	not available	not available	chemical cross-linking coupled with mass spectrometry proteomics	NT=PhoX;AC=XLMOD:02131;CL=yes;TA=K,S,T,Y,nterm	not available	not available	not available	not available	not available	v1.1.0	NT=ms-proteomics;VV=v1.1.0	NT=crosslinking;VV=v1.0.0	NT=vertebrates;VV=v1.1.0
PXD023072-sample	mus musculus	not applicable	not applicable	not applicable	1	synthetic	reference	not available	20 Å	not available	not available	20190316_L1_Ag6_Klyko001_SA_NOTCH_PhoX_MT2_Crosslinks.txt	proteomic profiling by mass spectrometry	20190316_L1_Ag6_Klyko001_SA_NOTCH_PhoX_MT2_Crosslinks.txt	1	8	AC=MS:1002038;NT=label free sample	NT=Orbitrap Fusion Lumos;AC=MS:1002732	NT=Data-dependent acquisition;AC=PRIDE:0000449	NT=Trypsin;AC=MS:1001251	NT=Lys-C;AC=MS:1001309	NT=Carbamidomethyl;AC=UNIMOD:4;TA=C;MT=Fixed	NT=Oxidation;AC=UNIMOD:35;TA=M;MT=Variable	NT=HCD;AC=PRIDE:0000590	not available	not available	not available	not available	chemical cross-linking coupled with mass spectrometry proteomics	NT=PhoX;AC=XLMOD:02131;CL=yes;TA=K,S,T,Y,nterm	not available	not available	not available	not available	not available	v1.1.0	NT=ms-proteomics;VV=v1.1.0	NT=crosslinking;VV=v1.0.0	NT=vertebrates;VV=v1.1.0
PXD023072-sample	mus musculus	not applicable	not applicable	not applicable	1	synthetic	reference	not available	20 Å	not available	not available	20190316_L1_Ag6_Klyko001_SA_NOTCH_PhoX_MT3	proteomic profiling by mass spectrometry	20190316_L1_Ag6_Klyko001_SA_NOTCH_PhoX_MT3.raw	1	9	AC=MS:1002038;NT=label free sample	NT=Orbitrap Fusion Lumos;AC=MS:1002732	NT=Data-dependent acquisition;AC=PRIDE:0000449	NT=Trypsin;AC=MS:1001251	NT=Lys-C;AC=MS:1001309	NT=Carbamidomethyl;AC=UNIMOD:4;TA=C;MT=Fixed	NT=Oxidation;AC=UNIMOD:35;TA=M;MT=Variable	NT=HCD;AC=PRIDE:0000590	not available	not available	not available	not available	chemical cross-linking coupled with mass spectrometry proteomics	NT=PhoX;AC=XLMOD:02131;CL=yes;TA=K,S,T,Y,nterm	not available	not available	not available	not available	not available	v1.1.0	NT=ms-proteomics;VV=v1.1.0	NT=crosslinking;VV=v1.0.0	NT=vertebrates;VV=v1.1.0
PXD023072-sample	mus musculus	not applicable	not applicable	not applicable	1	synthetic	reference	not available	20 Å	not available	not available	20190316_L1_Ag6_Klyko001_SA_NOTCH_PhoX_MT3_CSMs.pdf	proteomic profiling by mass spectrometry	20190316_L1_Ag6_Klyko001_SA_NOTCH_PhoX_MT3_CSMs.pdf	1	10	AC=MS:1002038;NT=label free sample	NT=Orbitrap Fusion Lumos;AC=MS:1002732	NT=Data-dependent acquisition;AC=PRIDE:0000449	NT=Trypsin;AC=MS:1001251	NT=Lys-C;AC=MS:1001309	NT=Carbamidomethyl;AC=UNIMOD:4;TA=C;MT=Fixed	NT=Oxidation;AC=UNIMOD:35;TA=M;MT=Variable	NT=HCD;AC=PRIDE:0000590	not available	not available	not available	not available	chemical cross-linking coupled with mass spectrometry proteomics	NT=PhoX;AC=XLMOD:02131;CL=yes;TA=K,S,T,Y,nterm	not available	not available	not available	not available	not available	v1.1.0	NT=ms-proteomics;VV=v1.1.0	NT=crosslinking;VV=v1.0.0	NT=vertebrates;VV=v1.1.0
PXD023072-sample	mus musculus	not applicable	not applicable	not applicable	1	synthetic	reference	not available	20 Å	not available	not available	20190316_L1_Ag6_Klyko001_SA_NOTCH_PhoX_MT3_CSMs.txt	proteomic profiling by mass spectrometry	20190316_L1_Ag6_Klyko001_SA_NOTCH_PhoX_MT3_CSMs.txt	1	11	AC=MS:1002038;NT=label free sample	NT=Orbitrap Fusion Lumos;AC=MS:1002732	NT=Data-dependent acquisition;AC=PRIDE:0000449	NT=Trypsin;AC=MS:1001251	NT=Lys-C;AC=MS:1001309	NT=Carbamidomethyl;AC=UNIMOD:4;TA=C;MT=Fixed	NT=Oxidation;AC=UNIMOD:35;TA=M;MT=Variable	NT=HCD;AC=PRIDE:0000590	not available	not available	not available	not available	chemical cross-linking coupled with mass spectrometry proteomics	NT=PhoX;AC=XLMOD:02131;CL=yes;TA=K,S,T,Y,nterm	not available	not available	not available	not available	not available	v1.1.0	NT=ms-proteomics;VV=v1.1.0	NT=crosslinking;VV=v1.0.0	NT=vertebrates;VV=v1.1.0
PXD023072-sample	mus musculus	not applicable	not applicable	not applicable	1	synthetic	reference	not available	20 Å	not available	not available	20190316_L1_Ag6_Klyko001_SA_NOTCH_PhoX_MT3_Crosslinks.txt	proteomic profiling by mass spectrometry	20190316_L1_Ag6_Klyko001_SA_NOTCH_PhoX_MT3_Crosslinks.txt	1	12	AC=MS:1002038;NT=label free sample	NT=Orbitrap Fusion Lumos;AC=MS:1002732	NT=Data-dependent acquisition;AC=PRIDE:0000449	NT=Trypsin;AC=MS:1001251	NT=Lys-C;AC=MS:1001309	NT=Carbamidomethyl;AC=UNIMOD:4;TA=C;MT=Fixed	NT=Oxidation;AC=UNIMOD:35;TA=M;MT=Variable	NT=HCD;AC=PRIDE:0000590	not available	not available	not available	not available	chemical cross-linking coupled with mass spectrometry proteomics	NT=PhoX;AC=XLMOD:02131;CL=yes;TA=K,S,T,Y,nterm	not available	not available	not available	not available	not available	v1.1.0	NT=ms-proteomics;VV=v1.1.0	NT=crosslinking;VV=v1.0.0	NT=vertebrates;VV=v1.1.0
PXD023072-sample	mus musculus	not applicable	not applicable	not applicable	1	synthetic	reference	not available	20 Å	not available	not available	20190316_L1_Ag6_Klyko001_SA_NOTCH_PhoX_MT_Asn-_AspSites.txt	proteomic profiling by mass spectrometry	20190316_L1_Ag6_Klyko001_SA_NOTCH_PhoX_MT_Asn-_AspSites.txt	1	13	AC=MS:1002038;NT=label free sample	NT=Orbitrap Fusion Lumos;AC=MS:1002732	NT=Data-dependent acquisition;AC=PRIDE:0000449	NT=Trypsin;AC=MS:1001251	NT=Lys-C;AC=MS:1001309	NT=Carbamidomethyl;AC=UNIMOD:4;TA=C;MT=Fixed	NT=Oxidation;AC=UNIMOD:35;TA=M;MT=Variable	NT=HCD;AC=PRIDE:0000590	not available	not available	not available	not available	chemical cross-linking coupled with mass spectrometry proteomics	NT=PhoX;AC=XLMOD:02131;CL=yes;TA=K,S,T,Y,nterm	not available	not available	not available	not available	not available	v1.1.0	NT=ms-proteomics;VV=v1.1.0	NT=crosslinking;VV=v1.0.0	NT=vertebrates;VV=v1.1.0
PXD023072-sample	mus musculus	not applicable	not applicable	not applicable	1	synthetic	reference	not available	20 Å	not available	not available	20190316_L1_Ag6_Klyko001_SA_NOTCH_PhoX_MT_PhoXH2OSites.txt	proteomic profiling by mass spectrometry	20190316_L1_Ag6_Klyko001_SA_NOTCH_PhoX_MT_PhoXH2OSites.txt	1	14	AC=MS:1002038;NT=label free sample	NT=Orbitrap Fusion Lumos;AC=MS:1002732	NT=Data-dependent acquisition;AC=PRIDE:0000449	NT=Trypsin;AC=MS:1001251	NT=Lys-C;AC=MS:1001309	NT=Carbamidomethyl;AC=UNIMOD:4;TA=C;MT=Fixed	NT=Oxidation;AC=UNIMOD:35;TA=M;MT=Variable	NT=HCD;AC=PRIDE:0000590	not available	not available	not available	not available	chemical cross-linking coupled with mass spectrometry proteomics	NT=PhoX;AC=XLMOD:02131;CL=yes;TA=K,S,T,Y,nterm	not available	not available	not available	not available	not available	v1.1.0	NT=ms-proteomics;VV=v1.1.0	NT=crosslinking;VV=v1.0.0	NT=vertebrates;VV=v1.1.0
PXD023072-sample	mus musculus	not applicable	not applicable	not applicable	1	synthetic	reference	not available	20 Å	not available	not available	20190316_L1_Ag6_Klyko001_SA_NOTCH_PhoX_MT_PhoXTrisSites.txt	proteomic profiling by mass spectrometry	20190316_L1_Ag6_Klyko001_SA_NOTCH_PhoX_MT_PhoXTrisSites.txt	1	15	AC=MS:1002038;NT=label free sample	NT=Orbitrap Fusion Lumos;AC=MS:1002732	NT=Data-dependent acquisition;AC=PRIDE:0000449	NT=Trypsin;AC=MS:1001251	NT=Lys-C;AC=MS:1001309	NT=Carbamidomethyl;AC=UNIMOD:4;TA=C;MT=Fixed	NT=Oxidation;AC=UNIMOD:35;TA=M;MT=Variable	NT=HCD;AC=PRIDE:0000590	not available	not available	not available	not available	chemical cross-linking coupled with mass spectrometry proteomics	NT=PhoX;AC=XLMOD:02131;CL=yes;TA=K,S,T,Y,nterm	not available	not available	not available	not available	not available	v1.1.0	NT=ms-proteomics;VV=v1.1.0	NT=crosslinking;VV=v1.0.0	NT=vertebrates;VV=v1.1.0
PXD023072-sample	mus musculus	not applicable	not applicable	not applicable	1	synthetic	reference	not available	20 Å	not available	not available	20190316_L1_Ag6_Klyko001_SA_NOTCH_PhoX_MT_evidence.pdf	proteomic profiling by mass spectrometry	20190316_L1_Ag6_Klyko001_SA_NOTCH_PhoX_MT_evidence.pdf	1	16	AC=MS:1002038;NT=label free sample	NT=Orbitrap Fusion Lumos;AC=MS:1002732	NT=Data-dependent acquisition;AC=PRIDE:0000449	NT=Trypsin;AC=MS:1001251	NT=Lys-C;AC=MS:1001309	NT=Carbamidomethyl;AC=UNIMOD:4;TA=C;MT=Fixed	NT=Oxidation;AC=UNIMOD:35;TA=M;MT=Variable	NT=HCD;AC=PRIDE:0000590	not available	not available	not available	not available	chemical cross-linking coupled with mass spectrometry proteomics	NT=PhoX;AC=XLMOD:02131;CL=yes;TA=K,S,T,Y,nterm	not available	not available	not available	not available	not available	v1.1.0	NT=ms-proteomics;VV=v1.1.0	NT=crosslinking;VV=v1.0.0	NT=vertebrates;VV=v1.1.0
PXD023072-sample	mus musculus	not applicable	not applicable	not applicable	1	synthetic	reference	not available	20 Å	not available	not available	20190316_L1_Ag6_Klyko001_SA_NOTCH_PhoX_MT_evidence.txt	proteomic profiling by mass spectrometry	20190316_L1_Ag6_Klyko001_SA_NOTCH_PhoX_MT_evidence.txt	1	17	AC=MS:1002038;NT=label free sample	NT=Orbitrap Fusion Lumos;AC=MS:1002732	NT=Data-dependent acquisition;AC=PRIDE:0000449	NT=Trypsin;AC=MS:1001251	NT=Lys-C;AC=MS:1001309	NT=Carbamidomethyl;AC=UNIMOD:4;TA=C;MT=Fixed	NT=Oxidation;AC=UNIMOD:35;TA=M;MT=Variable	NT=HCD;AC=PRIDE:0000590	not available	not available	not available	not available	chemical cross-linking coupled with mass spectrometry proteomics	NT=PhoX;AC=XLMOD:02131;CL=yes;TA=K,S,T,Y,nterm	not available	not available	not available	not available	not available	v1.1.0	NT=ms-proteomics;VV=v1.1.0	NT=crosslinking;VV=v1.0.0	NT=vertebrates;VV=v1.1.0
PXD023072-sample	mus musculus	not applicable	not applicable	not applicable	1	synthetic	reference	not available	20 Å	not available	not available	20190316_L1_Ag6_Klyko001_SA_NOTCH_PhoX_MT_peptides.txt	proteomic profiling by mass spectrometry	20190316_L1_Ag6_Klyko001_SA_NOTCH_PhoX_MT_peptides.txt	1	18	AC=MS:1002038;NT=label free sample	NT=Orbitrap Fusion Lumos;AC=MS:1002732	NT=Data-dependent acquisition;AC=PRIDE:0000449	NT=Trypsin;AC=MS:1001251	NT=Lys-C;AC=MS:1001309	NT=Carbamidomethyl;AC=UNIMOD:4;TA=C;MT=Fixed	NT=Oxidation;AC=UNIMOD:35;TA=M;MT=Variable	NT=HCD;AC=PRIDE:0000590	not available	not available	not available	not available	chemical cross-linking coupled with mass spectrometry proteomics	NT=PhoX;AC=XLMOD:02131;CL=yes;TA=K,S,T,Y,nterm	not available	not available	not available	not available	not available	v1.1.0	NT=ms-proteomics;VV=v1.1.0	NT=crosslinking;VV=v1.0.0	NT=vertebrates;VV=v1.1.0
PXD023072-sample	mus musculus	not applicable	not applicable	not applicable	1	synthetic	reference	not available	20 Å	not available	not available	20190316_L1_Ag6_Klyko001_SA_NOTCH_PhoX_WT1	proteomic profiling by mass spectrometry	20190316_L1_Ag6_Klyko001_SA_NOTCH_PhoX_WT1.raw	1	19	AC=MS:1002038;NT=label free sample	NT=Orbitrap Fusion Lumos;AC=MS:1002732	NT=Data-dependent acquisition;AC=PRIDE:0000449	NT=Trypsin;AC=MS:1001251	NT=Lys-C;AC=MS:1001309	NT=Carbamidomethyl;AC=UNIMOD:4;TA=C;MT=Fixed	NT=Oxidation;AC=UNIMOD:35;TA=M;MT=Variable	NT=HCD;AC=PRIDE:0000590	not available	not available	not available	not available	chemical cross-linking coupled with mass spectrometry proteomics	NT=PhoX;AC=XLMOD:02131;CL=yes;TA=K,S,T,Y,nterm	not available	not available	not available	not available	not available	v1.1.0	NT=ms-proteomics;VV=v1.1.0	NT=crosslinking;VV=v1.0.0	NT=vertebrates;VV=v1.1.0
PXD023072-sample	mus musculus	not applicable	not applicable	not applicable	1	synthetic	reference	not available	20 Å	not available	not available	20190316_L1_Ag6_Klyko001_SA_NOTCH_PhoX_WT1_CSMs.pdf	proteomic profiling by mass spectrometry	20190316_L1_Ag6_Klyko001_SA_NOTCH_PhoX_WT1_CSMs.pdf	1	20	AC=MS:1002038;NT=label free sample	NT=Orbitrap Fusion Lumos;AC=MS:1002732	NT=Data-dependent acquisition;AC=PRIDE:0000449	NT=Trypsin;AC=MS:1001251	NT=Lys-C;AC=MS:1001309	NT=Carbamidomethyl;AC=UNIMOD:4;TA=C;MT=Fixed	NT=Oxidation;AC=UNIMOD:35;TA=M;MT=Variable	NT=HCD;AC=PRIDE:0000590	not available	not available	not available	not available	chemical cross-linking coupled with mass spectrometry proteomics	NT=PhoX;AC=XLMOD:02131;CL=yes;TA=K,S,T,Y,nterm	not available	not available	not available	not available	not available	v1.1.0	NT=ms-proteomics;VV=v1.1.0	NT=crosslinking;VV=v1.0.0	NT=vertebrates;VV=v1.1.0
PXD023072-sample	mus musculus	not applicable	not applicable	not applicable	1	synthetic	reference	not available	20 Å	not available	not available	20190316_L1_Ag6_Klyko001_SA_NOTCH_PhoX_WT1_CSMs.txt	proteomic profiling by mass spectrometry	20190316_L1_Ag6_Klyko001_SA_NOTCH_PhoX_WT1_CSMs.txt	1	21	AC=MS:1002038;NT=label free sample	NT=Orbitrap Fusion Lumos;AC=MS:1002732	NT=Data-dependent acquisition;AC=PRIDE:0000449	NT=Trypsin;AC=MS:1001251	NT=Lys-C;AC=MS:1001309	NT=Carbamidomethyl;AC=UNIMOD:4;TA=C;MT=Fixed	NT=Oxidation;AC=UNIMOD:35;TA=M;MT=Variable	NT=HCD;AC=PRIDE:0000590	not available	not available	not available	not available	chemical cross-linking coupled with mass spectrometry proteomics	NT=PhoX;AC=XLMOD:02131;CL=yes;TA=K,S,T,Y,nterm	not available	not available	not available	not available	not available	v1.1.0	NT=ms-proteomics;VV=v1.1.0	NT=crosslinking;VV=v1.0.0	NT=vertebrates;VV=v1.1.0
PXD023072-sample	mus musculus	not applicable	not applicable	not applicable	1	synthetic	reference	not available	20 Å	not available	not available	20190316_L1_Ag6_Klyko001_SA_NOTCH_PhoX_WT1_Crosslinks.txt	proteomic profiling by mass spectrometry	20190316_L1_Ag6_Klyko001_SA_NOTCH_PhoX_WT1_Crosslinks.txt	1	22	AC=MS:1002038;NT=label free sample	NT=Orbitrap Fusion Lumos;AC=MS:1002732	NT=Data-dependent acquisition;AC=PRIDE:0000449	NT=Trypsin;AC=MS:1001251	NT=Lys-C;AC=MS:1001309	NT=Carbamidomethyl;AC=UNIMOD:4;TA=C;MT=Fixed	NT=Oxidation;AC=UNIMOD:35;TA=M;MT=Variable	NT=HCD;AC=PRIDE:0000590	not available	not available	not available	not available	chemical cross-linking coupled with mass spectrometry proteomics	NT=PhoX;AC=XLMOD:02131;CL=yes;TA=K,S,T,Y,nterm	not available	not available	not available	not available	not available	v1.1.0	NT=ms-proteomics;VV=v1.1.0	NT=crosslinking;VV=v1.0.0	NT=vertebrates;VV=v1.1.0
PXD023072-sample	mus musculus	not applicable	not applicable	not applicable	1	synthetic	reference	not available	20 Å	not available	not available	20190316_L1_Ag6_Klyko001_SA_NOTCH_PhoX_WT2	proteomic profiling by mass spectrometry	20190316_L1_Ag6_Klyko001_SA_NOTCH_PhoX_WT2.raw	1	23	AC=MS:1002038;NT=label free sample	NT=Orbitrap Fusion Lumos;AC=MS:1002732	NT=Data-dependent acquisition;AC=PRIDE:0000449	NT=Trypsin;AC=MS:1001251	NT=Lys-C;AC=MS:1001309	NT=Carbamidomethyl;AC=UNIMOD:4;TA=C;MT=Fixed	NT=Oxidation;AC=UNIMOD:35;TA=M;MT=Variable	NT=HCD;AC=PRIDE:0000590	not available	not available	not available	not available	chemical cross-linking coupled with mass spectrometry proteomics	NT=PhoX;AC=XLMOD:02131;CL=yes;TA=K,S,T,Y,nterm	not available	not available	not available	not available	not available	v1.1.0	NT=ms-proteomics;VV=v1.1.0	NT=crosslinking;VV=v1.0.0	NT=vertebrates;VV=v1.1.0
PXD023072-sample	mus musculus	not applicable	not applicable	not applicable	1	synthetic	reference	not available	20 Å	not available	not available	20190316_L1_Ag6_Klyko001_SA_NOTCH_PhoX_WT2_CSMs.pdf	proteomic profiling by mass spectrometry	20190316_L1_Ag6_Klyko001_SA_NOTCH_PhoX_WT2_CSMs.pdf	1	24	AC=MS:1002038;NT=label free sample	NT=Orbitrap Fusion Lumos;AC=MS:1002732	NT=Data-dependent acquisition;AC=PRIDE:0000449	NT=Trypsin;AC=MS:1001251	NT=Lys-C;AC=MS:1001309	NT=Carbamidomethyl;AC=UNIMOD:4;TA=C;MT=Fixed	NT=Oxidation;AC=UNIMOD:35;TA=M;MT=Variable	NT=HCD;AC=PRIDE:0000590	not available	not available	not available	not available	chemical cross-linking coupled with mass spectrometry proteomics	NT=PhoX;AC=XLMOD:02131;CL=yes;TA=K,S,T,Y,nterm	not available	not available	not available	not available	not available	v1.1.0	NT=ms-proteomics;VV=v1.1.0	NT=crosslinking;VV=v1.0.0	NT=vertebrates;VV=v1.1.0
PXD023072-sample	mus musculus	not applicable	not applicable	not applicable	1	synthetic	reference	not available	20 Å	not available	not available	20190316_L1_Ag6_Klyko001_SA_NOTCH_PhoX_WT2_CSMs.txt	proteomic profiling by mass spectrometry	20190316_L1_Ag6_Klyko001_SA_NOTCH_PhoX_WT2_CSMs.txt	1	25	AC=MS:1002038;NT=label free sample	NT=Orbitrap Fusion Lumos;AC=MS:1002732	NT=Data-dependent acquisition;AC=PRIDE:0000449	NT=Trypsin;AC=MS:1001251	NT=Lys-C;AC=MS:1001309	NT=Carbamidomethyl;AC=UNIMOD:4;TA=C;MT=Fixed	NT=Oxidation;AC=UNIMOD:35;TA=M;MT=Variable	NT=HCD;AC=PRIDE:0000590	not available	not available	not available	not available	chemical cross-linking coupled with mass spectrometry proteomics	NT=PhoX;AC=XLMOD:02131;CL=yes;TA=K,S,T,Y,nterm	not available	not available	not available	not available	not available	v1.1.0	NT=ms-proteomics;VV=v1.1.0	NT=crosslinking;VV=v1.0.0	NT=vertebrates;VV=v1.1.0
PXD023072-sample	mus musculus	not applicable	not applicable	not applicable	1	synthetic	reference	not available	20 Å	not available	not available	20190316_L1_Ag6_Klyko001_SA_NOTCH_PhoX_WT2_Crosslinks.txt	proteomic profiling by mass spectrometry	20190316_L1_Ag6_Klyko001_SA_NOTCH_PhoX_WT2_Crosslinks.txt	1	26	AC=MS:1002038;NT=label free sample	NT=Orbitrap Fusion Lumos;AC=MS:1002732	NT=Data-dependent acquisition;AC=PRIDE:0000449	NT=Trypsin;AC=MS:1001251	NT=Lys-C;AC=MS:1001309	NT=Carbamidomethyl;AC=UNIMOD:4;TA=C;MT=Fixed	NT=Oxidation;AC=UNIMOD:35;TA=M;MT=Variable	NT=HCD;AC=PRIDE:0000590	not available	not available	not available	not available	chemical cross-linking coupled with mass spectrometry proteomics	NT=PhoX;AC=XLMOD:02131;CL=yes;TA=K,S,T,Y,nterm	not available	not available	not available	not available	not available	v1.1.0	NT=ms-proteomics;VV=v1.1.0	NT=crosslinking;VV=v1.0.0	NT=vertebrates;VV=v1.1.0
PXD023072-sample	mus musculus	not applicable	not applicable	not applicable	1	synthetic	reference	not available	20 Å	not available	not available	20190316_L1_Ag6_Klyko001_SA_NOTCH_PhoX_WT3	proteomic profiling by mass spectrometry	20190316_L1_Ag6_Klyko001_SA_NOTCH_PhoX_WT3.raw	1	27	AC=MS:1002038;NT=label free sample	NT=Orbitrap Fusion Lumos;AC=MS:1002732	NT=Data-dependent acquisition;AC=PRIDE:0000449	NT=Trypsin;AC=MS:1001251	NT=Lys-C;AC=MS:1001309	NT=Carbamidomethyl;AC=UNIMOD:4;TA=C;MT=Fixed	NT=Oxidation;AC=UNIMOD:35;TA=M;MT=Variable	NT=HCD;AC=PRIDE:0000590	not available	not available	not available	not available	chemical cross-linking coupled with mass spectrometry proteomics	NT=PhoX;AC=XLMOD:02131;CL=yes;TA=K,S,T,Y,nterm	not available	not available	not available	not available	not available	v1.1.0	NT=ms-proteomics;VV=v1.1.0	NT=crosslinking;VV=v1.0.0	NT=vertebrates;VV=v1.1.0
PXD023072-sample	mus musculus	not applicable	not applicable	not applicable	1	synthetic	reference	not available	20 Å	not available	not available	20190316_L1_Ag6_Klyko001_SA_NOTCH_PhoX_WT3_CSMs.pdf	proteomic profiling by mass spectrometry	20190316_L1_Ag6_Klyko001_SA_NOTCH_PhoX_WT3_CSMs.pdf	1	28	AC=MS:1002038;NT=label free sample	NT=Orbitrap Fusion Lumos;AC=MS:1002732	NT=Data-dependent acquisition;AC=PRIDE:0000449	NT=Trypsin;AC=MS:1001251	NT=Lys-C;AC=MS:1001309	NT=Carbamidomethyl;AC=UNIMOD:4;TA=C;MT=Fixed	NT=Oxidation;AC=UNIMOD:35;TA=M;MT=Variable	NT=HCD;AC=PRIDE:0000590	not available	not available	not available	not available	chemical cross-linking coupled with mass spectrometry proteomics	NT=PhoX;AC=XLMOD:02131;CL=yes;TA=K,S,T,Y,nterm	not available	not available	not available	not available	not available	v1.1.0	NT=ms-proteomics;VV=v1.1.0	NT=crosslinking;VV=v1.0.0	NT=vertebrates;VV=v1.1.0
PXD023072-sample	mus musculus	not applicable	not applicable	not applicable	1	synthetic	reference	not available	20 Å	not available	not available	20190316_L1_Ag6_Klyko001_SA_NOTCH_PhoX_WT3_CSMs.txt	proteomic profiling by mass spectrometry	20190316_L1_Ag6_Klyko001_SA_NOTCH_PhoX_WT3_CSMs.txt	1	29	AC=MS:1002038;NT=label free sample	NT=Orbitrap Fusion Lumos;AC=MS:1002732	NT=Data-dependent acquisition;AC=PRIDE:0000449	NT=Trypsin;AC=MS:1001251	NT=Lys-C;AC=MS:1001309	NT=Carbamidomethyl;AC=UNIMOD:4;TA=C;MT=Fixed	NT=Oxidation;AC=UNIMOD:35;TA=M;MT=Variable	NT=HCD;AC=PRIDE:0000590	not available	not available	not available	not available	chemical cross-linking coupled with mass spectrometry proteomics	NT=PhoX;AC=XLMOD:02131;CL=yes;TA=K,S,T,Y,nterm	not available	not available	not available	not available	not available	v1.1.0	NT=ms-proteomics;VV=v1.1.0	NT=crosslinking;VV=v1.0.0	NT=vertebrates;VV=v1.1.0
PXD023072-sample	mus musculus	not applicable	not applicable	not applicable	1	synthetic	reference	not available	20 Å	not available	not available	20190316_L1_Ag6_Klyko001_SA_NOTCH_PhoX_WT3_Crosslinks.txt	proteomic profiling by mass spectrometry	20190316_L1_Ag6_Klyko001_SA_NOTCH_PhoX_WT3_Crosslinks.txt	1	30	AC=MS:1002038;NT=label free sample	NT=Orbitrap Fusion Lumos;AC=MS:1002732	NT=Data-dependent acquisition;AC=PRIDE:0000449	NT=Trypsin;AC=MS:1001251	NT=Lys-C;AC=MS:1001309	NT=Carbamidomethyl;AC=UNIMOD:4;TA=C;MT=Fixed	NT=Oxidation;AC=UNIMOD:35;TA=M;MT=Variable	NT=HCD;AC=PRIDE:0000590	not available	not available	not available	not available	chemical cross-linking coupled with mass spectrometry proteomics	NT=PhoX;AC=XLMOD:02131;CL=yes;TA=K,S,T,Y,nterm	not available	not available	not available	not available	not available	v1.1.0	NT=ms-proteomics;VV=v1.1.0	NT=crosslinking;VV=v1.0.0	NT=vertebrates;VV=v1.1.0
PXD023072-sample	mus musculus	not applicable	not applicable	not applicable	1	synthetic	reference	not available	20 Å	not available	not available	20190316_L1_Ag6_Klyko001_SA_NOTCH_PhoX_WT_Asn-_AspSites.txt	proteomic profiling by mass spectrometry	20190316_L1_Ag6_Klyko001_SA_NOTCH_PhoX_WT_Asn-_AspSites.txt	1	31	AC=MS:1002038;NT=label free sample	NT=Orbitrap Fusion Lumos;AC=MS:1002732	NT=Data-dependent acquisition;AC=PRIDE:0000449	NT=Trypsin;AC=MS:1001251	NT=Lys-C;AC=MS:1001309	NT=Carbamidomethyl;AC=UNIMOD:4;TA=C;MT=Fixed	NT=Oxidation;AC=UNIMOD:35;TA=M;MT=Variable	NT=HCD;AC=PRIDE:0000590	not available	not available	not available	not available	chemical cross-linking coupled with mass spectrometry proteomics	NT=PhoX;AC=XLMOD:02131;CL=yes;TA=K,S,T,Y,nterm	not available	not available	not available	not available	not available	v1.1.0	NT=ms-proteomics;VV=v1.1.0	NT=crosslinking;VV=v1.0.0	NT=vertebrates;VV=v1.1.0
PXD023072-sample	mus musculus	not applicable	not applicable	not applicable	1	synthetic	reference	not available	20 Å	not available	not available	20190316_L1_Ag6_Klyko001_SA_NOTCH_PhoX_WT_PhoXH2OSites.txt	proteomic profiling by mass spectrometry	20190316_L1_Ag6_Klyko001_SA_NOTCH_PhoX_WT_PhoXH2OSites.txt	1	32	AC=MS:1002038;NT=label free sample	NT=Orbitrap Fusion Lumos;AC=MS:1002732	NT=Data-dependent acquisition;AC=PRIDE:0000449	NT=Trypsin;AC=MS:1001251	NT=Lys-C;AC=MS:1001309	NT=Carbamidomethyl;AC=UNIMOD:4;TA=C;MT=Fixed	NT=Oxidation;AC=UNIMOD:35;TA=M;MT=Variable	NT=HCD;AC=PRIDE:0000590	not available	not available	not available	not available	chemical cross-linking coupled with mass spectrometry proteomics	NT=PhoX;AC=XLMOD:02131;CL=yes;TA=K,S,T,Y,nterm	not available	not available	not available	not available	not available	v1.1.0	NT=ms-proteomics;VV=v1.1.0	NT=crosslinking;VV=v1.0.0	NT=vertebrates;VV=v1.1.0
PXD023072-sample	mus musculus	not applicable	not applicable	not applicable	1	synthetic	reference	not available	20 Å	not available	not available	20190316_L1_Ag6_Klyko001_SA_NOTCH_PhoX_WT_PhoXTrisSites.txt	proteomic profiling by mass spectrometry	20190316_L1_Ag6_Klyko001_SA_NOTCH_PhoX_WT_PhoXTrisSites.txt	1	33	AC=MS:1002038;NT=label free sample	NT=Orbitrap Fusion Lumos;AC=MS:1002732	NT=Data-dependent acquisition;AC=PRIDE:0000449	NT=Trypsin;AC=MS:1001251	NT=Lys-C;AC=MS:1001309	NT=Carbamidomethyl;AC=UNIMOD:4;TA=C;MT=Fixed	NT=Oxidation;AC=UNIMOD:35;TA=M;MT=Variable	NT=HCD;AC=PRIDE:0000590	not available	not available	not available	not available	chemical cross-linking coupled with mass spectrometry proteomics	NT=PhoX;AC=XLMOD:02131;CL=yes;TA=K,S,T,Y,nterm	not available	not available	not available	not available	not available	v1.1.0	NT=ms-proteomics;VV=v1.1.0	NT=crosslinking;VV=v1.0.0	NT=vertebrates;VV=v1.1.0
PXD023072-sample	mus musculus	not applicable	not applicable	not applicable	1	synthetic	reference	not available	20 Å	not available	not available	20190316_L1_Ag6_Klyko001_SA_NOTCH_PhoX_WT_evidence.pdf	proteomic profiling by mass spectrometry	20190316_L1_Ag6_Klyko001_SA_NOTCH_PhoX_WT_evidence.pdf	1	34	AC=MS:1002038;NT=label free sample	NT=Orbitrap Fusion Lumos;AC=MS:1002732	NT=Data-dependent acquisition;AC=PRIDE:0000449	NT=Trypsin;AC=MS:1001251	NT=Lys-C;AC=MS:1001309	NT=Carbamidomethyl;AC=UNIMOD:4;TA=C;MT=Fixed	NT=Oxidation;AC=UNIMOD:35;TA=M;MT=Variable	NT=HCD;AC=PRIDE:0000590	not available	not available	not available	not available	chemical cross-linking coupled with mass spectrometry proteomics	NT=PhoX;AC=XLMOD:02131;CL=yes;TA=K,S,T,Y,nterm	not available	not available	not available	not available	not available	v1.1.0	NT=ms-proteomics;VV=v1.1.0	NT=crosslinking;VV=v1.0.0	NT=vertebrates;VV=v1.1.0
PXD023072-sample	mus musculus	not applicable	not applicable	not applicable	1	synthetic	reference	not available	20 Å	not available	not available	20190316_L1_Ag6_Klyko001_SA_NOTCH_PhoX_WT_evidence.txt	proteomic profiling by mass spectrometry	20190316_L1_Ag6_Klyko001_SA_NOTCH_PhoX_WT_evidence.txt	1	35	AC=MS:1002038;NT=label free sample	NT=Orbitrap Fusion Lumos;AC=MS:1002732	NT=Data-dependent acquisition;AC=PRIDE:0000449	NT=Trypsin;AC=MS:1001251	NT=Lys-C;AC=MS:1001309	NT=Carbamidomethyl;AC=UNIMOD:4;TA=C;MT=Fixed	NT=Oxidation;AC=UNIMOD:35;TA=M;MT=Variable	NT=HCD;AC=PRIDE:0000590	not available	not available	not available	not available	chemical cross-linking coupled with mass spectrometry proteomics	NT=PhoX;AC=XLMOD:02131;CL=yes;TA=K,S,T,Y,nterm	not available	not available	not available	not available	not available	v1.1.0	NT=ms-proteomics;VV=v1.1.0	NT=crosslinking;VV=v1.0.0	NT=vertebrates;VV=v1.1.0
PXD023072-sample	mus musculus	not applicable	not applicable	not applicable	1	synthetic	reference	not available	20 Å	not available	not available	20190316_L1_Ag6_Klyko001_SA_NOTCH_PhoX_WT_peptides.txt	proteomic profiling by mass spectrometry	20190316_L1_Ag6_Klyko001_SA_NOTCH_PhoX_WT_peptides.txt	1	36	AC=MS:1002038;NT=label free sample	NT=Orbitrap Fusion Lumos;AC=MS:1002732	NT=Data-dependent acquisition;AC=PRIDE:0000449	NT=Trypsin;AC=MS:1001251	NT=Lys-C;AC=MS:1001309	NT=Carbamidomethyl;AC=UNIMOD:4;TA=C;MT=Fixed	NT=Oxidation;AC=UNIMOD:35;TA=M;MT=Variable	NT=HCD;AC=PRIDE:0000590	not available	not available	not available	not available	chemical cross-linking coupled with mass spectrometry proteomics	NT=PhoX;AC=XLMOD:02131;CL=yes;TA=K,S,T,Y,nterm	not available	not available	not available	not available	not available	v1.1.0	NT=ms-proteomics;VV=v1.1.0	NT=crosslinking;VV=v1.0.0	NT=vertebrates;VV=v1.1.0
PXD023072-sample	mus musculus	not applicable	not applicable	not applicable	1	synthetic	reference	not available	20 Å	not available	not available	20190923_L1_Ag1_Klyko001_SA_JagNotch_PhoX_FT_MT1	proteomic profiling by mass spectrometry	20190923_L1_Ag1_Klyko001_SA_JagNotch_PhoX_FT_MT1.raw	1	37	AC=MS:1002038;NT=label free sample	NT=Orbitrap Fusion Lumos;AC=MS:1002732	NT=Data-dependent acquisition;AC=PRIDE:0000449	NT=Trypsin;AC=MS:1001251	NT=Lys-C;AC=MS:1001309	NT=Carbamidomethyl;AC=UNIMOD:4;TA=C;MT=Fixed	NT=Oxidation;AC=UNIMOD:35;TA=M;MT=Variable	NT=HCD;AC=PRIDE:0000590	not available	not available	not available	not available	chemical cross-linking coupled with mass spectrometry proteomics	NT=PhoX;AC=XLMOD:02131;CL=yes;TA=K,S,T,Y,nterm	not available	not available	not available	not available	not available	v1.1.0	NT=ms-proteomics;VV=v1.1.0	NT=crosslinking;VV=v1.0.0	NT=vertebrates;VV=v1.1.0
PXD023072-sample	mus musculus	not applicable	not applicable	not applicable	1	synthetic	reference	not available	20 Å	not available	not available	20190923_L1_Ag1_Klyko001_SA_JagNotch_PhoX_FT_MT2	proteomic profiling by mass spectrometry	20190923_L1_Ag1_Klyko001_SA_JagNotch_PhoX_FT_MT2.raw	1	38	AC=MS:1002038;NT=label free sample	NT=Orbitrap Fusion Lumos;AC=MS:1002732	NT=Data-dependent acquisition;AC=PRIDE:0000449	NT=Trypsin;AC=MS:1001251	NT=Lys-C;AC=MS:1001309	NT=Carbamidomethyl;AC=UNIMOD:4;TA=C;MT=Fixed	NT=Oxidation;AC=UNIMOD:35;TA=M;MT=Variable	NT=HCD;AC=PRIDE:0000590	not available	not available	not available	not available	chemical cross-linking coupled with mass spectrometry proteomics	NT=PhoX;AC=XLMOD:02131;CL=yes;TA=K,S,T,Y,nterm	not available	not available	not available	not available	not available	v1.1.0	NT=ms-proteomics;VV=v1.1.0	NT=crosslinking;VV=v1.0.0	NT=vertebrates;VV=v1.1.0
PXD023072-sample	mus musculus	not applicable	not applicable	not applicable	1	synthetic	reference	not available	20 Å	not available	not available	20190923_L1_Ag1_Klyko001_SA_JagNotch_PhoX_FT_MT3	proteomic profiling by mass spectrometry	20190923_L1_Ag1_Klyko001_SA_JagNotch_PhoX_FT_MT3.raw	1	39	AC=MS:1002038;NT=label free sample	NT=Orbitrap Fusion Lumos;AC=MS:1002732	NT=Data-dependent acquisition;AC=PRIDE:0000449	NT=Trypsin;AC=MS:1001251	NT=Lys-C;AC=MS:1001309	NT=Carbamidomethyl;AC=UNIMOD:4;TA=C;MT=Fixed	NT=Oxidation;AC=UNIMOD:35;TA=M;MT=Variable	NT=HCD;AC=PRIDE:0000590	not available	not available	not available	not available	chemical cross-linking coupled with mass spectrometry proteomics	NT=PhoX;AC=XLMOD:02131;CL=yes;TA=K,S,T,Y,nterm	not available	not available	not available	not available	not available	v1.1.0	NT=ms-proteomics;VV=v1.1.0	NT=crosslinking;VV=v1.0.0	NT=vertebrates;VV=v1.1.0
PXD023072-sample	mus musculus	not applicable	not applicable	not applicable	1	synthetic	reference	not available	20 Å	not available	not available	20190923_L1_Ag1_Klyko001_SA_JagNotch_PhoX_FT_MT_Asn-_AspSites.txt	proteomic profiling by mass spectrometry	20190923_L1_Ag1_Klyko001_SA_JagNotch_PhoX_FT_MT_Asn-_AspSites.txt	1	40	AC=MS:1002038;NT=label free sample	NT=Orbitrap Fusion Lumos;AC=MS:1002732	NT=Data-dependent acquisition;AC=PRIDE:0000449	NT=Trypsin;AC=MS:1001251	NT=Lys-C;AC=MS:1001309	NT=Carbamidomethyl;AC=UNIMOD:4;TA=C;MT=Fixed	NT=Oxidation;AC=UNIMOD:35;TA=M;MT=Variable	NT=HCD;AC=PRIDE:0000590	not available	not available	not available	not available	chemical cross-linking coupled with mass spectrometry proteomics	NT=PhoX;AC=XLMOD:02131;CL=yes;TA=K,S,T,Y,nterm	not available	not available	not available	not available	not available	v1.1.0	NT=ms-proteomics;VV=v1.1.0	NT=crosslinking;VV=v1.0.0	NT=vertebrates;VV=v1.1.0
PXD023072-sample	mus musculus	not applicable	not applicable	not applicable	1	synthetic	reference	not available	20 Å	not available	not available	20190923_L1_Ag1_Klyko001_SA_JagNotch_PhoX_FT_MT_PhoXH2OSites.txt	proteomic profiling by mass spectrometry	20190923_L1_Ag1_Klyko001_SA_JagNotch_PhoX_FT_MT_PhoXH2OSites.txt	1	41	AC=MS:1002038;NT=label free sample	NT=Orbitrap Fusion Lumos;AC=MS:1002732	NT=Data-dependent acquisition;AC=PRIDE:0000449	NT=Trypsin;AC=MS:1001251	NT=Lys-C;AC=MS:1001309	NT=Carbamidomethyl;AC=UNIMOD:4;TA=C;MT=Fixed	NT=Oxidation;AC=UNIMOD:35;TA=M;MT=Variable	NT=HCD;AC=PRIDE:0000590	not available	not available	not available	not available	chemical cross-linking coupled with mass spectrometry proteomics	NT=PhoX;AC=XLMOD:02131;CL=yes;TA=K,S,T,Y,nterm	not available	not available	not available	not available	not available	v1.1.0	NT=ms-proteomics;VV=v1.1.0	NT=crosslinking;VV=v1.0.0	NT=vertebrates;VV=v1.1.0
PXD023072-sample	mus musculus	not applicable	not applicable	not applicable	1	synthetic	reference	not available	20 Å	not available	not available	20190923_L1_Ag1_Klyko001_SA_JagNotch_PhoX_FT_MT_PhoXTrisSites.txt	proteomic profiling by mass spectrometry	20190923_L1_Ag1_Klyko001_SA_JagNotch_PhoX_FT_MT_PhoXTrisSites.txt	1	42	AC=MS:1002038;NT=label free sample	NT=Orbitrap Fusion Lumos;AC=MS:1002732	NT=Data-dependent acquisition;AC=PRIDE:0000449	NT=Trypsin;AC=MS:1001251	NT=Lys-C;AC=MS:1001309	NT=Carbamidomethyl;AC=UNIMOD:4;TA=C;MT=Fixed	NT=Oxidation;AC=UNIMOD:35;TA=M;MT=Variable	NT=HCD;AC=PRIDE:0000590	not available	not available	not available	not available	chemical cross-linking coupled with mass spectrometry proteomics	NT=PhoX;AC=XLMOD:02131;CL=yes;TA=K,S,T,Y,nterm	not available	not available	not available	not available	not available	v1.1.0	NT=ms-proteomics;VV=v1.1.0	NT=crosslinking;VV=v1.0.0	NT=vertebrates;VV=v1.1.0
PXD023072-sample	mus musculus	not applicable	not applicable	not applicable	1	synthetic	reference	not available	20 Å	not available	not available	20190923_L1_Ag1_Klyko001_SA_JagNotch_PhoX_FT_MT_evidence.pdf	proteomic profiling by mass spectrometry	20190923_L1_Ag1_Klyko001_SA_JagNotch_PhoX_FT_MT_evidence.pdf	1	43	AC=MS:1002038;NT=label free sample	NT=Orbitrap Fusion Lumos;AC=MS:1002732	NT=Data-dependent acquisition;AC=PRIDE:0000449	NT=Trypsin;AC=MS:1001251	NT=Lys-C;AC=MS:1001309	NT=Carbamidomethyl;AC=UNIMOD:4;TA=C;MT=Fixed	NT=Oxidation;AC=UNIMOD:35;TA=M;MT=Variable	NT=HCD;AC=PRIDE:0000590	not available	not available	not available	not available	chemical cross-linking coupled with mass spectrometry proteomics	NT=PhoX;AC=XLMOD:02131;CL=yes;TA=K,S,T,Y,nterm	not available	not available	not available	not available	not available	v1.1.0	NT=ms-proteomics;VV=v1.1.0	NT=crosslinking;VV=v1.0.0	NT=vertebrates;VV=v1.1.0
PXD023072-sample	mus musculus	not applicable	not applicable	not applicable	1	synthetic	reference	not available	20 Å	not available	not available	20190923_L1_Ag1_Klyko001_SA_JagNotch_PhoX_FT_MT_evidence.txt	proteomic profiling by mass spectrometry	20190923_L1_Ag1_Klyko001_SA_JagNotch_PhoX_FT_MT_evidence.txt	1	44	AC=MS:1002038;NT=label free sample	NT=Orbitrap Fusion Lumos;AC=MS:1002732	NT=Data-dependent acquisition;AC=PRIDE:0000449	NT=Trypsin;AC=MS:1001251	NT=Lys-C;AC=MS:1001309	NT=Carbamidomethyl;AC=UNIMOD:4;TA=C;MT=Fixed	NT=Oxidation;AC=UNIMOD:35;TA=M;MT=Variable	NT=HCD;AC=PRIDE:0000590	not available	not available	not available	not available	chemical cross-linking coupled with mass spectrometry proteomics	NT=PhoX;AC=XLMOD:02131;CL=yes;TA=K,S,T,Y,nterm	not available	not available	not available	not available	not available	v1.1.0	NT=ms-proteomics;VV=v1.1.0	NT=crosslinking;VV=v1.0.0	NT=vertebrates;VV=v1.1.0
PXD023072-sample	mus musculus	not applicable	not applicable	not applicable	1	synthetic	reference	not available	20 Å	not available	not available	20190923_L1_Ag1_Klyko001_SA_JagNotch_PhoX_FT_MT_peptides.txt	proteomic profiling by mass spectrometry	20190923_L1_Ag1_Klyko001_SA_JagNotch_PhoX_FT_MT_peptides.txt	1	45	AC=MS:1002038;NT=label free sample	NT=Orbitrap Fusion Lumos;AC=MS:1002732	NT=Data-dependent acquisition;AC=PRIDE:0000449	NT=Trypsin;AC=MS:1001251	NT=Lys-C;AC=MS:1001309	NT=Carbamidomethyl;AC=UNIMOD:4;TA=C;MT=Fixed	NT=Oxidation;AC=UNIMOD:35;TA=M;MT=Variable	NT=HCD;AC=PRIDE:0000590	not available	not available	not available	not available	chemical cross-linking coupled with mass spectrometry proteomics	NT=PhoX;AC=XLMOD:02131;CL=yes;TA=K,S,T,Y,nterm	not available	not available	not available	not available	not available	v1.1.0	NT=ms-proteomics;VV=v1.1.0	NT=crosslinking;VV=v1.0.0	NT=vertebrates;VV=v1.1.0
PXD023072-sample	mus musculus	not applicable	not applicable	not applicable	1	synthetic	reference	not available	20 Å	not available	not available	20190923_L1_Ag1_Klyko001_SA_JagNotch_PhoX_FT_WT1	proteomic profiling by mass spectrometry	20190923_L1_Ag1_Klyko001_SA_JagNotch_PhoX_FT_WT1.raw	1	46	AC=MS:1002038;NT=label free sample	NT=Orbitrap Fusion Lumos;AC=MS:1002732	NT=Data-dependent acquisition;AC=PRIDE:0000449	NT=Trypsin;AC=MS:1001251	NT=Lys-C;AC=MS:1001309	NT=Carbamidomethyl;AC=UNIMOD:4;TA=C;MT=Fixed	NT=Oxidation;AC=UNIMOD:35;TA=M;MT=Variable	NT=HCD;AC=PRIDE:0000590	not available	not available	not available	not available	chemical cross-linking coupled with mass spectrometry proteomics	NT=PhoX;AC=XLMOD:02131;CL=yes;TA=K,S,T,Y,nterm	not available	not available	not available	not available	not available	v1.1.0	NT=ms-proteomics;VV=v1.1.0	NT=crosslinking;VV=v1.0.0	NT=vertebrates;VV=v1.1.0
PXD023072-sample	mus musculus	not applicable	not applicable	not applicable	1	synthetic	reference	not available	20 Å	not available	not available	20190923_L1_Ag1_Klyko001_SA_JagNotch_PhoX_FT_WT2	proteomic profiling by mass spectrometry	20190923_L1_Ag1_Klyko001_SA_JagNotch_PhoX_FT_WT2.raw	1	47	AC=MS:1002038;NT=label free sample	NT=Orbitrap Fusion Lumos;AC=MS:1002732	NT=Data-dependent acquisition;AC=PRIDE:0000449	NT=Trypsin;AC=MS:1001251	NT=Lys-C;AC=MS:1001309	NT=Carbamidomethyl;AC=UNIMOD:4;TA=C;MT=Fixed	NT=Oxidation;AC=UNIMOD:35;TA=M;MT=Variable	NT=HCD;AC=PRIDE:0000590	not available	not available	not available	not available	chemical cross-linking coupled with mass spectrometry proteomics	NT=PhoX;AC=XLMOD:02131;CL=yes;TA=K,S,T,Y,nterm	not available	not available	not available	not available	not available	v1.1.0	NT=ms-proteomics;VV=v1.1.0	NT=crosslinking;VV=v1.0.0	NT=vertebrates;VV=v1.1.0
PXD023072-sample	mus musculus	not applicable	not applicable	not applicable	1	synthetic	reference	not available	20 Å	not available	not available	20190923_L1_Ag1_Klyko001_SA_JagNotch_PhoX_FT_WT3	proteomic profiling by mass spectrometry	20190923_L1_Ag1_Klyko001_SA_JagNotch_PhoX_FT_WT3.raw	1	48	AC=MS:1002038;NT=label free sample	NT=Orbitrap Fusion Lumos;AC=MS:1002732	NT=Data-dependent acquisition;AC=PRIDE:0000449	NT=Trypsin;AC=MS:1001251	NT=Lys-C;AC=MS:1001309	NT=Carbamidomethyl;AC=UNIMOD:4;TA=C;MT=Fixed	NT=Oxidation;AC=UNIMOD:35;TA=M;MT=Variable	NT=HCD;AC=PRIDE:0000590	not available	not available	not available	not available	chemical cross-linking coupled with mass spectrometry proteomics	NT=PhoX;AC=XLMOD:02131;CL=yes;TA=K,S,T,Y,nterm	not available	not available	not available	not available	not available	v1.1.0	NT=ms-proteomics;VV=v1.1.0	NT=crosslinking;VV=v1.0.0	NT=vertebrates;VV=v1.1.0
PXD023072-sample	mus musculus	not applicable	not applicable	not applicable	1	synthetic	reference	not available	20 Å	not available	not available	20190923_L1_Ag1_Klyko001_SA_JagNotch_PhoX_FT_WT_Asn-_AspSites.txt	proteomic profiling by mass spectrometry	20190923_L1_Ag1_Klyko001_SA_JagNotch_PhoX_FT_WT_Asn-_AspSites.txt	1	49	AC=MS:1002038;NT=label free sample	NT=Orbitrap Fusion Lumos;AC=MS:1002732	NT=Data-dependent acquisition;AC=PRIDE:0000449	NT=Trypsin;AC=MS:1001251	NT=Lys-C;AC=MS:1001309	NT=Carbamidomethyl;AC=UNIMOD:4;TA=C;MT=Fixed	NT=Oxidation;AC=UNIMOD:35;TA=M;MT=Variable	NT=HCD;AC=PRIDE:0000590	not available	not available	not available	not available	chemical cross-linking coupled with mass spectrometry proteomics	NT=PhoX;AC=XLMOD:02131;CL=yes;TA=K,S,T,Y,nterm	not available	not available	not available	not available	not available	v1.1.0	NT=ms-proteomics;VV=v1.1.0	NT=crosslinking;VV=v1.0.0	NT=vertebrates;VV=v1.1.0
PXD023072-sample	mus musculus	not applicable	not applicable	not applicable	1	synthetic	reference	not available	20 Å	not available	not available	20190923_L1_Ag1_Klyko001_SA_JagNotch_PhoX_FT_WT_PhoXH2OSites.txt	proteomic profiling by mass spectrometry	20190923_L1_Ag1_Klyko001_SA_JagNotch_PhoX_FT_WT_PhoXH2OSites.txt	1	50	AC=MS:1002038;NT=label free sample	NT=Orbitrap Fusion Lumos;AC=MS:1002732	NT=Data-dependent acquisition;AC=PRIDE:0000449	NT=Trypsin;AC=MS:1001251	NT=Lys-C;AC=MS:1001309	NT=Carbamidomethyl;AC=UNIMOD:4;TA=C;MT=Fixed	NT=Oxidation;AC=UNIMOD:35;TA=M;MT=Variable	NT=HCD;AC=PRIDE:0000590	not available	not available	not available	not available	chemical cross-linking coupled with mass spectrometry proteomics	NT=PhoX;AC=XLMOD:02131;CL=yes;TA=K,S,T,Y,nterm	not available	not available	not available	not available	not available	v1.1.0	NT=ms-proteomics;VV=v1.1.0	NT=crosslinking;VV=v1.0.0	NT=vertebrates;VV=v1.1.0
PXD023072-sample	mus musculus	not applicable	not applicable	not applicable	1	synthetic	reference	not available	20 Å	not available	not available	20190923_L1_Ag1_Klyko001_SA_JagNotch_PhoX_FT_WT_PhoXTrisSites.txt	proteomic profiling by mass spectrometry	20190923_L1_Ag1_Klyko001_SA_JagNotch_PhoX_FT_WT_PhoXTrisSites.txt	1	51	AC=MS:1002038;NT=label free sample	NT=Orbitrap Fusion Lumos;AC=MS:1002732	NT=Data-dependent acquisition;AC=PRIDE:0000449	NT=Trypsin;AC=MS:1001251	NT=Lys-C;AC=MS:1001309	NT=Carbamidomethyl;AC=UNIMOD:4;TA=C;MT=Fixed	NT=Oxidation;AC=UNIMOD:35;TA=M;MT=Variable	NT=HCD;AC=PRIDE:0000590	not available	not available	not available	not available	chemical cross-linking coupled with mass spectrometry proteomics	NT=PhoX;AC=XLMOD:02131;CL=yes;TA=K,S,T,Y,nterm	not available	not available	not available	not available	not available	v1.1.0	NT=ms-proteomics;VV=v1.1.0	NT=crosslinking;VV=v1.0.0	NT=vertebrates;VV=v1.1.0
PXD023072-sample	mus musculus	not applicable	not applicable	not applicable	1	synthetic	reference	not available	20 Å	not available	not available	20190923_L1_Ag1_Klyko001_SA_JagNotch_PhoX_FT_WT_evidence.pdf	proteomic profiling by mass spectrometry	20190923_L1_Ag1_Klyko001_SA_JagNotch_PhoX_FT_WT_evidence.pdf	1	52	AC=MS:1002038;NT=label free sample	NT=Orbitrap Fusion Lumos;AC=MS:1002732	NT=Data-dependent acquisition;AC=PRIDE:0000449	NT=Trypsin;AC=MS:1001251	NT=Lys-C;AC=MS:1001309	NT=Carbamidomethyl;AC=UNIMOD:4;TA=C;MT=Fixed	NT=Oxidation;AC=UNIMOD:35;TA=M;MT=Variable	NT=HCD;AC=PRIDE:0000590	not available	not available	not available	not available	chemical cross-linking coupled with mass spectrometry proteomics	NT=PhoX;AC=XLMOD:02131;CL=yes;TA=K,S,T,Y,nterm	not available	not available	not available	not available	not available	v1.1.0	NT=ms-proteomics;VV=v1.1.0	NT=crosslinking;VV=v1.0.0	NT=vertebrates;VV=v1.1.0
PXD023072-sample	mus musculus	not applicable	not applicable	not applicable	1	synthetic	reference	not available	20 Å	not available	not available	20190923_L1_Ag1_Klyko001_SA_JagNotch_PhoX_FT_WT_evidence.txt	proteomic profiling by mass spectrometry	20190923_L1_Ag1_Klyko001_SA_JagNotch_PhoX_FT_WT_evidence.txt	1	53	AC=MS:1002038;NT=label free sample	NT=Orbitrap Fusion Lumos;AC=MS:1002732	NT=Data-dependent acquisition;AC=PRIDE:0000449	NT=Trypsin;AC=MS:1001251	NT=Lys-C;AC=MS:1001309	NT=Carbamidomethyl;AC=UNIMOD:4;TA=C;MT=Fixed	NT=Oxidation;AC=UNIMOD:35;TA=M;MT=Variable	NT=HCD;AC=PRIDE:0000590	not available	not available	not available	not available	chemical cross-linking coupled with mass spectrometry proteomics	NT=PhoX;AC=XLMOD:02131;CL=yes;TA=K,S,T,Y,nterm	not available	not available	not available	not available	not available	v1.1.0	NT=ms-proteomics;VV=v1.1.0	NT=crosslinking;VV=v1.0.0	NT=vertebrates;VV=v1.1.0
PXD023072-sample	mus musculus	not applicable	not applicable	not applicable	1	synthetic	reference	not available	20 Å	not available	not available	20190923_L1_Ag1_Klyko001_SA_JagNotch_PhoX_FT_WT_peptides.txt	proteomic profiling by mass spectrometry	20190923_L1_Ag1_Klyko001_SA_JagNotch_PhoX_FT_WT_peptides.txt	1	54	AC=MS:1002038;NT=label free sample	NT=Orbitrap Fusion Lumos;AC=MS:1002732	NT=Data-dependent acquisition;AC=PRIDE:0000449	NT=Trypsin;AC=MS:1001251	NT=Lys-C;AC=MS:1001309	NT=Carbamidomethyl;AC=UNIMOD:4;TA=C;MT=Fixed	NT=Oxidation;AC=UNIMOD:35;TA=M;MT=Variable	NT=HCD;AC=PRIDE:0000590	not available	not available	not available	not available	chemical cross-linking coupled with mass spectrometry proteomics	NT=PhoX;AC=XLMOD:02131;CL=yes;TA=K,S,T,Y,nterm	not available	not available	not available	not available	not available	v1.1.0	NT=ms-proteomics;VV=v1.1.0	NT=crosslinking;VV=v1.0.0	NT=vertebrates;VV=v1.1.0
PXD023072-sample	mus musculus	not applicable	not applicable	not applicable	1	synthetic	reference	not available	20 Å	not available	not available	proteins.fasta	proteomic profiling by mass spectrometry	proteins.fasta	1	55	AC=MS:1002038;NT=label free sample	NT=Orbitrap Fusion Lumos;AC=MS:1002732	NT=Data-dependent acquisition;AC=PRIDE:0000449	NT=Trypsin;AC=MS:1001251	NT=Lys-C;AC=MS:1001309	NT=Carbamidomethyl;AC=UNIMOD:4;TA=C;MT=Fixed	NT=Oxidation;AC=UNIMOD:35;TA=M;MT=Variable	NT=HCD;AC=PRIDE:0000590	not available	not available	not available	not available	chemical cross-linking coupled with mass spectrometry proteomics	NT=PhoX;AC=XLMOD:02131;CL=yes;TA=K,S,T,Y,nterm	not available	not available	not available	not available	not available	v1.1.0	NT=ms-proteomics;VV=v1.1.0	NT=crosslinking;VV=v1.0.0	NT=vertebrates;VV=v1.1.0
