source name	characteristics[organism]	characteristics[organism part]	characteristics[disease]	characteristics[cell type]	characteristics[age]	characteristics[sex]	characteristics[ancestry category]	characteristics[individual]	characteristics[pooled sample]	characteristics[biological replicate]	assay name	technology type	comment[instrument]	comment[label]	comment[modification parameters]	comment[cleavage agent details]	comment[reduction reagent]	comment[alkylation reagent]	comment[fractionation method]	comment[proteomics data acquisition method]	comment[dissociation method]	comment[collision energy]	comment[precursor mass tolerance]	comment[fragment mass tolerance]	comment[ms2 mass analyzer]	comment[ms min mz]	comment[ms max mz]	comment[ms min im]	comment[ms max im]	comment[scan window lower limit]	comment[scan window upper limit]	comment[isolation window width]	comment[acquisition date]	comment[fraction identifier]	comment[technical replicate]	comment[data file]	comment[sdrf version]	comment[sdrf template]	comment[sdrf template]	comment[sdrf template]	comment[sdrf annotation tool]	factor value[disease]
PXD055135-Sample-28	Homo sapiens	upper respiratory tract	COVID-19	not available	not available	not available	not available	pooled	pooled	1	VirusID_SARS-CoV-2_P1_1-16-2023_569	proteomic profiling by mass spectrometry	NT=timsTOF HT;AC=MS:1003404	label free sample	NT=Carbamidomethyl;AC=UNIMOD:4;TA=C;MT=Fixed	NT=Trypsin;AC=MS:1001251	not applicable	not applicable	not applicable	Data-independent acquisition	NT=collision-induced dissociation;AC=MS:1000133	not available	15 ppm	15 ppm	NT=time-of-flight;AC=MS:1000084	100m/z	1700m/z	0.65	1.35	350	1150	not available	2023-01-16	1	1	VirusID_SARS-CoV-2_P1_1-16-2023_569.d	v1.1.0	NT=ms-proteomics;VV=v1.1.0	NT=human;VV=v1.1.0	NT=dia-acquisition;VV=v1.1.0	manual curation	COVID-19
PXD055135-Sample-29	Homo sapiens	upper respiratory tract	COVID-19	not available	not available	not available	not available	pooled	pooled	2	VirusID_SARS-CoV-2_P2_1-16-2023_570	proteomic profiling by mass spectrometry	NT=timsTOF HT;AC=MS:1003404	label free sample	NT=Carbamidomethyl;AC=UNIMOD:4;TA=C;MT=Fixed	NT=Trypsin;AC=MS:1001251	not applicable	not applicable	not applicable	Data-independent acquisition	NT=collision-induced dissociation;AC=MS:1000133	not available	15 ppm	15 ppm	NT=time-of-flight;AC=MS:1000084	100m/z	1700m/z	0.65	1.35	350	1150	not available	2023-01-16	1	1	VirusID_SARS-CoV-2_P2_1-16-2023_570.d	v1.1.0	NT=ms-proteomics;VV=v1.1.0	NT=human;VV=v1.1.0	NT=dia-acquisition;VV=v1.1.0	manual curation	COVID-19
PXD055135-Sample-30	Homo sapiens	upper respiratory tract	COVID-19	not available	not available	not available	not available	pooled	pooled	3	VirusID_SARS-CoV-2_P3_1-16-2023_571	proteomic profiling by mass spectrometry	NT=timsTOF HT;AC=MS:1003404	label free sample	NT=Carbamidomethyl;AC=UNIMOD:4;TA=C;MT=Fixed	NT=Trypsin;AC=MS:1001251	not applicable	not applicable	not applicable	Data-independent acquisition	NT=collision-induced dissociation;AC=MS:1000133	not available	15 ppm	15 ppm	NT=time-of-flight;AC=MS:1000084	100m/z	1700m/z	0.65	1.35	350	1150	not available	2023-01-16	1	1	VirusID_SARS-CoV-2_P3_1-16-2023_571.d	v1.1.0	NT=ms-proteomics;VV=v1.1.0	NT=human;VV=v1.1.0	NT=dia-acquisition;VV=v1.1.0	manual curation	COVID-19
PXD055135-Sample-31	Homo sapiens	upper respiratory tract	COVID-19	not available	not available	not available	not available	pooled	pooled	4	VirusID_SARS-CoV-2_P4_1-16-2023_572	proteomic profiling by mass spectrometry	NT=timsTOF HT;AC=MS:1003404	label free sample	NT=Carbamidomethyl;AC=UNIMOD:4;TA=C;MT=Fixed	NT=Trypsin;AC=MS:1001251	not applicable	not applicable	not applicable	Data-independent acquisition	NT=collision-induced dissociation;AC=MS:1000133	not available	15 ppm	15 ppm	NT=time-of-flight;AC=MS:1000084	100m/z	1700m/z	0.65	1.35	350	1150	not available	2023-01-16	1	1	VirusID_SARS-CoV-2_P4_1-16-2023_572.d	v1.1.0	NT=ms-proteomics;VV=v1.1.0	NT=human;VV=v1.1.0	NT=dia-acquisition;VV=v1.1.0	manual curation	COVID-19
PXD055135-Sample-32	Homo sapiens	upper respiratory tract	COVID-19	not available	not available	not available	not available	pooled	pooled	5	VirusID_SARS-CoV-2_P5_1-16-2023_573	proteomic profiling by mass spectrometry	NT=timsTOF HT;AC=MS:1003404	label free sample	NT=Carbamidomethyl;AC=UNIMOD:4;TA=C;MT=Fixed	NT=Trypsin;AC=MS:1001251	not applicable	not applicable	not applicable	Data-independent acquisition	NT=collision-induced dissociation;AC=MS:1000133	not available	15 ppm	15 ppm	NT=time-of-flight;AC=MS:1000084	100m/z	1700m/z	0.65	1.35	350	1150	not available	2023-01-16	1	1	VirusID_SARS-CoV-2_P5_1-16-2023_573.d	v1.1.0	NT=ms-proteomics;VV=v1.1.0	NT=human;VV=v1.1.0	NT=dia-acquisition;VV=v1.1.0	manual curation	COVID-19
PXD055135-Sample-33	Homo sapiens	upper respiratory tract	COVID-19	not available	not available	not available	not available	pooled	pooled	6	VirusID_SARS-CoV-2_P6_1-16-2023_574	proteomic profiling by mass spectrometry	NT=timsTOF HT;AC=MS:1003404	label free sample	NT=Carbamidomethyl;AC=UNIMOD:4;TA=C;MT=Fixed	NT=Trypsin;AC=MS:1001251	not applicable	not applicable	not applicable	Data-independent acquisition	NT=collision-induced dissociation;AC=MS:1000133	not available	15 ppm	15 ppm	NT=time-of-flight;AC=MS:1000084	100m/z	1700m/z	0.65	1.35	350	1150	not available	2023-01-16	1	1	VirusID_SARS-CoV-2_P6_1-16-2023_574.d	v1.1.0	NT=ms-proteomics;VV=v1.1.0	NT=human;VV=v1.1.0	NT=dia-acquisition;VV=v1.1.0	manual curation	COVID-19
PXD055135-Sample-34	Homo sapiens	upper respiratory tract	COVID-19	not available	not available	not available	not available	pooled	pooled	7	VirusID_SARS-CoV-2_P7_1-16-2023_575	proteomic profiling by mass spectrometry	NT=timsTOF HT;AC=MS:1003404	label free sample	NT=Carbamidomethyl;AC=UNIMOD:4;TA=C;MT=Fixed	NT=Trypsin;AC=MS:1001251	not applicable	not applicable	not applicable	Data-independent acquisition	NT=collision-induced dissociation;AC=MS:1000133	not available	15 ppm	15 ppm	NT=time-of-flight;AC=MS:1000084	100m/z	1700m/z	0.65	1.35	350	1150	not available	2023-01-16	1	1	VirusID_SARS-CoV-2_P7_1-16-2023_575.d	v1.1.0	NT=ms-proteomics;VV=v1.1.0	NT=human;VV=v1.1.0	NT=dia-acquisition;VV=v1.1.0	manual curation	COVID-19
PXD055135-Sample-35	Homo sapiens	upper respiratory tract	COVID-19	not available	not available	not available	not available	pooled	pooled	8	VirusID_SARS-CoV-2_P8_1-16-2023_576	proteomic profiling by mass spectrometry	NT=timsTOF HT;AC=MS:1003404	label free sample	NT=Carbamidomethyl;AC=UNIMOD:4;TA=C;MT=Fixed	NT=Trypsin;AC=MS:1001251	not applicable	not applicable	not applicable	Data-independent acquisition	NT=collision-induced dissociation;AC=MS:1000133	not available	15 ppm	15 ppm	NT=time-of-flight;AC=MS:1000084	100m/z	1700m/z	0.65	1.35	350	1150	not available	2023-01-16	1	1	VirusID_SARS-CoV-2_P8_1-16-2023_576.d	v1.1.0	NT=ms-proteomics;VV=v1.1.0	NT=human;VV=v1.1.0	NT=dia-acquisition;VV=v1.1.0	manual curation	COVID-19
PXD055135-Sample-36	Homo sapiens	upper respiratory tract	COVID-19	not available	not available	not available	not available	pooled	pooled	9	VirusID_SARS-CoV-2_P9_1-16-2023_577	proteomic profiling by mass spectrometry	NT=timsTOF HT;AC=MS:1003404	label free sample	NT=Carbamidomethyl;AC=UNIMOD:4;TA=C;MT=Fixed	NT=Trypsin;AC=MS:1001251	not applicable	not applicable	not applicable	Data-independent acquisition	NT=collision-induced dissociation;AC=MS:1000133	not available	15 ppm	15 ppm	NT=time-of-flight;AC=MS:1000084	100m/z	1700m/z	0.65	1.35	350	1150	not available	2023-01-16	1	1	VirusID_SARS-CoV-2_P9_1-16-2023_577.d	v1.1.0	NT=ms-proteomics;VV=v1.1.0	NT=human;VV=v1.1.0	NT=dia-acquisition;VV=v1.1.0	manual curation	COVID-19
PXD055135-Sample-37	Homo sapiens	upper respiratory tract	COVID-19	not available	not available	not available	not available	pooled	pooled	10	VirusID_SARS-CoV-2_P10_1-16-2023_578	proteomic profiling by mass spectrometry	NT=timsTOF HT;AC=MS:1003404	label free sample	NT=Carbamidomethyl;AC=UNIMOD:4;TA=C;MT=Fixed	NT=Trypsin;AC=MS:1001251	not applicable	not applicable	not applicable	Data-independent acquisition	NT=collision-induced dissociation;AC=MS:1000133	not available	15 ppm	15 ppm	NT=time-of-flight;AC=MS:1000084	100m/z	1700m/z	0.65	1.35	350	1150	not available	2023-01-16	1	1	VirusID_SARS-CoV-2_P10_1-16-2023_578.d	v1.1.0	NT=ms-proteomics;VV=v1.1.0	NT=human;VV=v1.1.0	NT=dia-acquisition;VV=v1.1.0	manual curation	COVID-19
PXD055135-Sample-38	Homo sapiens	upper respiratory tract	COVID-19	not available	not available	not available	not available	pooled	pooled	11	VirusID_SARS-CoV-2_P11_1-16-2023_579	proteomic profiling by mass spectrometry	NT=timsTOF HT;AC=MS:1003404	label free sample	NT=Carbamidomethyl;AC=UNIMOD:4;TA=C;MT=Fixed	NT=Trypsin;AC=MS:1001251	not applicable	not applicable	not applicable	Data-independent acquisition	NT=collision-induced dissociation;AC=MS:1000133	not available	15 ppm	15 ppm	NT=time-of-flight;AC=MS:1000084	100m/z	1700m/z	0.65	1.35	350	1150	not available	2023-01-16	1	1	VirusID_SARS-CoV-2_P11_1-16-2023_579.d	v1.1.0	NT=ms-proteomics;VV=v1.1.0	NT=human;VV=v1.1.0	NT=dia-acquisition;VV=v1.1.0	manual curation	COVID-19
PXD055135-Sample-39	Homo sapiens	upper respiratory tract	COVID-19	not available	not available	not available	not available	pooled	pooled	12	VirusID_SARS-CoV-2_P12_1-16-2023_580	proteomic profiling by mass spectrometry	NT=timsTOF HT;AC=MS:1003404	label free sample	NT=Carbamidomethyl;AC=UNIMOD:4;TA=C;MT=Fixed	NT=Trypsin;AC=MS:1001251	not applicable	not applicable	not applicable	Data-independent acquisition	NT=collision-induced dissociation;AC=MS:1000133	not available	15 ppm	15 ppm	NT=time-of-flight;AC=MS:1000084	100m/z	1700m/z	0.65	1.35	350	1150	not available	2023-01-16	1	1	VirusID_SARS-CoV-2_P12_1-16-2023_580.d	v1.1.0	NT=ms-proteomics;VV=v1.1.0	NT=human;VV=v1.1.0	NT=dia-acquisition;VV=v1.1.0	manual curation	COVID-19
PXD055135-Sample-40	Homo sapiens	upper respiratory tract	COVID-19	not available	not available	not available	not available	pooled	pooled	13	VirusID_SARS-CoV-2_P13_1-16-2023_581	proteomic profiling by mass spectrometry	NT=timsTOF HT;AC=MS:1003404	label free sample	NT=Carbamidomethyl;AC=UNIMOD:4;TA=C;MT=Fixed	NT=Trypsin;AC=MS:1001251	not applicable	not applicable	not applicable	Data-independent acquisition	NT=collision-induced dissociation;AC=MS:1000133	not available	15 ppm	15 ppm	NT=time-of-flight;AC=MS:1000084	100m/z	1700m/z	0.65	1.35	350	1150	not available	2023-01-16	1	1	VirusID_SARS-CoV-2_P13_1-16-2023_581.d	v1.1.0	NT=ms-proteomics;VV=v1.1.0	NT=human;VV=v1.1.0	NT=dia-acquisition;VV=v1.1.0	manual curation	COVID-19
PXD055135-Sample-41	Homo sapiens	upper respiratory tract	COVID-19	not available	not available	not available	not available	pooled	pooled	14	VirusID_SARS-CoV-2_P14_1-16-2023_582	proteomic profiling by mass spectrometry	NT=timsTOF HT;AC=MS:1003404	label free sample	NT=Carbamidomethyl;AC=UNIMOD:4;TA=C;MT=Fixed	NT=Trypsin;AC=MS:1001251	not applicable	not applicable	not applicable	Data-independent acquisition	NT=collision-induced dissociation;AC=MS:1000133	not available	15 ppm	15 ppm	NT=time-of-flight;AC=MS:1000084	100m/z	1700m/z	0.65	1.35	350	1150	not available	2023-01-16	1	1	VirusID_SARS-CoV-2_P14_1-16-2023_582.d	v1.1.0	NT=ms-proteomics;VV=v1.1.0	NT=human;VV=v1.1.0	NT=dia-acquisition;VV=v1.1.0	manual curation	COVID-19
PXD055135-Sample-42	Homo sapiens	upper respiratory tract	COVID-19	not available	not available	not available	not available	pooled	pooled	15	VirusID_SARS-CoV-2_P15_1-16-2023_583	proteomic profiling by mass spectrometry	NT=timsTOF HT;AC=MS:1003404	label free sample	NT=Carbamidomethyl;AC=UNIMOD:4;TA=C;MT=Fixed	NT=Trypsin;AC=MS:1001251	not applicable	not applicable	not applicable	Data-independent acquisition	NT=collision-induced dissociation;AC=MS:1000133	not available	15 ppm	15 ppm	NT=time-of-flight;AC=MS:1000084	100m/z	1700m/z	0.65	1.35	350	1150	not available	2023-01-16	1	1	VirusID_SARS-CoV-2_P15_1-16-2023_583.d	v1.1.0	NT=ms-proteomics;VV=v1.1.0	NT=human;VV=v1.1.0	NT=dia-acquisition;VV=v1.1.0	manual curation	COVID-19
PXD055135-Sample-43	Homo sapiens	upper respiratory tract	COVID-19	not available	not available	not available	not available	pooled	pooled	16	VirusID_SARS-CoV-2_P16_1-16-2023_584	proteomic profiling by mass spectrometry	NT=timsTOF HT;AC=MS:1003404	label free sample	NT=Carbamidomethyl;AC=UNIMOD:4;TA=C;MT=Fixed	NT=Trypsin;AC=MS:1001251	not applicable	not applicable	not applicable	Data-independent acquisition	NT=collision-induced dissociation;AC=MS:1000133	not available	15 ppm	15 ppm	NT=time-of-flight;AC=MS:1000084	100m/z	1700m/z	0.65	1.35	350	1150	not available	2023-01-16	1	1	VirusID_SARS-CoV-2_P16_1-16-2023_584.d	v1.1.0	NT=ms-proteomics;VV=v1.1.0	NT=human;VV=v1.1.0	NT=dia-acquisition;VV=v1.1.0	manual curation	COVID-19
PXD055135-Sample-44	Homo sapiens	upper respiratory tract	COVID-19	not available	not available	not available	not available	pooled	pooled	17	VirusID_SARS-CoV-2_P17_1-16-2023_585	proteomic profiling by mass spectrometry	NT=timsTOF HT;AC=MS:1003404	label free sample	NT=Carbamidomethyl;AC=UNIMOD:4;TA=C;MT=Fixed	NT=Trypsin;AC=MS:1001251	not applicable	not applicable	not applicable	Data-independent acquisition	NT=collision-induced dissociation;AC=MS:1000133	not available	15 ppm	15 ppm	NT=time-of-flight;AC=MS:1000084	100m/z	1700m/z	0.65	1.35	350	1150	not available	2023-01-16	1	1	VirusID_SARS-CoV-2_P17_1-16-2023_585.d	v1.1.0	NT=ms-proteomics;VV=v1.1.0	NT=human;VV=v1.1.0	NT=dia-acquisition;VV=v1.1.0	manual curation	COVID-19
PXD055135-Sample-45	Homo sapiens	upper respiratory tract	COVID-19	not available	not available	not available	not available	pooled	pooled	18	VirusID_SARS-CoV-2_P18_1-16-2023_586	proteomic profiling by mass spectrometry	NT=timsTOF HT;AC=MS:1003404	label free sample	NT=Carbamidomethyl;AC=UNIMOD:4;TA=C;MT=Fixed	NT=Trypsin;AC=MS:1001251	not applicable	not applicable	not applicable	Data-independent acquisition	NT=collision-induced dissociation;AC=MS:1000133	not available	15 ppm	15 ppm	NT=time-of-flight;AC=MS:1000084	100m/z	1700m/z	0.65	1.35	350	1150	not available	2023-01-16	1	1	VirusID_SARS-CoV-2_P18_1-16-2023_586.d	v1.1.0	NT=ms-proteomics;VV=v1.1.0	NT=human;VV=v1.1.0	NT=dia-acquisition;VV=v1.1.0	manual curation	COVID-19
PXD055135-Sample-46	Homo sapiens	upper respiratory tract	COVID-19	not available	not available	not available	not available	pooled	pooled	19	VirusID_SARS-CoV-2_P19_1-16-2023_587	proteomic profiling by mass spectrometry	NT=timsTOF HT;AC=MS:1003404	label free sample	NT=Carbamidomethyl;AC=UNIMOD:4;TA=C;MT=Fixed	NT=Trypsin;AC=MS:1001251	not applicable	not applicable	not applicable	Data-independent acquisition	NT=collision-induced dissociation;AC=MS:1000133	not available	15 ppm	15 ppm	NT=time-of-flight;AC=MS:1000084	100m/z	1700m/z	0.65	1.35	350	1150	not available	2023-01-16	1	1	VirusID_SARS-CoV-2_P19_1-16-2023_587.d	v1.1.0	NT=ms-proteomics;VV=v1.1.0	NT=human;VV=v1.1.0	NT=dia-acquisition;VV=v1.1.0	manual curation	COVID-19
PXD055135-Sample-47	Homo sapiens	upper respiratory tract	COVID-19	not available	not available	not available	not available	pooled	pooled	20	VirusID_SARS-CoV-2_P20_1-16-2023_588	proteomic profiling by mass spectrometry	NT=timsTOF HT;AC=MS:1003404	label free sample	NT=Carbamidomethyl;AC=UNIMOD:4;TA=C;MT=Fixed	NT=Trypsin;AC=MS:1001251	not applicable	not applicable	not applicable	Data-independent acquisition	NT=collision-induced dissociation;AC=MS:1000133	not available	15 ppm	15 ppm	NT=time-of-flight;AC=MS:1000084	100m/z	1700m/z	0.65	1.35	350	1150	not available	2023-01-16	1	1	VirusID_SARS-CoV-2_P20_1-16-2023_588.d	v1.1.0	NT=ms-proteomics;VV=v1.1.0	NT=human;VV=v1.1.0	NT=dia-acquisition;VV=v1.1.0	manual curation	COVID-19
PXD055135-Sample-48	Homo sapiens	upper respiratory tract	COVID-19	not available	not available	not available	not available	pooled	pooled	21	VirusID_SARS-CoV-2_P21_1-16-2023_589	proteomic profiling by mass spectrometry	NT=timsTOF HT;AC=MS:1003404	label free sample	NT=Carbamidomethyl;AC=UNIMOD:4;TA=C;MT=Fixed	NT=Trypsin;AC=MS:1001251	not applicable	not applicable	not applicable	Data-independent acquisition	NT=collision-induced dissociation;AC=MS:1000133	not available	15 ppm	15 ppm	NT=time-of-flight;AC=MS:1000084	100m/z	1700m/z	0.65	1.35	350	1150	not available	2023-01-16	1	1	VirusID_SARS-CoV-2_P21_1-16-2023_589.d	v1.1.0	NT=ms-proteomics;VV=v1.1.0	NT=human;VV=v1.1.0	NT=dia-acquisition;VV=v1.1.0	manual curation	COVID-19
PXD055135-Sample-49	Homo sapiens	upper respiratory tract	COVID-19	not available	not available	not available	not available	pooled	pooled	22	VirusID_SARS-CoV-2_P22_1-16-2023_590	proteomic profiling by mass spectrometry	NT=timsTOF HT;AC=MS:1003404	label free sample	NT=Carbamidomethyl;AC=UNIMOD:4;TA=C;MT=Fixed	NT=Trypsin;AC=MS:1001251	not applicable	not applicable	not applicable	Data-independent acquisition	NT=collision-induced dissociation;AC=MS:1000133	not available	15 ppm	15 ppm	NT=time-of-flight;AC=MS:1000084	100m/z	1700m/z	0.65	1.35	350	1150	not available	2023-01-16	1	1	VirusID_SARS-CoV-2_P22_1-16-2023_590.d	v1.1.0	NT=ms-proteomics;VV=v1.1.0	NT=human;VV=v1.1.0	NT=dia-acquisition;VV=v1.1.0	manual curation	COVID-19
PXD055135-Sample-50	Homo sapiens	upper respiratory tract	COVID-19	not available	not available	not available	not available	pooled	pooled	23	VirusID_SARS-CoV-2_P23_1-16-2023_591	proteomic profiling by mass spectrometry	NT=timsTOF HT;AC=MS:1003404	label free sample	NT=Carbamidomethyl;AC=UNIMOD:4;TA=C;MT=Fixed	NT=Trypsin;AC=MS:1001251	not applicable	not applicable	not applicable	Data-independent acquisition	NT=collision-induced dissociation;AC=MS:1000133	not available	15 ppm	15 ppm	NT=time-of-flight;AC=MS:1000084	100m/z	1700m/z	0.65	1.35	350	1150	not available	2023-01-16	1	1	VirusID_SARS-CoV-2_P23_1-16-2023_591.d	v1.1.0	NT=ms-proteomics;VV=v1.1.0	NT=human;VV=v1.1.0	NT=dia-acquisition;VV=v1.1.0	manual curation	COVID-19
PXD055135-Sample-51	Homo sapiens	upper respiratory tract	COVID-19	not available	not available	not available	not available	pooled	pooled	24	VirusID_SARS-CoV-2_P24_1-16-2023_592	proteomic profiling by mass spectrometry	NT=timsTOF HT;AC=MS:1003404	label free sample	NT=Carbamidomethyl;AC=UNIMOD:4;TA=C;MT=Fixed	NT=Trypsin;AC=MS:1001251	not applicable	not applicable	not applicable	Data-independent acquisition	NT=collision-induced dissociation;AC=MS:1000133	not available	15 ppm	15 ppm	NT=time-of-flight;AC=MS:1000084	100m/z	1700m/z	0.65	1.35	350	1150	not available	2023-01-16	1	1	VirusID_SARS-CoV-2_P24_1-16-2023_592.d	v1.1.0	NT=ms-proteomics;VV=v1.1.0	NT=human;VV=v1.1.0	NT=dia-acquisition;VV=v1.1.0	manual curation	COVID-19
PXD055135-Sample-52	Homo sapiens	upper respiratory tract	COVID-19	not available	not available	not available	not available	pooled	pooled	25	VirusID_SARS-CoV-2_P25_1-16-2023_593	proteomic profiling by mass spectrometry	NT=timsTOF HT;AC=MS:1003404	label free sample	NT=Carbamidomethyl;AC=UNIMOD:4;TA=C;MT=Fixed	NT=Trypsin;AC=MS:1001251	not applicable	not applicable	not applicable	Data-independent acquisition	NT=collision-induced dissociation;AC=MS:1000133	not available	15 ppm	15 ppm	NT=time-of-flight;AC=MS:1000084	100m/z	1700m/z	0.65	1.35	350	1150	not available	2023-01-16	1	1	VirusID_SARS-CoV-2_P25_1-16-2023_593.d	v1.1.0	NT=ms-proteomics;VV=v1.1.0	NT=human;VV=v1.1.0	NT=dia-acquisition;VV=v1.1.0	manual curation	COVID-19
PXD055135-Sample-53	Homo sapiens	upper respiratory tract	COVID-19	not available	not available	not available	not available	pooled	pooled	26	VirusID_SARS-CoV-2_P26_1-16-2023_594	proteomic profiling by mass spectrometry	NT=timsTOF HT;AC=MS:1003404	label free sample	NT=Carbamidomethyl;AC=UNIMOD:4;TA=C;MT=Fixed	NT=Trypsin;AC=MS:1001251	not applicable	not applicable	not applicable	Data-independent acquisition	NT=collision-induced dissociation;AC=MS:1000133	not available	15 ppm	15 ppm	NT=time-of-flight;AC=MS:1000084	100m/z	1700m/z	0.65	1.35	350	1150	not available	2023-01-16	1	1	VirusID_SARS-CoV-2_P26_1-16-2023_594.d	v1.1.0	NT=ms-proteomics;VV=v1.1.0	NT=human;VV=v1.1.0	NT=dia-acquisition;VV=v1.1.0	manual curation	COVID-19
PXD055135-Sample-54	Homo sapiens	upper respiratory tract	COVID-19	not available	not available	not available	not available	pooled	pooled	27	VirusID_SARS-CoV-2_P27_1-16-2023_595	proteomic profiling by mass spectrometry	NT=timsTOF HT;AC=MS:1003404	label free sample	NT=Carbamidomethyl;AC=UNIMOD:4;TA=C;MT=Fixed	NT=Trypsin;AC=MS:1001251	not applicable	not applicable	not applicable	Data-independent acquisition	NT=collision-induced dissociation;AC=MS:1000133	not available	15 ppm	15 ppm	NT=time-of-flight;AC=MS:1000084	100m/z	1700m/z	0.65	1.35	350	1150	not available	2023-01-16	1	1	VirusID_SARS-CoV-2_P27_1-16-2023_595.d	v1.1.0	NT=ms-proteomics;VV=v1.1.0	NT=human;VV=v1.1.0	NT=dia-acquisition;VV=v1.1.0	manual curation	COVID-19
PXD055135-Sample-55	Homo sapiens	upper respiratory tract	COVID-19	not available	not available	not available	not available	pooled	pooled	28	VirusID_SARS-CoV-2_P28_1-16-2023_596	proteomic profiling by mass spectrometry	NT=timsTOF HT;AC=MS:1003404	label free sample	NT=Carbamidomethyl;AC=UNIMOD:4;TA=C;MT=Fixed	NT=Trypsin;AC=MS:1001251	not applicable	not applicable	not applicable	Data-independent acquisition	NT=collision-induced dissociation;AC=MS:1000133	not available	15 ppm	15 ppm	NT=time-of-flight;AC=MS:1000084	100m/z	1700m/z	0.65	1.35	350	1150	not available	2023-01-16	1	1	VirusID_SARS-CoV-2_P28_1-16-2023_596.d	v1.1.0	NT=ms-proteomics;VV=v1.1.0	NT=human;VV=v1.1.0	NT=dia-acquisition;VV=v1.1.0	manual curation	COVID-19
PXD055135-Sample-56	Homo sapiens	upper respiratory tract	COVID-19	not available	not available	not available	not available	pooled	pooled	29	VirusID_SARS-CoV-2_P29_1-16-2023_597	proteomic profiling by mass spectrometry	NT=timsTOF HT;AC=MS:1003404	label free sample	NT=Carbamidomethyl;AC=UNIMOD:4;TA=C;MT=Fixed	NT=Trypsin;AC=MS:1001251	not applicable	not applicable	not applicable	Data-independent acquisition	NT=collision-induced dissociation;AC=MS:1000133	not available	15 ppm	15 ppm	NT=time-of-flight;AC=MS:1000084	100m/z	1700m/z	0.65	1.35	350	1150	not available	2023-01-17	1	1	VirusID_SARS-CoV-2_P29_1-16-2023_597.d	v1.1.0	NT=ms-proteomics;VV=v1.1.0	NT=human;VV=v1.1.0	NT=dia-acquisition;VV=v1.1.0	manual curation	COVID-19
PXD055135-Sample-57	Homo sapiens	upper respiratory tract	COVID-19	not available	not available	not available	not available	pooled	pooled	30	VirusID_SARS-CoV-2_P30_1-17-2023_598	proteomic profiling by mass spectrometry	NT=timsTOF HT;AC=MS:1003404	label free sample	NT=Carbamidomethyl;AC=UNIMOD:4;TA=C;MT=Fixed	NT=Trypsin;AC=MS:1001251	not applicable	not applicable	not applicable	Data-independent acquisition	NT=collision-induced dissociation;AC=MS:1000133	not available	15 ppm	15 ppm	NT=time-of-flight;AC=MS:1000084	100m/z	1700m/z	0.65	1.35	350	1150	not available	2023-01-17	1	1	VirusID_SARS-CoV-2_P30_1-17-2023_598.d	v1.1.0	NT=ms-proteomics;VV=v1.1.0	NT=human;VV=v1.1.0	NT=dia-acquisition;VV=v1.1.0	manual curation	COVID-19
PXD055135-Sample-58	Homo sapiens	upper respiratory tract	COVID-19	not available	not available	not available	not available	pooled	pooled	31	VirusID_SARS-CoV-2_P31_1-17-2023_599	proteomic profiling by mass spectrometry	NT=timsTOF HT;AC=MS:1003404	label free sample	NT=Carbamidomethyl;AC=UNIMOD:4;TA=C;MT=Fixed	NT=Trypsin;AC=MS:1001251	not applicable	not applicable	not applicable	Data-independent acquisition	NT=collision-induced dissociation;AC=MS:1000133	not available	15 ppm	15 ppm	NT=time-of-flight;AC=MS:1000084	100m/z	1700m/z	0.65	1.35	350	1150	not available	2023-01-17	1	1	VirusID_SARS-CoV-2_P31_1-17-2023_599.d	v1.1.0	NT=ms-proteomics;VV=v1.1.0	NT=human;VV=v1.1.0	NT=dia-acquisition;VV=v1.1.0	manual curation	COVID-19
PXD055135-Sample-59	Homo sapiens	upper respiratory tract	COVID-19	not available	not available	not available	not available	pooled	pooled	32	VirusID_SARS-CoV-2_P32_1-17-2023_600	proteomic profiling by mass spectrometry	NT=timsTOF HT;AC=MS:1003404	label free sample	NT=Carbamidomethyl;AC=UNIMOD:4;TA=C;MT=Fixed	NT=Trypsin;AC=MS:1001251	not applicable	not applicable	not applicable	Data-independent acquisition	NT=collision-induced dissociation;AC=MS:1000133	not available	15 ppm	15 ppm	NT=time-of-flight;AC=MS:1000084	100m/z	1700m/z	0.65	1.35	350	1150	not available	2023-01-17	1	1	VirusID_SARS-CoV-2_P32_1-17-2023_600.d	v1.1.0	NT=ms-proteomics;VV=v1.1.0	NT=human;VV=v1.1.0	NT=dia-acquisition;VV=v1.1.0	manual curation	COVID-19
PXD055135-Sample-60	Homo sapiens	upper respiratory tract	COVID-19	not available	not available	not available	not available	pooled	pooled	33	VirusID_SARS-CoV-2_P33_1-17-2023_601	proteomic profiling by mass spectrometry	NT=timsTOF HT;AC=MS:1003404	label free sample	NT=Carbamidomethyl;AC=UNIMOD:4;TA=C;MT=Fixed	NT=Trypsin;AC=MS:1001251	not applicable	not applicable	not applicable	Data-independent acquisition	NT=collision-induced dissociation;AC=MS:1000133	not available	15 ppm	15 ppm	NT=time-of-flight;AC=MS:1000084	100m/z	1700m/z	0.65	1.35	350	1150	not available	2023-01-17	1	1	VirusID_SARS-CoV-2_P33_1-17-2023_601.d	v1.1.0	NT=ms-proteomics;VV=v1.1.0	NT=human;VV=v1.1.0	NT=dia-acquisition;VV=v1.1.0	manual curation	COVID-19
PXD055135-Sample-61	Homo sapiens	upper respiratory tract	COVID-19	not available	not available	not available	not available	pooled	pooled	34	VirusID_SARS-CoV-2_P34_1-17-2023_602	proteomic profiling by mass spectrometry	NT=timsTOF HT;AC=MS:1003404	label free sample	NT=Carbamidomethyl;AC=UNIMOD:4;TA=C;MT=Fixed	NT=Trypsin;AC=MS:1001251	not applicable	not applicable	not applicable	Data-independent acquisition	NT=collision-induced dissociation;AC=MS:1000133	not available	15 ppm	15 ppm	NT=time-of-flight;AC=MS:1000084	100m/z	1700m/z	0.65	1.35	350	1150	not available	2023-01-17	1	1	VirusID_SARS-CoV-2_P34_1-17-2023_602.d	v1.1.0	NT=ms-proteomics;VV=v1.1.0	NT=human;VV=v1.1.0	NT=dia-acquisition;VV=v1.1.0	manual curation	COVID-19
PXD055135-Sample-62	Homo sapiens	upper respiratory tract	COVID-19	not available	not available	not available	not available	pooled	pooled	35	VirusID_SARS-CoV-2_P35_1-17-2023_603	proteomic profiling by mass spectrometry	NT=timsTOF HT;AC=MS:1003404	label free sample	NT=Carbamidomethyl;AC=UNIMOD:4;TA=C;MT=Fixed	NT=Trypsin;AC=MS:1001251	not applicable	not applicable	not applicable	Data-independent acquisition	NT=collision-induced dissociation;AC=MS:1000133	not available	15 ppm	15 ppm	NT=time-of-flight;AC=MS:1000084	100m/z	1700m/z	0.65	1.35	350	1150	not available	2023-01-17	1	1	VirusID_SARS-CoV-2_P35_1-17-2023_603.d	v1.1.0	NT=ms-proteomics;VV=v1.1.0	NT=human;VV=v1.1.0	NT=dia-acquisition;VV=v1.1.0	manual curation	COVID-19
PXD055135-Sample-63	Homo sapiens	upper respiratory tract	COVID-19	not available	not available	not available	not available	pooled	pooled	36	VirusID_SARS-CoV-2_P36_1-17-2023_604	proteomic profiling by mass spectrometry	NT=timsTOF HT;AC=MS:1003404	label free sample	NT=Carbamidomethyl;AC=UNIMOD:4;TA=C;MT=Fixed	NT=Trypsin;AC=MS:1001251	not applicable	not applicable	not applicable	Data-independent acquisition	NT=collision-induced dissociation;AC=MS:1000133	not available	15 ppm	15 ppm	NT=time-of-flight;AC=MS:1000084	100m/z	1700m/z	0.65	1.35	350	1150	not available	2023-01-17	1	1	VirusID_SARS-CoV-2_P36_1-17-2023_604.d	v1.1.0	NT=ms-proteomics;VV=v1.1.0	NT=human;VV=v1.1.0	NT=dia-acquisition;VV=v1.1.0	manual curation	COVID-19
PXD055135-Sample-64	Homo sapiens	upper respiratory tract	COVID-19	not available	not available	not available	not available	pooled	pooled	37	VirusID_SARS-CoV-2_P37_1-17-2023_605	proteomic profiling by mass spectrometry	NT=timsTOF HT;AC=MS:1003404	label free sample	NT=Carbamidomethyl;AC=UNIMOD:4;TA=C;MT=Fixed	NT=Trypsin;AC=MS:1001251	not applicable	not applicable	not applicable	Data-independent acquisition	NT=collision-induced dissociation;AC=MS:1000133	not available	15 ppm	15 ppm	NT=time-of-flight;AC=MS:1000084	100m/z	1700m/z	0.65	1.35	350	1150	not available	2023-01-17	1	1	VirusID_SARS-CoV-2_P37_1-17-2023_605.d	v1.1.0	NT=ms-proteomics;VV=v1.1.0	NT=human;VV=v1.1.0	NT=dia-acquisition;VV=v1.1.0	manual curation	COVID-19
PXD055135-Sample-65	Homo sapiens	upper respiratory tract	COVID-19	not available	not available	not available	not available	pooled	pooled	38	VirusID_SARS-CoV-2_P38_1-17-2023_606	proteomic profiling by mass spectrometry	NT=timsTOF HT;AC=MS:1003404	label free sample	NT=Carbamidomethyl;AC=UNIMOD:4;TA=C;MT=Fixed	NT=Trypsin;AC=MS:1001251	not applicable	not applicable	not applicable	Data-independent acquisition	NT=collision-induced dissociation;AC=MS:1000133	not available	15 ppm	15 ppm	NT=time-of-flight;AC=MS:1000084	100m/z	1700m/z	0.65	1.35	350	1150	not available	2023-01-17	1	1	VirusID_SARS-CoV-2_P38_1-17-2023_606.d	v1.1.0	NT=ms-proteomics;VV=v1.1.0	NT=human;VV=v1.1.0	NT=dia-acquisition;VV=v1.1.0	manual curation	COVID-19
PXD055135-Sample-66	Homo sapiens	upper respiratory tract	COVID-19	not available	not available	not available	not available	pooled	pooled	39	VirusID_SARS-CoV-2_P39_1-17-2023_607	proteomic profiling by mass spectrometry	NT=timsTOF HT;AC=MS:1003404	label free sample	NT=Carbamidomethyl;AC=UNIMOD:4;TA=C;MT=Fixed	NT=Trypsin;AC=MS:1001251	not applicable	not applicable	not applicable	Data-independent acquisition	NT=collision-induced dissociation;AC=MS:1000133	not available	15 ppm	15 ppm	NT=time-of-flight;AC=MS:1000084	100m/z	1700m/z	0.65	1.35	350	1150	not available	2023-01-17	1	1	VirusID_SARS-CoV-2_P39_1-17-2023_607.d	v1.1.0	NT=ms-proteomics;VV=v1.1.0	NT=human;VV=v1.1.0	NT=dia-acquisition;VV=v1.1.0	manual curation	COVID-19
PXD055135-Sample-67	Homo sapiens	upper respiratory tract	COVID-19	not available	not available	not available	not available	pooled	pooled	40	VirusID_SARS-CoV-2_P40_1-17-2023_608	proteomic profiling by mass spectrometry	NT=timsTOF HT;AC=MS:1003404	label free sample	NT=Carbamidomethyl;AC=UNIMOD:4;TA=C;MT=Fixed	NT=Trypsin;AC=MS:1001251	not applicable	not applicable	not applicable	Data-independent acquisition	NT=collision-induced dissociation;AC=MS:1000133	not available	15 ppm	15 ppm	NT=time-of-flight;AC=MS:1000084	100m/z	1700m/z	0.65	1.35	350	1150	not available	2023-01-17	1	1	VirusID_SARS-CoV-2_P40_1-17-2023_608.d	v1.1.0	NT=ms-proteomics;VV=v1.1.0	NT=human;VV=v1.1.0	NT=dia-acquisition;VV=v1.1.0	manual curation	COVID-19
PXD055135-Sample-68	Homo sapiens	upper respiratory tract	COVID-19	not available	not available	not available	not available	pooled	pooled	41	VirusID_SARS-CoV-2_P41_1-17-2023_609	proteomic profiling by mass spectrometry	NT=timsTOF HT;AC=MS:1003404	label free sample	NT=Carbamidomethyl;AC=UNIMOD:4;TA=C;MT=Fixed	NT=Trypsin;AC=MS:1001251	not applicable	not applicable	not applicable	Data-independent acquisition	NT=collision-induced dissociation;AC=MS:1000133	not available	15 ppm	15 ppm	NT=time-of-flight;AC=MS:1000084	100m/z	1700m/z	0.65	1.35	350	1150	not available	2023-01-17	1	1	VirusID_SARS-CoV-2_P41_1-17-2023_609.d	v1.1.0	NT=ms-proteomics;VV=v1.1.0	NT=human;VV=v1.1.0	NT=dia-acquisition;VV=v1.1.0	manual curation	COVID-19
PXD055135-Sample-69	Homo sapiens	upper respiratory tract	COVID-19	not available	not available	not available	not available	pooled	pooled	42	VirusID_SARS-CoV-2_P42_1-17-2023_610	proteomic profiling by mass spectrometry	NT=timsTOF HT;AC=MS:1003404	label free sample	NT=Carbamidomethyl;AC=UNIMOD:4;TA=C;MT=Fixed	NT=Trypsin;AC=MS:1001251	not applicable	not applicable	not applicable	Data-independent acquisition	NT=collision-induced dissociation;AC=MS:1000133	not available	15 ppm	15 ppm	NT=time-of-flight;AC=MS:1000084	100m/z	1700m/z	0.65	1.35	350	1150	not available	2023-01-17	1	1	VirusID_SARS-CoV-2_P42_1-17-2023_610.d	v1.1.0	NT=ms-proteomics;VV=v1.1.0	NT=human;VV=v1.1.0	NT=dia-acquisition;VV=v1.1.0	manual curation	COVID-19
PXD055135-Sample-70	Homo sapiens	upper respiratory tract	COVID-19	not available	not available	not available	not available	pooled	pooled	43	VirusID_SARS-CoV-2_P43_1-17-2023_611	proteomic profiling by mass spectrometry	NT=timsTOF HT;AC=MS:1003404	label free sample	NT=Carbamidomethyl;AC=UNIMOD:4;TA=C;MT=Fixed	NT=Trypsin;AC=MS:1001251	not applicable	not applicable	not applicable	Data-independent acquisition	NT=collision-induced dissociation;AC=MS:1000133	not available	15 ppm	15 ppm	NT=time-of-flight;AC=MS:1000084	100m/z	1700m/z	0.65	1.35	350	1150	not available	2023-01-17	1	1	VirusID_SARS-CoV-2_P43_1-17-2023_611.d	v1.1.0	NT=ms-proteomics;VV=v1.1.0	NT=human;VV=v1.1.0	NT=dia-acquisition;VV=v1.1.0	manual curation	COVID-19
PXD055135-Sample-71	Homo sapiens	upper respiratory tract	COVID-19	not available	not available	not available	not available	pooled	pooled	44	VirusID_SARS-CoV-2_P44_1-17-2023_612	proteomic profiling by mass spectrometry	NT=timsTOF HT;AC=MS:1003404	label free sample	NT=Carbamidomethyl;AC=UNIMOD:4;TA=C;MT=Fixed	NT=Trypsin;AC=MS:1001251	not applicable	not applicable	not applicable	Data-independent acquisition	NT=collision-induced dissociation;AC=MS:1000133	not available	15 ppm	15 ppm	NT=time-of-flight;AC=MS:1000084	100m/z	1700m/z	0.65	1.35	350	1150	not available	2023-01-17	1	1	VirusID_SARS-CoV-2_P44_1-17-2023_612.d	v1.1.0	NT=ms-proteomics;VV=v1.1.0	NT=human;VV=v1.1.0	NT=dia-acquisition;VV=v1.1.0	manual curation	COVID-19
PXD055135-Sample-72	Homo sapiens	upper respiratory tract	COVID-19	not available	not available	not available	not available	pooled	pooled	45	VirusID_SARS-CoV-2_P45_1-17-2023_613	proteomic profiling by mass spectrometry	NT=timsTOF HT;AC=MS:1003404	label free sample	NT=Carbamidomethyl;AC=UNIMOD:4;TA=C;MT=Fixed	NT=Trypsin;AC=MS:1001251	not applicable	not applicable	not applicable	Data-independent acquisition	NT=collision-induced dissociation;AC=MS:1000133	not available	15 ppm	15 ppm	NT=time-of-flight;AC=MS:1000084	100m/z	1700m/z	0.65	1.35	350	1150	not available	2023-01-17	1	1	VirusID_SARS-CoV-2_P45_1-17-2023_613.d	v1.1.0	NT=ms-proteomics;VV=v1.1.0	NT=human;VV=v1.1.0	NT=dia-acquisition;VV=v1.1.0	manual curation	COVID-19
PXD055135-Sample-73	Homo sapiens	upper respiratory tract	COVID-19	not available	not available	not available	not available	pooled	pooled	46	VirusID_SARS-CoV-2_P46_1-17-2023_614	proteomic profiling by mass spectrometry	NT=timsTOF HT;AC=MS:1003404	label free sample	NT=Carbamidomethyl;AC=UNIMOD:4;TA=C;MT=Fixed	NT=Trypsin;AC=MS:1001251	not applicable	not applicable	not applicable	Data-independent acquisition	NT=collision-induced dissociation;AC=MS:1000133	not available	15 ppm	15 ppm	NT=time-of-flight;AC=MS:1000084	100m/z	1700m/z	0.65	1.35	350	1150	not available	2023-01-17	1	1	VirusID_SARS-CoV-2_P46_1-17-2023_614.d	v1.1.0	NT=ms-proteomics;VV=v1.1.0	NT=human;VV=v1.1.0	NT=dia-acquisition;VV=v1.1.0	manual curation	COVID-19
PXD055135-Sample-74	Homo sapiens	upper respiratory tract	COVID-19	not available	not available	not available	not available	pooled	pooled	47	VirusID_SARS-CoV-2_P47_1-17-2023_615	proteomic profiling by mass spectrometry	NT=timsTOF HT;AC=MS:1003404	label free sample	NT=Carbamidomethyl;AC=UNIMOD:4;TA=C;MT=Fixed	NT=Trypsin;AC=MS:1001251	not applicable	not applicable	not applicable	Data-independent acquisition	NT=collision-induced dissociation;AC=MS:1000133	not available	15 ppm	15 ppm	NT=time-of-flight;AC=MS:1000084	100m/z	1700m/z	0.65	1.35	350	1150	not available	2023-01-17	1	1	VirusID_SARS-CoV-2_P47_1-17-2023_615.d	v1.1.0	NT=ms-proteomics;VV=v1.1.0	NT=human;VV=v1.1.0	NT=dia-acquisition;VV=v1.1.0	manual curation	COVID-19
PXD055135-Sample-75	Homo sapiens	upper respiratory tract	COVID-19	not available	not available	not available	not available	pooled	pooled	48	VirusID_SARS-CoV-2_P48_1-17-2023_616	proteomic profiling by mass spectrometry	NT=timsTOF HT;AC=MS:1003404	label free sample	NT=Carbamidomethyl;AC=UNIMOD:4;TA=C;MT=Fixed	NT=Trypsin;AC=MS:1001251	not applicable	not applicable	not applicable	Data-independent acquisition	NT=collision-induced dissociation;AC=MS:1000133	not available	15 ppm	15 ppm	NT=time-of-flight;AC=MS:1000084	100m/z	1700m/z	0.65	1.35	350	1150	not available	2023-01-17	1	1	VirusID_SARS-CoV-2_P48_1-17-2023_616.d	v1.1.0	NT=ms-proteomics;VV=v1.1.0	NT=human;VV=v1.1.0	NT=dia-acquisition;VV=v1.1.0	manual curation	COVID-19
PXD055135-Sample-76	Homo sapiens	upper respiratory tract	COVID-19	not available	not available	not available	not available	pooled	pooled	49	VirusID_SARS-CoV-2_P49_1-20-2023_685	proteomic profiling by mass spectrometry	NT=timsTOF HT;AC=MS:1003404	label free sample	NT=Carbamidomethyl;AC=UNIMOD:4;TA=C;MT=Fixed	NT=Trypsin;AC=MS:1001251	not applicable	not applicable	not applicable	Data-independent acquisition	NT=collision-induced dissociation;AC=MS:1000133	not available	15 ppm	15 ppm	NT=time-of-flight;AC=MS:1000084	100m/z	1700m/z	0.65	1.35	350	1150	not available	2023-01-20	1	1	VirusID_SARS-CoV-2_P49_1-20-2023_685.d	v1.1.0	NT=ms-proteomics;VV=v1.1.0	NT=human;VV=v1.1.0	NT=dia-acquisition;VV=v1.1.0	manual curation	COVID-19
PXD055135-Sample-77	Homo sapiens	upper respiratory tract	COVID-19	not available	not available	not available	not available	pooled	pooled	50	VirusID_SARS-CoV-2_P50_1-20-2023_686	proteomic profiling by mass spectrometry	NT=timsTOF HT;AC=MS:1003404	label free sample	NT=Carbamidomethyl;AC=UNIMOD:4;TA=C;MT=Fixed	NT=Trypsin;AC=MS:1001251	not applicable	not applicable	not applicable	Data-independent acquisition	NT=collision-induced dissociation;AC=MS:1000133	not available	15 ppm	15 ppm	NT=time-of-flight;AC=MS:1000084	100m/z	1700m/z	0.65	1.35	350	1150	not available	2023-01-20	1	1	VirusID_SARS-CoV-2_P50_1-20-2023_686.d	v1.1.0	NT=ms-proteomics;VV=v1.1.0	NT=human;VV=v1.1.0	NT=dia-acquisition;VV=v1.1.0	manual curation	COVID-19
PXD055135-Sample-78	Homo sapiens	upper respiratory tract	COVID-19	not available	not available	not available	not available	pooled	pooled	51	VirusID_SARS-CoV-2_D1_1-20-2023_692	proteomic profiling by mass spectrometry	NT=timsTOF HT;AC=MS:1003404	label free sample	NT=Carbamidomethyl;AC=UNIMOD:4;TA=C;MT=Fixed	NT=Trypsin;AC=MS:1001251	not applicable	not applicable	not applicable	Data-independent acquisition	NT=collision-induced dissociation;AC=MS:1000133	not available	15 ppm	15 ppm	NT=time-of-flight;AC=MS:1000084	100m/z	1700m/z	0.65	1.35	350	1150	not available	2023-01-20	1	1	VirusID_SARS-CoV-2_D1_1-20-2023_692.d	v1.1.0	NT=ms-proteomics;VV=v1.1.0	NT=human;VV=v1.1.0	NT=dia-acquisition;VV=v1.1.0	manual curation	COVID-19
PXD055135-Sample-79	Homo sapiens	upper respiratory tract	COVID-19	not available	not available	not available	not available	pooled	pooled	52	VirusID_SARS-CoV-2_D2_1-20-2023_693	proteomic profiling by mass spectrometry	NT=timsTOF HT;AC=MS:1003404	label free sample	NT=Carbamidomethyl;AC=UNIMOD:4;TA=C;MT=Fixed	NT=Trypsin;AC=MS:1001251	not applicable	not applicable	not applicable	Data-independent acquisition	NT=collision-induced dissociation;AC=MS:1000133	not available	15 ppm	15 ppm	NT=time-of-flight;AC=MS:1000084	100m/z	1700m/z	0.65	1.35	350	1150	not available	2023-01-20	1	1	VirusID_SARS-CoV-2_D2_1-20-2023_693.d	v1.1.0	NT=ms-proteomics;VV=v1.1.0	NT=human;VV=v1.1.0	NT=dia-acquisition;VV=v1.1.0	manual curation	COVID-19
PXD055135-Sample-80	Homo sapiens	upper respiratory tract	COVID-19	not available	not available	not available	not available	pooled	pooled	53	VirusID_SARS-CoV-2_D3_1-20-2023_694	proteomic profiling by mass spectrometry	NT=timsTOF HT;AC=MS:1003404	label free sample	NT=Carbamidomethyl;AC=UNIMOD:4;TA=C;MT=Fixed	NT=Trypsin;AC=MS:1001251	not applicable	not applicable	not applicable	Data-independent acquisition	NT=collision-induced dissociation;AC=MS:1000133	not available	15 ppm	15 ppm	NT=time-of-flight;AC=MS:1000084	100m/z	1700m/z	0.65	1.35	350	1150	not available	2023-01-20	1	1	VirusID_SARS-CoV-2_D3_1-20-2023_694.d	v1.1.0	NT=ms-proteomics;VV=v1.1.0	NT=human;VV=v1.1.0	NT=dia-acquisition;VV=v1.1.0	manual curation	COVID-19
PXD055135-Sample-81	Homo sapiens	upper respiratory tract	COVID-19	not available	not available	not available	not available	pooled	pooled	54	VirusID_SARS-CoV-2_D4_1-20-2023_695	proteomic profiling by mass spectrometry	NT=timsTOF HT;AC=MS:1003404	label free sample	NT=Carbamidomethyl;AC=UNIMOD:4;TA=C;MT=Fixed	NT=Trypsin;AC=MS:1001251	not applicable	not applicable	not applicable	Data-independent acquisition	NT=collision-induced dissociation;AC=MS:1000133	not available	15 ppm	15 ppm	NT=time-of-flight;AC=MS:1000084	100m/z	1700m/z	0.65	1.35	350	1150	not available	2023-01-20	1	1	VirusID_SARS-CoV-2_D4_1-20-2023_695.d	v1.1.0	NT=ms-proteomics;VV=v1.1.0	NT=human;VV=v1.1.0	NT=dia-acquisition;VV=v1.1.0	manual curation	COVID-19
PXD055135-Sample-82	Homo sapiens	upper respiratory tract	COVID-19	not available	not available	not available	not available	pooled	pooled	55	VirusID_SARS-CoV-2_O1_1-20-2023_687	proteomic profiling by mass spectrometry	NT=timsTOF HT;AC=MS:1003404	label free sample	NT=Carbamidomethyl;AC=UNIMOD:4;TA=C;MT=Fixed	NT=Trypsin;AC=MS:1001251	not applicable	not applicable	not applicable	Data-independent acquisition	NT=collision-induced dissociation;AC=MS:1000133	not available	15 ppm	15 ppm	NT=time-of-flight;AC=MS:1000084	100m/z	1700m/z	0.65	1.35	350	1150	not available	2023-01-20	1	1	VirusID_SARS-CoV-2_O1_1-20-2023_687.d	v1.1.0	NT=ms-proteomics;VV=v1.1.0	NT=human;VV=v1.1.0	NT=dia-acquisition;VV=v1.1.0	manual curation	COVID-19
PXD055135-Sample-83	Homo sapiens	upper respiratory tract	COVID-19	not available	not available	not available	not available	pooled	pooled	56	VirusID_SARS-CoV-2_O2_1-20-2023_688	proteomic profiling by mass spectrometry	NT=timsTOF HT;AC=MS:1003404	label free sample	NT=Carbamidomethyl;AC=UNIMOD:4;TA=C;MT=Fixed	NT=Trypsin;AC=MS:1001251	not applicable	not applicable	not applicable	Data-independent acquisition	NT=collision-induced dissociation;AC=MS:1000133	not available	15 ppm	15 ppm	NT=time-of-flight;AC=MS:1000084	100m/z	1700m/z	0.65	1.35	350	1150	not available	2023-01-20	1	1	VirusID_SARS-CoV-2_O2_1-20-2023_688.d	v1.1.0	NT=ms-proteomics;VV=v1.1.0	NT=human;VV=v1.1.0	NT=dia-acquisition;VV=v1.1.0	manual curation	COVID-19
PXD055135-Sample-84	Homo sapiens	upper respiratory tract	COVID-19	not available	not available	not available	not available	pooled	pooled	57	VirusID_SARS-CoV-2_O3_1-20-2023_689	proteomic profiling by mass spectrometry	NT=timsTOF HT;AC=MS:1003404	label free sample	NT=Carbamidomethyl;AC=UNIMOD:4;TA=C;MT=Fixed	NT=Trypsin;AC=MS:1001251	not applicable	not applicable	not applicable	Data-independent acquisition	NT=collision-induced dissociation;AC=MS:1000133	not available	15 ppm	15 ppm	NT=time-of-flight;AC=MS:1000084	100m/z	1700m/z	0.65	1.35	350	1150	not available	2023-01-20	1	1	VirusID_SARS-CoV-2_O3_1-20-2023_689.d	v1.1.0	NT=ms-proteomics;VV=v1.1.0	NT=human;VV=v1.1.0	NT=dia-acquisition;VV=v1.1.0	manual curation	COVID-19
PXD055135-Sample-85	Homo sapiens	upper respiratory tract	COVID-19	not available	not available	not available	not available	pooled	pooled	58	VirusID_SARS-CoV-2_O4_1-20-2023_690	proteomic profiling by mass spectrometry	NT=timsTOF HT;AC=MS:1003404	label free sample	NT=Carbamidomethyl;AC=UNIMOD:4;TA=C;MT=Fixed	NT=Trypsin;AC=MS:1001251	not applicable	not applicable	not applicable	Data-independent acquisition	NT=collision-induced dissociation;AC=MS:1000133	not available	15 ppm	15 ppm	NT=time-of-flight;AC=MS:1000084	100m/z	1700m/z	0.65	1.35	350	1150	not available	2023-01-20	1	1	VirusID_SARS-CoV-2_O4_1-20-2023_690.d	v1.1.0	NT=ms-proteomics;VV=v1.1.0	NT=human;VV=v1.1.0	NT=dia-acquisition;VV=v1.1.0	manual curation	COVID-19
PXD055135-Sample-86	Homo sapiens	upper respiratory tract	normal	not available	not available	not available	not available	pooled	pooled	1	VirusID_SARS-CoV-2_N1_1-21-2023_704	proteomic profiling by mass spectrometry	NT=timsTOF HT;AC=MS:1003404	label free sample	NT=Carbamidomethyl;AC=UNIMOD:4;TA=C;MT=Fixed	NT=Trypsin;AC=MS:1001251	not applicable	not applicable	not applicable	Data-independent acquisition	NT=collision-induced dissociation;AC=MS:1000133	not available	15 ppm	15 ppm	NT=time-of-flight;AC=MS:1000084	100m/z	1700m/z	0.65	1.35	350	1150	not available	2023-01-21	1	1	VirusID_SARS-CoV-2_N1_1-21-2023_704.d	v1.1.0	NT=ms-proteomics;VV=v1.1.0	NT=human;VV=v1.1.0	NT=dia-acquisition;VV=v1.1.0	manual curation	normal
PXD055135-Sample-87	Homo sapiens	upper respiratory tract	normal	not available	not available	not available	not available	pooled	pooled	2	VirusID_SARS-CoV-2_N2_1-21-2023_705	proteomic profiling by mass spectrometry	NT=timsTOF HT;AC=MS:1003404	label free sample	NT=Carbamidomethyl;AC=UNIMOD:4;TA=C;MT=Fixed	NT=Trypsin;AC=MS:1001251	not applicable	not applicable	not applicable	Data-independent acquisition	NT=collision-induced dissociation;AC=MS:1000133	not available	15 ppm	15 ppm	NT=time-of-flight;AC=MS:1000084	100m/z	1700m/z	0.65	1.35	350	1150	not available	2023-01-21	1	1	VirusID_SARS-CoV-2_N2_1-21-2023_705.d	v1.1.0	NT=ms-proteomics;VV=v1.1.0	NT=human;VV=v1.1.0	NT=dia-acquisition;VV=v1.1.0	manual curation	normal
PXD055135-Sample-88	Homo sapiens	upper respiratory tract	normal	not available	not available	not available	not available	pooled	pooled	3	VirusID_SARS-CoV-2_N3_1-21-2023_706	proteomic profiling by mass spectrometry	NT=timsTOF HT;AC=MS:1003404	label free sample	NT=Carbamidomethyl;AC=UNIMOD:4;TA=C;MT=Fixed	NT=Trypsin;AC=MS:1001251	not applicable	not applicable	not applicable	Data-independent acquisition	NT=collision-induced dissociation;AC=MS:1000133	not available	15 ppm	15 ppm	NT=time-of-flight;AC=MS:1000084	100m/z	1700m/z	0.65	1.35	350	1150	not available	2023-01-21	1	1	VirusID_SARS-CoV-2_N3_1-21-2023_706.d	v1.1.0	NT=ms-proteomics;VV=v1.1.0	NT=human;VV=v1.1.0	NT=dia-acquisition;VV=v1.1.0	manual curation	normal
PXD055135-Sample-89	Homo sapiens	upper respiratory tract	normal	not available	not available	not available	not available	pooled	pooled	4	VirusID_SARS-CoV-2_N4_1-21-2023_707	proteomic profiling by mass spectrometry	NT=timsTOF HT;AC=MS:1003404	label free sample	NT=Carbamidomethyl;AC=UNIMOD:4;TA=C;MT=Fixed	NT=Trypsin;AC=MS:1001251	not applicable	not applicable	not applicable	Data-independent acquisition	NT=collision-induced dissociation;AC=MS:1000133	not available	15 ppm	15 ppm	NT=time-of-flight;AC=MS:1000084	100m/z	1700m/z	0.65	1.35	350	1150	not available	2023-01-21	1	1	VirusID_SARS-CoV-2_N4_1-21-2023_707.d	v1.1.0	NT=ms-proteomics;VV=v1.1.0	NT=human;VV=v1.1.0	NT=dia-acquisition;VV=v1.1.0	manual curation	normal
PXD055135-Sample-90	Homo sapiens	upper respiratory tract	normal	not available	not available	not available	not available	pooled	pooled	5	VirusID_SARS-CoV-2_N5_1-21-2023_708	proteomic profiling by mass spectrometry	NT=timsTOF HT;AC=MS:1003404	label free sample	NT=Carbamidomethyl;AC=UNIMOD:4;TA=C;MT=Fixed	NT=Trypsin;AC=MS:1001251	not applicable	not applicable	not applicable	Data-independent acquisition	NT=collision-induced dissociation;AC=MS:1000133	not available	15 ppm	15 ppm	NT=time-of-flight;AC=MS:1000084	100m/z	1700m/z	0.65	1.35	350	1150	not available	2023-01-21	1	1	VirusID_SARS-CoV-2_N5_1-21-2023_708.d	v1.1.0	NT=ms-proteomics;VV=v1.1.0	NT=human;VV=v1.1.0	NT=dia-acquisition;VV=v1.1.0	manual curation	normal
PXD055135-Sample-91	Homo sapiens	upper respiratory tract	normal	not available	not available	not available	not available	pooled	pooled	6	VirusID_SARS-CoV-2_N6_1-21-2023_709	proteomic profiling by mass spectrometry	NT=timsTOF HT;AC=MS:1003404	label free sample	NT=Carbamidomethyl;AC=UNIMOD:4;TA=C;MT=Fixed	NT=Trypsin;AC=MS:1001251	not applicable	not applicable	not applicable	Data-independent acquisition	NT=collision-induced dissociation;AC=MS:1000133	not available	15 ppm	15 ppm	NT=time-of-flight;AC=MS:1000084	100m/z	1700m/z	0.65	1.35	350	1150	not available	2023-01-21	1	1	VirusID_SARS-CoV-2_N6_1-21-2023_709.d	v1.1.0	NT=ms-proteomics;VV=v1.1.0	NT=human;VV=v1.1.0	NT=dia-acquisition;VV=v1.1.0	manual curation	normal
PXD055135-Sample-92	Homo sapiens	upper respiratory tract	normal	not available	not available	not available	not available	pooled	pooled	7	VirusID_SARS-CoV-2_N7_1-21-2023_710	proteomic profiling by mass spectrometry	NT=timsTOF HT;AC=MS:1003404	label free sample	NT=Carbamidomethyl;AC=UNIMOD:4;TA=C;MT=Fixed	NT=Trypsin;AC=MS:1001251	not applicable	not applicable	not applicable	Data-independent acquisition	NT=collision-induced dissociation;AC=MS:1000133	not available	15 ppm	15 ppm	NT=time-of-flight;AC=MS:1000084	100m/z	1700m/z	0.65	1.35	350	1150	not available	2023-01-21	1	1	VirusID_SARS-CoV-2_N7_1-21-2023_710.d	v1.1.0	NT=ms-proteomics;VV=v1.1.0	NT=human;VV=v1.1.0	NT=dia-acquisition;VV=v1.1.0	manual curation	normal
PXD055135-Sample-93	Homo sapiens	upper respiratory tract	normal	not available	not available	not available	not available	pooled	pooled	8	VirusID_SARS-CoV-2_N8_1-21-2023_711	proteomic profiling by mass spectrometry	NT=timsTOF HT;AC=MS:1003404	label free sample	NT=Carbamidomethyl;AC=UNIMOD:4;TA=C;MT=Fixed	NT=Trypsin;AC=MS:1001251	not applicable	not applicable	not applicable	Data-independent acquisition	NT=collision-induced dissociation;AC=MS:1000133	not available	15 ppm	15 ppm	NT=time-of-flight;AC=MS:1000084	100m/z	1700m/z	0.65	1.35	350	1150	not available	2023-01-21	1	1	VirusID_SARS-CoV-2_N8_1-21-2023_711.d	v1.1.0	NT=ms-proteomics;VV=v1.1.0	NT=human;VV=v1.1.0	NT=dia-acquisition;VV=v1.1.0	manual curation	normal
