source name	characteristics[organism]	characteristics[organism part]	characteristics[age]	characteristics[developmental stage]	characteristics[cell line]	characteristics[cell type]	characteristics[sex]	characteristics[ancestry category]	characteristics[disease]	characteristics[biological replicate]	material type	characteristics[strain or breed]	characteristics[cellosaurus accession]	assay name	technology type	comment[sdrf version]	comment[sdrf template]	comment[proteomics data acquisition method]	comment[data file]	comment[file uri]	comment[fraction identifier]	comment[technical replicate]	comment[label]	comment[instrument]	comment[modification parameters]	comment[modification parameters]	comment[modification parameters]	comment[cleavage agent details]	comment[dissociation method]	comment[precursor mass tolerance]	comment[fragment mass tolerance]	factor value[cell line]
PXD024364-Sample 14	Homo sapiens	Peripheral vein	not available	not available	GM12878	B-Lymphocyte	not available	White	not available	1	cell	not available	not available	run 401	proteomic profiling by mass spectrometry	v1.1.0	NT=ms-proteomics;VV=v1.1.0	NT=Data-Dependent Acquisition;AC=PRIDE:0000627	20141019_alr_CompleteHumanProteome_GM12878_HCD_LysC_fr12.raw	20141019_alr_CompleteHumanProteome_GM12878_HCD_LysC_fr12.raw	1	1	AC=MS:1002038;NT=label free sample	AC=MS:1002732;NT=Orbitrap Fusion Lumos	NT=Oxidation;MT=Variable;TA=M;AC=UNIMOD:35	NT=Carbamidomethyl;TA=C;MT=Fixed;AC=UNIMOD:4	NT=Acetyl;AC=UNIMOD:1;PP=Protein N-term;MT=Variable	AC=MS:1001309;NT=Lys-C	AC=PRIDE:0000590;NT=HCD	30 ppm	0.4 Da	GM12878
PXD024364-Sample 14	Homo sapiens	Peripheral vein	not available	not available	GM12878	B-Lymphocyte	not available	White	not available	1	cell	not available	not available	run 402	proteomic profiling by mass spectrometry	v1.1.0	NT=ms-proteomics;VV=v1.1.0	NT=Data-Dependent Acquisition;AC=PRIDE:0000627	20141019_alr_CompleteHumanProteome_GM12878_HCD_LysC_fr13.raw	20141019_alr_CompleteHumanProteome_GM12878_HCD_LysC_fr13.raw	2	1	AC=MS:1002038;NT=label free sample	AC=MS:1002732;NT=Orbitrap Fusion Lumos	NT=Oxidation;MT=Variable;TA=M;AC=UNIMOD:35	NT=Carbamidomethyl;TA=C;MT=Fixed;AC=UNIMOD:4	NT=Acetyl;AC=UNIMOD:1;PP=Protein N-term;MT=Variable	AC=MS:1001309;NT=Lys-C	AC=PRIDE:0000590;NT=HCD	30 ppm	0.4 Da	GM12878
PXD024364-Sample 14	Homo sapiens	Peripheral vein	not available	not available	GM12878	B-Lymphocyte	not available	White	not available	1	cell	not available	not available	run 403	proteomic profiling by mass spectrometry	v1.1.0	NT=ms-proteomics;VV=v1.1.0	NT=Data-Dependent Acquisition;AC=PRIDE:0000627	20141019_alr_CompleteHumanProteome_GM12878_HCD_LysC_fr6.raw	20141019_alr_CompleteHumanProteome_GM12878_HCD_LysC_fr6.raw	3	1	AC=MS:1002038;NT=label free sample	AC=MS:1002732;NT=Orbitrap Fusion Lumos	NT=Oxidation;MT=Variable;TA=M;AC=UNIMOD:35	NT=Carbamidomethyl;TA=C;MT=Fixed;AC=UNIMOD:4	NT=Acetyl;AC=UNIMOD:1;PP=Protein N-term;MT=Variable	AC=MS:1001309;NT=Lys-C	AC=PRIDE:0000590;NT=HCD	30 ppm	0.4 Da	GM12878
PXD024364-Sample 14	Homo sapiens	Peripheral vein	not available	not available	GM12878	B-Lymphocyte	not available	White	not available	1	cell	not available	not available	run 405	proteomic profiling by mass spectrometry	v1.1.0	NT=ms-proteomics;VV=v1.1.0	NT=Data-Dependent Acquisition;AC=PRIDE:0000627	20141019_alr_CompleteHumanProteome_GM12878_HCD_LysC_fr7.raw	20141019_alr_CompleteHumanProteome_GM12878_HCD_LysC_fr7.raw	4	1	AC=MS:1002038;NT=label free sample	AC=MS:1002732;NT=Orbitrap Fusion Lumos	NT=Oxidation;MT=Variable;TA=M;AC=UNIMOD:35	NT=Carbamidomethyl;TA=C;MT=Fixed;AC=UNIMOD:4	NT=Acetyl;AC=UNIMOD:1;PP=Protein N-term;MT=Variable	AC=MS:1001309;NT=Lys-C	AC=PRIDE:0000590;NT=HCD	30 ppm	0.4 Da	GM12878
PXD024364-Sample 14	Homo sapiens	Peripheral vein	not available	not available	GM12878	B-Lymphocyte	not available	White	not available	1	cell	not available	not available	run 406	proteomic profiling by mass spectrometry	v1.1.0	NT=ms-proteomics;VV=v1.1.0	NT=Data-Dependent Acquisition;AC=PRIDE:0000627	20141019_alr_CompleteHumanProteome_GM12878_HCD_LysC_fr8.raw	20141019_alr_CompleteHumanProteome_GM12878_HCD_LysC_fr8.raw	5	1	AC=MS:1002038;NT=label free sample	AC=MS:1002732;NT=Orbitrap Fusion Lumos	NT=Oxidation;MT=Variable;TA=M;AC=UNIMOD:35	NT=Carbamidomethyl;TA=C;MT=Fixed;AC=UNIMOD:4	NT=Acetyl;AC=UNIMOD:1;PP=Protein N-term;MT=Variable	AC=MS:1001309;NT=Lys-C	AC=PRIDE:0000590;NT=HCD	30 ppm	0.4 Da	GM12878
PXD024364-Sample 14	Homo sapiens	Peripheral vein	not available	not available	GM12878	B-Lymphocyte	not available	White	not available	1	cell	not available	not available	run 408	proteomic profiling by mass spectrometry	v1.1.0	NT=ms-proteomics;VV=v1.1.0	NT=Data-Dependent Acquisition;AC=PRIDE:0000627	20141029_alr_CompleteHumanProteome_GM12878_LysC_HCD_fr10.raw	20141029_alr_CompleteHumanProteome_GM12878_LysC_HCD_fr10.raw	6	1	AC=MS:1002038;NT=label free sample	AC=MS:1002732;NT=Orbitrap Fusion Lumos	NT=Oxidation;MT=Variable;TA=M;AC=UNIMOD:35	NT=Carbamidomethyl;TA=C;MT=Fixed;AC=UNIMOD:4	NT=Acetyl;AC=UNIMOD:1;PP=Protein N-term;MT=Variable	AC=MS:1001309;NT=Lys-C	AC=PRIDE:0000590;NT=HCD	30 ppm	0.4 Da	GM12878
PXD024364-Sample 14	Homo sapiens	Peripheral vein	not available	not available	GM12878	B-Lymphocyte	not available	White	not available	1	cell	not available	not available	run 409	proteomic profiling by mass spectrometry	v1.1.0	NT=ms-proteomics;VV=v1.1.0	NT=Data-Dependent Acquisition;AC=PRIDE:0000627	20141029_alr_CompleteHumanProteome_GM12878_LysC_HCD_fr11.raw	20141029_alr_CompleteHumanProteome_GM12878_LysC_HCD_fr11.raw	7	1	AC=MS:1002038;NT=label free sample	AC=MS:1002732;NT=Orbitrap Fusion Lumos	NT=Oxidation;MT=Variable;TA=M;AC=UNIMOD:35	NT=Carbamidomethyl;TA=C;MT=Fixed;AC=UNIMOD:4	NT=Acetyl;AC=UNIMOD:1;PP=Protein N-term;MT=Variable	AC=MS:1001309;NT=Lys-C	AC=PRIDE:0000590;NT=HCD	30 ppm	0.4 Da	GM12878
PXD024364-Sample 14	Homo sapiens	Peripheral vein	not available	not available	GM12878	B-Lymphocyte	not available	White	not available	1	cell	not available	not available	run 410	proteomic profiling by mass spectrometry	v1.1.0	NT=ms-proteomics;VV=v1.1.0	NT=Data-Dependent Acquisition;AC=PRIDE:0000627	20141029_alr_CompleteHumanProteome_GM12878_LysC_HCD_fr14.raw	20141029_alr_CompleteHumanProteome_GM12878_LysC_HCD_fr14.raw	8	1	AC=MS:1002038;NT=label free sample	AC=MS:1002732;NT=Orbitrap Fusion Lumos	NT=Oxidation;MT=Variable;TA=M;AC=UNIMOD:35	NT=Carbamidomethyl;TA=C;MT=Fixed;AC=UNIMOD:4	NT=Acetyl;AC=UNIMOD:1;PP=Protein N-term;MT=Variable	AC=MS:1001309;NT=Lys-C	AC=PRIDE:0000590;NT=HCD	30 ppm	0.4 Da	GM12878
PXD024364-Sample 14	Homo sapiens	Peripheral vein	not available	not available	GM12878	B-Lymphocyte	not available	White	not available	1	cell	not available	not available	run 412	proteomic profiling by mass spectrometry	v1.1.0	NT=ms-proteomics;VV=v1.1.0	NT=Data-Dependent Acquisition;AC=PRIDE:0000627	20141029_alr_CompleteHumanProteome_GM12878_LysC_HCD_fr15.raw	20141029_alr_CompleteHumanProteome_GM12878_LysC_HCD_fr15.raw	9	1	AC=MS:1002038;NT=label free sample	AC=MS:1002732;NT=Orbitrap Fusion Lumos	NT=Oxidation;MT=Variable;TA=M;AC=UNIMOD:35	NT=Carbamidomethyl;TA=C;MT=Fixed;AC=UNIMOD:4	NT=Acetyl;AC=UNIMOD:1;PP=Protein N-term;MT=Variable	AC=MS:1001309;NT=Lys-C	AC=PRIDE:0000590;NT=HCD	30 ppm	0.4 Da	GM12878
PXD024364-Sample 14	Homo sapiens	Peripheral vein	not available	not available	GM12878	B-Lymphocyte	not available	White	not available	1	cell	not available	not available	run 413	proteomic profiling by mass spectrometry	v1.1.0	NT=ms-proteomics;VV=v1.1.0	NT=Data-Dependent Acquisition;AC=PRIDE:0000627	20141029_alr_CompleteHumanProteome_GM12878_LysC_HCD_fr17_141031155246.raw	20141029_alr_CompleteHumanProteome_GM12878_LysC_HCD_fr17_141031155246.raw	10	1	AC=MS:1002038;NT=label free sample	AC=MS:1002732;NT=Orbitrap Fusion Lumos	NT=Oxidation;MT=Variable;TA=M;AC=UNIMOD:35	NT=Carbamidomethyl;TA=C;MT=Fixed;AC=UNIMOD:4	NT=Acetyl;AC=UNIMOD:1;PP=Protein N-term;MT=Variable	AC=MS:1001309;NT=Lys-C	AC=PRIDE:0000590;NT=HCD	30 ppm	0.4 Da	GM12878
PXD024364-Sample 14	Homo sapiens	Peripheral vein	not available	not available	GM12878	B-Lymphocyte	not available	White	not available	1	cell	not available	not available	run 414	proteomic profiling by mass spectrometry	v1.1.0	NT=ms-proteomics;VV=v1.1.0	NT=Data-Dependent Acquisition;AC=PRIDE:0000627	20141029_alr_CompleteHumanProteome_GM12878_LysC_HCD_fr18.raw	20141029_alr_CompleteHumanProteome_GM12878_LysC_HCD_fr18.raw	11	1	AC=MS:1002038;NT=label free sample	AC=MS:1002732;NT=Orbitrap Fusion Lumos	NT=Oxidation;MT=Variable;TA=M;AC=UNIMOD:35	NT=Carbamidomethyl;TA=C;MT=Fixed;AC=UNIMOD:4	NT=Acetyl;AC=UNIMOD:1;PP=Protein N-term;MT=Variable	AC=MS:1001309;NT=Lys-C	AC=PRIDE:0000590;NT=HCD	30 ppm	0.4 Da	GM12878
PXD024364-Sample 14	Homo sapiens	Peripheral vein	not available	not available	GM12878	B-Lymphocyte	not available	White	not available	1	cell	not available	not available	run 416	proteomic profiling by mass spectrometry	v1.1.0	NT=ms-proteomics;VV=v1.1.0	NT=Data-Dependent Acquisition;AC=PRIDE:0000627	20141029_alr_CompleteHumanProteome_GM12878_LysC_HCD_fr19.raw	20141029_alr_CompleteHumanProteome_GM12878_LysC_HCD_fr19.raw	12	1	AC=MS:1002038;NT=label free sample	AC=MS:1002732;NT=Orbitrap Fusion Lumos	NT=Oxidation;MT=Variable;TA=M;AC=UNIMOD:35	NT=Carbamidomethyl;TA=C;MT=Fixed;AC=UNIMOD:4	NT=Acetyl;AC=UNIMOD:1;PP=Protein N-term;MT=Variable	AC=MS:1001309;NT=Lys-C	AC=PRIDE:0000590;NT=HCD	30 ppm	0.4 Da	GM12878
PXD024364-Sample 14	Homo sapiens	Peripheral vein	not available	not available	GM12878	B-Lymphocyte	not available	White	not available	1	cell	not available	not available	run 417	proteomic profiling by mass spectrometry	v1.1.0	NT=ms-proteomics;VV=v1.1.0	NT=Data-Dependent Acquisition;AC=PRIDE:0000627	20141029_alr_CompleteHumanProteome_GM12878_LysC_HCD_fr1.raw	20141029_alr_CompleteHumanProteome_GM12878_LysC_HCD_fr1.raw	13	1	AC=MS:1002038;NT=label free sample	AC=MS:1002732;NT=Orbitrap Fusion Lumos	NT=Oxidation;MT=Variable;TA=M;AC=UNIMOD:35	NT=Carbamidomethyl;TA=C;MT=Fixed;AC=UNIMOD:4	NT=Acetyl;AC=UNIMOD:1;PP=Protein N-term;MT=Variable	AC=MS:1001309;NT=Lys-C	AC=PRIDE:0000590;NT=HCD	30 ppm	0.4 Da	GM12878
PXD024364-Sample 14	Homo sapiens	Peripheral vein	not available	not available	GM12878	B-Lymphocyte	not available	White	not available	1	cell	not available	not available	run 418	proteomic profiling by mass spectrometry	v1.1.0	NT=ms-proteomics;VV=v1.1.0	NT=Data-Dependent Acquisition;AC=PRIDE:0000627	20141029_alr_CompleteHumanProteome_GM12878_LysC_HCD_fr21.raw	20141029_alr_CompleteHumanProteome_GM12878_LysC_HCD_fr21.raw	14	1	AC=MS:1002038;NT=label free sample	AC=MS:1002732;NT=Orbitrap Fusion Lumos	NT=Oxidation;MT=Variable;TA=M;AC=UNIMOD:35	NT=Carbamidomethyl;TA=C;MT=Fixed;AC=UNIMOD:4	NT=Acetyl;AC=UNIMOD:1;PP=Protein N-term;MT=Variable	AC=MS:1001309;NT=Lys-C	AC=PRIDE:0000590;NT=HCD	30 ppm	0.4 Da	GM12878
PXD024364-Sample 14	Homo sapiens	Peripheral vein	not available	not available	GM12878	B-Lymphocyte	not available	White	not available	1	cell	not available	not available	run 420	proteomic profiling by mass spectrometry	v1.1.0	NT=ms-proteomics;VV=v1.1.0	NT=Data-Dependent Acquisition;AC=PRIDE:0000627	20141029_alr_CompleteHumanProteome_GM12878_LysC_HCD_fr24.raw	20141029_alr_CompleteHumanProteome_GM12878_LysC_HCD_fr24.raw	15	1	AC=MS:1002038;NT=label free sample	AC=MS:1002732;NT=Orbitrap Fusion Lumos	NT=Oxidation;MT=Variable;TA=M;AC=UNIMOD:35	NT=Carbamidomethyl;TA=C;MT=Fixed;AC=UNIMOD:4	NT=Acetyl;AC=UNIMOD:1;PP=Protein N-term;MT=Variable	AC=MS:1001309;NT=Lys-C	AC=PRIDE:0000590;NT=HCD	30 ppm	0.4 Da	GM12878
PXD024364-Sample 14	Homo sapiens	Peripheral vein	not available	not available	GM12878	B-Lymphocyte	not available	White	not available	1	cell	not available	not available	run 421	proteomic profiling by mass spectrometry	v1.1.0	NT=ms-proteomics;VV=v1.1.0	NT=Data-Dependent Acquisition;AC=PRIDE:0000627	20141029_alr_CompleteHumanProteome_GM12878_LysC_HCD_fr2.raw	20141029_alr_CompleteHumanProteome_GM12878_LysC_HCD_fr2.raw	16	1	AC=MS:1002038;NT=label free sample	AC=MS:1002732;NT=Orbitrap Fusion Lumos	NT=Oxidation;MT=Variable;TA=M;AC=UNIMOD:35	NT=Carbamidomethyl;TA=C;MT=Fixed;AC=UNIMOD:4	NT=Acetyl;AC=UNIMOD:1;PP=Protein N-term;MT=Variable	AC=MS:1001309;NT=Lys-C	AC=PRIDE:0000590;NT=HCD	30 ppm	0.4 Da	GM12878
PXD024364-Sample 14	Homo sapiens	Peripheral vein	not available	not available	GM12878	B-Lymphocyte	not available	White	not available	1	cell	not available	not available	run 422	proteomic profiling by mass spectrometry	v1.1.0	NT=ms-proteomics;VV=v1.1.0	NT=Data-Dependent Acquisition;AC=PRIDE:0000627	20141029_alr_CompleteHumanProteome_GM12878_LysC_HCD_fr3.raw	20141029_alr_CompleteHumanProteome_GM12878_LysC_HCD_fr3.raw	17	1	AC=MS:1002038;NT=label free sample	AC=MS:1002732;NT=Orbitrap Fusion Lumos	NT=Oxidation;MT=Variable;TA=M;AC=UNIMOD:35	NT=Carbamidomethyl;TA=C;MT=Fixed;AC=UNIMOD:4	NT=Acetyl;AC=UNIMOD:1;PP=Protein N-term;MT=Variable	AC=MS:1001309;NT=Lys-C	AC=PRIDE:0000590;NT=HCD	30 ppm	0.4 Da	GM12878
PXD024364-Sample 14	Homo sapiens	Peripheral vein	not available	not available	GM12878	B-Lymphocyte	not available	White	not available	1	cell	not available	not available	run 424	proteomic profiling by mass spectrometry	v1.1.0	NT=ms-proteomics;VV=v1.1.0	NT=Data-Dependent Acquisition;AC=PRIDE:0000627	20141029_alr_CompleteHumanProteome_GM12878_LysC_HCD_fr9.raw	20141029_alr_CompleteHumanProteome_GM12878_LysC_HCD_fr9.raw	18	1	AC=MS:1002038;NT=label free sample	AC=MS:1002732;NT=Orbitrap Fusion Lumos	NT=Oxidation;MT=Variable;TA=M;AC=UNIMOD:35	NT=Carbamidomethyl;TA=C;MT=Fixed;AC=UNIMOD:4	NT=Acetyl;AC=UNIMOD:1;PP=Protein N-term;MT=Variable	AC=MS:1001309;NT=Lys-C	AC=PRIDE:0000590;NT=HCD	30 ppm	0.4 Da	GM12878
PXD024364-Sample 14	Homo sapiens	Peripheral vein	not available	not available	GM12878	B-Lymphocyte	not available	White	not available	1	cell	not available	not available	run 426	proteomic profiling by mass spectrometry	v1.1.0	NT=ms-proteomics;VV=v1.1.0	NT=Data-Dependent Acquisition;AC=PRIDE:0000627	20151128_alr_CompleteHumanProteome_HUVEC_HCD_LysC_fr10.raw	20151128_alr_CompleteHumanProteome_HUVEC_HCD_LysC_fr10.raw	19	1	AC=MS:1002038;NT=label free sample	AC=MS:1002732;NT=Orbitrap Fusion Lumos	NT=Oxidation;MT=Variable;TA=M;AC=UNIMOD:35	NT=Carbamidomethyl;TA=C;MT=Fixed;AC=UNIMOD:4	NT=Acetyl;AC=UNIMOD:1;PP=Protein N-term;MT=Variable	AC=MS:1001309;NT=Lys-C	AC=PRIDE:0000590;NT=HCD	30 ppm	0.4 Da	GM12878
PXD024364-Sample 14	Homo sapiens	Peripheral vein	not available	not available	GM12878	B-Lymphocyte	not available	White	not available	1	cell	not available	not available	run 429	proteomic profiling by mass spectrometry	v1.1.0	NT=ms-proteomics;VV=v1.1.0	NT=Data-Dependent Acquisition;AC=PRIDE:0000627	20151128_alr_CompleteHumanProteome_HUVEC_HCD_LysC_fr11.raw	20151128_alr_CompleteHumanProteome_HUVEC_HCD_LysC_fr11.raw	20	1	AC=MS:1002038;NT=label free sample	AC=MS:1002732;NT=Orbitrap Fusion Lumos	NT=Oxidation;MT=Variable;TA=M;AC=UNIMOD:35	NT=Carbamidomethyl;TA=C;MT=Fixed;AC=UNIMOD:4	NT=Acetyl;AC=UNIMOD:1;PP=Protein N-term;MT=Variable	AC=MS:1001309;NT=Lys-C	AC=PRIDE:0000590;NT=HCD	30 ppm	0.4 Da	GM12878
PXD024364-Sample 14	Homo sapiens	Peripheral vein	not available	not available	GM12878	B-Lymphocyte	not available	White	not available	1	cell	not available	not available	run 431	proteomic profiling by mass spectrometry	v1.1.0	NT=ms-proteomics;VV=v1.1.0	NT=Data-Dependent Acquisition;AC=PRIDE:0000627	20151128_alr_CompleteHumanProteome_HUVEC_HCD_LysC_fr12.raw	20151128_alr_CompleteHumanProteome_HUVEC_HCD_LysC_fr12.raw	21	1	AC=MS:1002038;NT=label free sample	AC=MS:1002732;NT=Orbitrap Fusion Lumos	NT=Oxidation;MT=Variable;TA=M;AC=UNIMOD:35	NT=Carbamidomethyl;TA=C;MT=Fixed;AC=UNIMOD:4	NT=Acetyl;AC=UNIMOD:1;PP=Protein N-term;MT=Variable	AC=MS:1001309;NT=Lys-C	AC=PRIDE:0000590;NT=HCD	30 ppm	0.4 Da	GM12878
PXD024364-Sample 14	Homo sapiens	Peripheral vein	not available	not available	GM12878	B-Lymphocyte	not available	White	not available	1	cell	not available	not available	run 433	proteomic profiling by mass spectrometry	v1.1.0	NT=ms-proteomics;VV=v1.1.0	NT=Data-Dependent Acquisition;AC=PRIDE:0000627	20151128_alr_CompleteHumanProteome_HUVEC_HCD_LysC_fr13.raw	20151128_alr_CompleteHumanProteome_HUVEC_HCD_LysC_fr13.raw	22	1	AC=MS:1002038;NT=label free sample	AC=MS:1002732;NT=Orbitrap Fusion Lumos	NT=Oxidation;MT=Variable;TA=M;AC=UNIMOD:35	NT=Carbamidomethyl;TA=C;MT=Fixed;AC=UNIMOD:4	NT=Acetyl;AC=UNIMOD:1;PP=Protein N-term;MT=Variable	AC=MS:1001309;NT=Lys-C	AC=PRIDE:0000590;NT=HCD	30 ppm	0.4 Da	GM12878
PXD024364-Sample 14	Homo sapiens	Peripheral vein	not available	not available	GM12878	B-Lymphocyte	not available	White	not available	1	cell	not available	not available	run 434	proteomic profiling by mass spectrometry	v1.1.0	NT=ms-proteomics;VV=v1.1.0	NT=Data-Dependent Acquisition;AC=PRIDE:0000627	20151128_alr_CompleteHumanProteome_HUVEC_HCD_LysC_fr14.raw	20151128_alr_CompleteHumanProteome_HUVEC_HCD_LysC_fr14.raw	23	1	AC=MS:1002038;NT=label free sample	AC=MS:1002732;NT=Orbitrap Fusion Lumos	NT=Oxidation;MT=Variable;TA=M;AC=UNIMOD:35	NT=Carbamidomethyl;TA=C;MT=Fixed;AC=UNIMOD:4	NT=Acetyl;AC=UNIMOD:1;PP=Protein N-term;MT=Variable	AC=MS:1001309;NT=Lys-C	AC=PRIDE:0000590;NT=HCD	30 ppm	0.4 Da	GM12878
PXD024364-Sample 14	Homo sapiens	Peripheral vein	not available	not available	GM12878	B-Lymphocyte	not available	White	not available	1	cell	not available	not available	run 435	proteomic profiling by mass spectrometry	v1.1.0	NT=ms-proteomics;VV=v1.1.0	NT=Data-Dependent Acquisition;AC=PRIDE:0000627	20151128_alr_CompleteHumanProteome_HUVEC_HCD_LysC_fr15.raw	20151128_alr_CompleteHumanProteome_HUVEC_HCD_LysC_fr15.raw	24	1	AC=MS:1002038;NT=label free sample	AC=MS:1002732;NT=Orbitrap Fusion Lumos	NT=Oxidation;MT=Variable;TA=M;AC=UNIMOD:35	NT=Carbamidomethyl;TA=C;MT=Fixed;AC=UNIMOD:4	NT=Acetyl;AC=UNIMOD:1;PP=Protein N-term;MT=Variable	AC=MS:1001309;NT=Lys-C	AC=PRIDE:0000590;NT=HCD	30 ppm	0.4 Da	GM12878
PXD024364-Sample 14	Homo sapiens	Peripheral vein	not available	not available	GM12878	B-Lymphocyte	not available	White	not available	1	cell	not available	not available	run 437	proteomic profiling by mass spectrometry	v1.1.0	NT=ms-proteomics;VV=v1.1.0	NT=Data-Dependent Acquisition;AC=PRIDE:0000627	20151128_alr_CompleteHumanProteome_HUVEC_HCD_LysC_fr16.raw	20151128_alr_CompleteHumanProteome_HUVEC_HCD_LysC_fr16.raw	25	1	AC=MS:1002038;NT=label free sample	AC=MS:1002732;NT=Orbitrap Fusion Lumos	NT=Oxidation;MT=Variable;TA=M;AC=UNIMOD:35	NT=Carbamidomethyl;TA=C;MT=Fixed;AC=UNIMOD:4	NT=Acetyl;AC=UNIMOD:1;PP=Protein N-term;MT=Variable	AC=MS:1001309;NT=Lys-C	AC=PRIDE:0000590;NT=HCD	30 ppm	0.4 Da	GM12878
PXD024364-Sample 14	Homo sapiens	Peripheral vein	not available	not available	GM12878	B-Lymphocyte	not available	White	not available	1	cell	not available	not available	run 438	proteomic profiling by mass spectrometry	v1.1.0	NT=ms-proteomics;VV=v1.1.0	NT=Data-Dependent Acquisition;AC=PRIDE:0000627	20151128_alr_CompleteHumanProteome_HUVEC_HCD_LysC_fr17.raw	20151128_alr_CompleteHumanProteome_HUVEC_HCD_LysC_fr17.raw	26	1	AC=MS:1002038;NT=label free sample	AC=MS:1002732;NT=Orbitrap Fusion Lumos	NT=Oxidation;MT=Variable;TA=M;AC=UNIMOD:35	NT=Carbamidomethyl;TA=C;MT=Fixed;AC=UNIMOD:4	NT=Acetyl;AC=UNIMOD:1;PP=Protein N-term;MT=Variable	AC=MS:1001309;NT=Lys-C	AC=PRIDE:0000590;NT=HCD	30 ppm	0.4 Da	GM12878
PXD024364-Sample 14	Homo sapiens	Peripheral vein	not available	not available	GM12878	B-Lymphocyte	not available	White	not available	1	cell	not available	not available	run 439	proteomic profiling by mass spectrometry	v1.1.0	NT=ms-proteomics;VV=v1.1.0	NT=Data-Dependent Acquisition;AC=PRIDE:0000627	20151128_alr_CompleteHumanProteome_HUVEC_HCD_LysC_fr18.raw	20151128_alr_CompleteHumanProteome_HUVEC_HCD_LysC_fr18.raw	27	1	AC=MS:1002038;NT=label free sample	AC=MS:1002732;NT=Orbitrap Fusion Lumos	NT=Oxidation;MT=Variable;TA=M;AC=UNIMOD:35	NT=Carbamidomethyl;TA=C;MT=Fixed;AC=UNIMOD:4	NT=Acetyl;AC=UNIMOD:1;PP=Protein N-term;MT=Variable	AC=MS:1001309;NT=Lys-C	AC=PRIDE:0000590;NT=HCD	30 ppm	0.4 Da	GM12878
PXD024364-Sample 14	Homo sapiens	Peripheral vein	not available	not available	GM12878	B-Lymphocyte	not available	White	not available	1	cell	not available	not available	run 440	proteomic profiling by mass spectrometry	v1.1.0	NT=ms-proteomics;VV=v1.1.0	NT=Data-Dependent Acquisition;AC=PRIDE:0000627	20160126_alr_CompleteHumanProteome_K562_LysC_HCD_fr16.raw	20160126_alr_CompleteHumanProteome_K562_LysC_HCD_fr16.raw	28	1	AC=MS:1002038;NT=label free sample	AC=MS:1002732;NT=Orbitrap Fusion Lumos	NT=Oxidation;MT=Variable;TA=M;AC=UNIMOD:35	NT=Carbamidomethyl;TA=C;MT=Fixed;AC=UNIMOD:4	NT=Acetyl;AC=UNIMOD:1;PP=Protein N-term;MT=Variable	AC=MS:1001309;NT=Lys-C	AC=PRIDE:0000590;NT=HCD	30 ppm	0.4 Da	GM12878
PXD024364-Sample 14	Homo sapiens	Peripheral vein	not available	not available	GM12878	B-Lymphocyte	not available	White	not available	1	cell	not available	not available	run 441	proteomic profiling by mass spectrometry	v1.1.0	NT=ms-proteomics;VV=v1.1.0	NT=Data-Dependent Acquisition;AC=PRIDE:0000627	20160126_alr_CompleteHumanProteome_K562_LysC_HCD_fr17.raw	20160126_alr_CompleteHumanProteome_K562_LysC_HCD_fr17.raw	29	1	AC=MS:1002038;NT=label free sample	AC=MS:1002732;NT=Orbitrap Fusion Lumos	NT=Oxidation;MT=Variable;TA=M;AC=UNIMOD:35	NT=Carbamidomethyl;TA=C;MT=Fixed;AC=UNIMOD:4	NT=Acetyl;AC=UNIMOD:1;PP=Protein N-term;MT=Variable	AC=MS:1001309;NT=Lys-C	AC=PRIDE:0000590;NT=HCD	30 ppm	0.4 Da	GM12878
PXD024364-Sample 14	Homo sapiens	Peripheral vein	not available	not available	GM12878	B-Lymphocyte	not available	White	not available	1	cell	not available	not available	run 443	proteomic profiling by mass spectrometry	v1.1.0	NT=ms-proteomics;VV=v1.1.0	NT=Data-Dependent Acquisition;AC=PRIDE:0000627	20160126_alr_CompleteHumanProteome_K562_LysC_HCD_fr23.raw	20160126_alr_CompleteHumanProteome_K562_LysC_HCD_fr23.raw	30	1	AC=MS:1002038;NT=label free sample	AC=MS:1002732;NT=Orbitrap Fusion Lumos	NT=Oxidation;MT=Variable;TA=M;AC=UNIMOD:35	NT=Carbamidomethyl;TA=C;MT=Fixed;AC=UNIMOD:4	NT=Acetyl;AC=UNIMOD:1;PP=Protein N-term;MT=Variable	AC=MS:1001309;NT=Lys-C	AC=PRIDE:0000590;NT=HCD	30 ppm	0.4 Da	GM12878
